source_id,target_id,rel_type,rel_subtype,rel_desc_chn,direction,year_start,year_end,weight,evidence_level,source_ref,cbdb_assoc_code,cbdb_role_type,source_table,c_source,c_pages,c_sequence,c_text_title,orig_personid,orig_assoc_id
3130,11605,SOCIAL,SO_GIFT_POETRY,贈詩、文,directed,,,0.5,primary,唐五代人交往詩索引,437,A,ASSOC_DATA,40303,257,,[n/a],3130,11605
3130,11605,SOCIAL,SO_GIFT_POETRY,收到Y的贈詩、文,directed,,,0.5,primary,唐五代人交往詩索引,438,P,ASSOC_DATA,40303,257,,[n/a],11605,3130
3130,19244,SOCIAL,SO_GIFT_POETRY,贈詩、文,directed,,,0.5,primary,唐五代人交往詩索引,437,A,ASSOC_DATA,40303,256,,[n/a],3130,19244
3130,19244,SOCIAL,SO_GIFT_POETRY,收到Y的贈詩、文,directed,,,0.5,primary,唐五代人交往詩索引,438,P,ASSOC_DATA,40303,256,,[n/a],19244,3130
3130,26935,SOCIAL,SO_GIFT_POETRY,贈詩、文,directed,,,0.5,primary,唐五代人交往詩索引,437,A,ASSOC_DATA,40303,257,,[n/a],3130,26935
3130,26935,SOCIAL,SO_GIFT_POETRY,收到Y的贈詩、文,directed,,,0.5,primary,唐五代人交往詩索引,438,P,ASSOC_DATA,40303,257,,[n/a],26935,3130
3130,31407,LITERARY,LI_EPITAPH,為Y作墓誌銘,directed,732,,0.4,unsourced,,44,A,ASSOC_DATA,,,0,[n/a],3130,31407
3130,31407,SOCIAL,SO_GIFT_POETRY,贈詩、文,directed,,,0.5,primary,唐五代人交往詩索引,437,A,ASSOC_DATA,40303,254,,[n/a],3130,31407
3130,31407,LITERARY,LI_EPITAPH,墓誌銘由Y所作,directed,726,,0.4,unsourced,,43,P,ASSOC_DATA,,,0,[n/a],31407,3130
3130,31407,SOCIAL,SO_GIFT_POETRY,收到Y的贈詩、文,directed,,,0.5,primary,唐五代人交往詩索引,438,P,ASSOC_DATA,40303,254,,[n/a],31407,3130
3130,32174,COLLEAGUE,CL_RECOMMEND,推薦,directed,735,,0.7,primary,王維年譜,13,A,ASSOC_DATA,60019,63,18,[n/a],3130,32174
3130,32174,SOCIAL,SO_CHANGHE,相唱和,undirected,737,,0.6,primary,王維年譜,114,M,ASSOC_DATA,60019,68,20,[n/a],3130,32174
3130,32174,COLLEAGUE,CL_RECOMMEND,被Y推薦,directed,735,,0.7,primary,王維年譜,14,P,ASSOC_DATA,60019,63,18,[n/a],32174,3130
3130,32174,SOCIAL,SO_CHANGHE,相唱和,undirected,737,,0.6,primary,王維年譜,114,M,ASSOC_DATA,60019,68,20,[n/a],32174,3130
3130,32534,SOCIAL,SO_GIFT_POETRY,贈詩、文,directed,,,0.5,primary,唐五代人交往詩索引,437,A,ASSOC_DATA,40303,255,,[n/a],3130,32534
3130,32534,SOCIAL,SO_GIFT_POETRY,收到Y的贈詩、文,directed,,,0.5,primary,唐五代人交往詩索引,438,P,ASSOC_DATA,40303,255,,[n/a],32534,3130
3130,32847,POLITICAL,PO_ADMIRE,欣賞/器重,directed,732,,0.5,unsourced,,18,A,ASSOC_DATA,,,0,[n/a],3130,32847
3130,32847,POLITICAL,PO_ADMIRE,被Y欣賞/器重,directed,781,,0.5,unsourced,,17,P,ASSOC_DATA,,,0,[n/a],32847,3130
3130,92452,SOCIAL,SO_GIFT_POETRY,贈詩、文,directed,,,0.5,primary,唐五代人交往詩索引,437,A,ASSOC_DATA,40303,255,,[n/a],3130,92452
3130,92452,SOCIAL,SO_GIFT_POETRY,收到Y的贈詩、文,directed,,,0.5,primary,唐五代人交往詩索引,438,P,ASSOC_DATA,40303,255,,[n/a],92452,3130
3332,3605,SOCIAL,SO_FRIEND,友,undirected,,,0.6,primary,人名權威資料（中央研究院歷史語言研究所）,9,M,ASSOC_DATA,9602,18182,,[n/a],3332,3605
3332,3605,LITERARY,LI_EPITAPH,為Y作墓誌銘,directed,,,0.4,unsourced,,44,A,ASSOC_DATA,,,,[n/a],3332,3605
3332,3605,COLLEAGUE,CL_TONGLIAO,同僚,undirected,803,,0.8,unsourced,,197,M,ASSOC_DATA,,,,[n/a],3332,3605
3332,3605,SOCIAL,SO_GIFT_POETRY,贈詩、文,directed,,,0.5,primary,唐五代人交往詩索引,437,A,ASSOC_DATA,40303,1048,,[n/a],3332,3605
3332,3605,SOCIAL,SO_FRIEND,友,undirected,,,0.6,primary,人名權威資料（中央研究院歷史語言研究所）,9,M,ASSOC_DATA,9602,18228,,[n/a],3605,3332
3332,3605,LITERARY,LI_EPITAPH,墓誌銘由Y所作,directed,,,0.4,unsourced,,43,P,ASSOC_DATA,,,,[n/a],3605,3332
3332,3605,COLLEAGUE,CL_TONGLIAO,同僚,undirected,803,,0.8,unsourced,,197,M,ASSOC_DATA,,,,[n/a],3605,3332
3332,3605,SOCIAL,SO_GIFT_POETRY,收到Y的贈詩、文,directed,,,0.5,primary,唐五代人交往詩索引,438,P,ASSOC_DATA,40303,1048,,[n/a],3605,3332
3332,3915,SOCIAL,SO_GIFT_POETRY,贈詩、文,directed,,,0.5,primary,唐五代人交往詩索引,437,A,ASSOC_DATA,40303,1048,,[n/a],3332,3915
3332,3915,SOCIAL,SO_GIFT_POETRY,收到Y的贈詩、文,directed,,,0.5,primary,唐五代人交往詩索引,438,P,ASSOC_DATA,40303,1048,,[n/a],3915,3332
3332,13575,SOCIAL,SO_FRIEND,友,undirected,,,0.6,primary,人名權威資料（中央研究院歷史語言研究所）,9,M,ASSOC_DATA,9602,18182,,[n/a],3332,13575
3332,13575,COLLEAGUE,CL_RECOMMEND,推薦,directed,824,,0.7,unsourced,,13,A,ASSOC_DATA,,,0,[n/a],3332,13575
3332,13575,SOCIAL,SO_GIFT_POETRY,贈詩、文,directed,,,0.5,primary,唐五代人交往詩索引,437,A,ASSOC_DATA,40303,1043,,[n/a],3332,13575
3332,13575,SOCIAL,SO_FRIEND,友,undirected,,,0.6,primary,人名權威資料（中央研究院歷史語言研究所）,9,M,ASSOC_DATA,9602,18182,,[n/a],13575,3332
3332,13575,COLLEAGUE,CL_RECOMMEND,被Y推薦,directed,830,,0.7,unsourced,,14,P,ASSOC_DATA,,,0,[n/a],13575,3332
3332,13575,SOCIAL,SO_GIFT_POETRY,收到Y的贈詩、文,directed,,,0.5,primary,唐五代人交往詩索引,438,P,ASSOC_DATA,40303,1043,,[n/a],13575,3332
3332,13624,LITERARY,LI_EPITAPH,為Y作墓誌銘,directed,824,,0.4,unsourced,,44,A,ASSOC_DATA,,,0,[n/a],3332,13624
3332,13624,LITERARY,LI_EPITAPH,墓誌銘由Y所作,directed,818,,0.4,unsourced,,43,P,ASSOC_DATA,,,0,[n/a],13624,3332
3332,22469,SOCIAL,SO_GIFT_POETRY,贈詩、文,directed,,,0.5,primary,唐五代人交往詩索引,437,A,ASSOC_DATA,40303,1047,,[n/a],3332,22469
3332,22469,SOCIAL,SO_GIFT_POETRY,收到Y的贈詩、文,directed,,,0.5,primary,唐五代人交往詩索引,438,P,ASSOC_DATA,40303,1047,,[n/a],22469,3332
3332,22469,KIN,K_OTHER,姪女之夫,directed,,,0.7,primary,Pers DB / 唐代人物知識ベース,178,KIN,KIN_DATA,24309,pers01459,,,3332,22469
3332,24654,SOCIAL,SO_GIFT_POETRY,贈詩、文,directed,,,0.5,primary,唐五代人交往詩索引,437,A,ASSOC_DATA,40303,1044,,[n/a],3332,24654
3332,24654,SOCIAL,SO_GIFT_POETRY,收到Y的贈詩、文,directed,,,0.5,primary,唐五代人交往詩索引,438,P,ASSOC_DATA,40303,1044,,[n/a],24654,3332
3332,32227,SOCIAL,SO_GIFT_POETRY,贈詩、文,directed,,,0.5,primary,唐五代人交往詩索引,437,A,ASSOC_DATA,40303,1045,,[n/a],3332,32227
3332,32227,SOCIAL,SO_GIFT_POETRY,收到Y的贈詩、文,directed,,,0.5,primary,唐五代人交往詩索引,438,P,ASSOC_DATA,40303,1045,,[n/a],32227,3332
3332,32248,SOCIAL,SO_FRIEND,友,undirected,,,0.6,primary,人名權威資料（中央研究院歷史語言研究所）,9,M,ASSOC_DATA,9602,18100,,[n/a],3332,32248
3332,32248,SOCIAL,SO_FRIEND,友,undirected,,,0.6,primary,人名權威資料（中央研究院歷史語言研究所）,9,M,ASSOC_DATA,9602,18100,,[n/a],32248,3332
3332,32540,SOCIAL,SO_GIFT_POETRY,贈詩、文,directed,,,0.5,primary,唐五代人交往詩索引,437,A,ASSOC_DATA,40303,1047,,[n/a],3332,32540
3332,32540,SOCIAL,SO_GIFT_POETRY,收到Y的贈詩、文,directed,,,0.5,primary,唐五代人交往詩索引,438,P,ASSOC_DATA,40303,1047,,[n/a],32540,3332
3332,32822,SOCIAL,SO_GIFT_POETRY,贈詩、文,directed,,,0.5,primary,唐五代人交往詩索引,437,A,ASSOC_DATA,40303,1047,,[n/a],3332,32822
3332,32822,SOCIAL,SO_GIFT_POETRY,收到Y的贈詩、文,directed,,,0.5,primary,唐五代人交往詩索引,438,P,ASSOC_DATA,40303,1047,,[n/a],32822,3332
3332,33606,SOCIAL,SO_FRIEND,友,undirected,,,0.6,primary,人名權威資料（中央研究院歷史語言研究所）,9,M,ASSOC_DATA,9602,18572,,[n/a],3332,33606
3332,33606,SOCIAL,SO_FRIEND,友,undirected,,,0.6,primary,人名權威資料（中央研究院歷史語言研究所）,9,M,ASSOC_DATA,9602,18572,,[n/a],33606,3332
3332,92047,SOCIAL,SO_GIFT_POETRY,贈詩、文,directed,,,0.5,primary,唐五代人交往詩索引,437,A,ASSOC_DATA,40303,1042,,[n/a],3332,92047
3332,92047,SOCIAL,SO_GIFT_POETRY,收到Y的贈詩、文,directed,,,0.5,primary,唐五代人交往詩索引,438,P,ASSOC_DATA,40303,1042,,[n/a],92047,3332
3332,93952,SOCIAL,SO_FRIEND,友,undirected,,,0.6,primary,人名權威資料（中央研究院歷史語言研究所）,9,M,ASSOC_DATA,9602,18182,,[n/a],3332,93952
3332,93952,LITERARY,LI_EPITAPH,為Y作墓誌銘,directed,815,,0.4,primary,韓昌黎文集校注,44,A,ASSOC_DATA,2997,,0,[n/a],3332,93952
3332,93952,SOCIAL,SO_GIFT_POETRY,贈詩、文,directed,,,0.5,primary,唐五代人交往詩索引,437,A,ASSOC_DATA,40303,1044,,[n/a],3332,93952
3332,93952,SOCIAL,SO_FRIEND,友,undirected,,,0.6,primary,人名權威資料（中央研究院歷史語言研究所）,9,M,ASSOC_DATA,9602,18182,,[n/a],93952,3332
3332,93952,LITERARY,LI_EPITAPH,墓誌銘由Y所作,directed,815,,0.4,primary,韓昌黎文集校注,43,P,ASSOC_DATA,2997,,0,[n/a],93952,3332
3332,93952,SOCIAL,SO_GIFT_POETRY,收到Y的贈詩、文,directed,,,0.5,primary,唐五代人交往詩索引,438,P,ASSOC_DATA,40303,1044,,[n/a],93952,3332
3332,94116,SOCIAL,SO_GIFT_POETRY,贈詩、文,directed,,,0.5,primary,唐五代人交往詩索引,437,A,ASSOC_DATA,40303,1045,,[n/a],3332,94116
3332,94116,SOCIAL,SO_GIFT_POETRY,收到Y的贈詩、文,directed,,,0.5,primary,唐五代人交往詩索引,438,P,ASSOC_DATA,40303,1045,,[n/a],94116,3332
3332,94227,SOCIAL,SO_FRIEND,友,undirected,,,0.6,primary,人名權威資料（中央研究院歷史語言研究所）,9,M,ASSOC_DATA,9602,18182,,[n/a],3332,94227
3332,94227,SOCIAL,SO_GIFT_POETRY,贈詩、文,directed,,,0.5,primary,唐五代人交往詩索引,437,A,ASSOC_DATA,40303,1042,,[n/a],3332,94227
3332,94227,SOCIAL,SO_FRIEND,友,undirected,,,0.6,primary,人名權威資料（中央研究院歷史語言研究所）,9,M,ASSOC_DATA,9602,18182,,[n/a],94227,3332
3332,94227,SOCIAL,SO_GIFT_POETRY,收到Y的贈詩、文,directed,,,0.5,primary,唐五代人交往詩索引,438,P,ASSOC_DATA,40303,1042,,[n/a],94227,3332
3332,445983,SOCIAL,SO_GIFT_POETRY,贈詩、文,directed,,,0.5,primary,唐五代人交往詩索引,437,A,ASSOC_DATA,40303,1043,,[n/a],3332,445983
3332,445983,SOCIAL,SO_GIFT_POETRY,收到Y的贈詩、文,directed,,,0.5,primary,唐五代人交往詩索引,438,P,ASSOC_DATA,40303,1043,,[n/a],445983,3332
3605,13059,SOCIAL,SO_GIFT_POETRY,贈詩、文,directed,,,0.5,primary,唐五代人交往詩索引,437,A,ASSOC_DATA,40303,1188,,[n/a],3605,13059
3605,13059,SOCIAL,SO_GIFT_POETRY,收到Y的贈詩、文,directed,,,0.5,primary,唐五代人交往詩索引,438,P,ASSOC_DATA,40303,1188,,[n/a],13059,3605
3605,13060,SOCIAL,SO_GIFT_POETRY,贈詩、文,directed,,,0.5,primary,唐五代人交往詩索引,437,A,ASSOC_DATA,40303,1189,,[n/a],3605,13060
3605,13060,SOCIAL,SO_GIFT_POETRY,收到Y的贈詩、文,directed,,,0.5,primary,唐五代人交往詩索引,438,P,ASSOC_DATA,40303,1189,,[n/a],13060,3605
3605,24654,POLITICAL,PO_OPPOSE,忌/惡,directed,,,0.3,primary,舊唐書,83,A,ASSOC_DATA,4801,4210,,[n/a],3605,24654
3605,24654,SOCIAL,SO_GIFT_POETRY,贈詩、文,directed,,,0.5,primary,唐五代人交往詩索引,437,A,ASSOC_DATA,40303,1187,,[n/a],3605,24654
3605,24654,POLITICAL,PO_OPPOSE,為Y所忌/惡,directed,,,0.3,primary,舊唐書,84,P,ASSOC_DATA,4801,4210,,[n/a],24654,3605
3605,24654,SOCIAL,SO_GIFT_POETRY,收到Y的贈詩、文,directed,,,0.5,primary,唐五代人交往詩索引,438,P,ASSOC_DATA,40303,1187,,[n/a],24654,3605
3605,31312,SOCIAL,SO_GIFT_POETRY,贈詩、文,directed,,,0.5,primary,唐五代人交往詩索引,437,A,ASSOC_DATA,40303,1188,,[n/a],3605,31312
3605,31312,SOCIAL,SO_GIFT_POETRY,收到Y的贈詩、文,directed,,,0.5,primary,唐五代人交往詩索引,438,P,ASSOC_DATA,40303,1188,,[n/a],31312,3605
3605,32248,SOCIAL,SO_GIFT_POETRY,贈詩、文,directed,,,0.5,primary,唐五代人交往詩索引,437,A,ASSOC_DATA,40303,1187,,[n/a],3605,32248
3605,32248,SOCIAL,SO_GIFT_POETRY,收到Y的贈詩、文,directed,,,0.5,primary,唐五代人交往詩索引,438,P,ASSOC_DATA,40303,1187,,[n/a],32248,3605
3605,33606,SOCIAL,SO_FRIEND,友,undirected,,,0.6,unsourced,,9,M,ASSOC_DATA,,,,[n/a],3605,33606
3605,33606,COLLEAGUE,CL_TONGNIAN,同年友,undirected,,,0.7,unsourced,,10,M,ASSOC_DATA,,,,[n/a],3605,33606
3605,33606,SOCIAL,SO_CHANGHE,相唱和,undirected,,,0.6,unsourced,,114,M,ASSOC_DATA,,,,[n/a],3605,33606
3605,33606,COLLEAGUE,CL_TONGLIAO,同僚,undirected,,,0.8,unsourced,,197,M,ASSOC_DATA,,,,[n/a],3605,33606
3605,33606,SOCIAL,SO_FRIEND,友,undirected,,,0.6,unsourced,,9,M,ASSOC_DATA,,,,[n/a],33606,3605
3605,33606,COLLEAGUE,CL_TONGNIAN,同年友,undirected,,,0.7,unsourced,,10,M,ASSOC_DATA,,,,[n/a],33606,3605
3605,33606,SOCIAL,SO_CHANGHE,相唱和,undirected,,,0.6,unsourced,,114,M,ASSOC_DATA,,,,[n/a],33606,3605
3605,33606,COLLEAGUE,CL_TONGLIAO,同僚,undirected,,,0.8,unsourced,,197,M,ASSOC_DATA,,,,[n/a],33606,3605
3702,15161,SOCIAL,SO_GIFT_POETRY,贈詩、文,directed,,,0.5,primary,唐五代人交往詩索引,437,A,ASSOC_DATA,40303,732,,[n/a],3702,15161
3702,15161,SOCIAL,SO_GIFT_POETRY,收到Y的贈詩、文,directed,,,0.5,primary,唐五代人交往詩索引,438,P,ASSOC_DATA,40303,732,,[n/a],15161,3702
3702,17130,SOCIAL,SO_GIFT_POETRY,贈詩、文,directed,,,0.5,primary,唐五代人交往詩索引,437,A,ASSOC_DATA,40303,731,,[n/a],3702,17130
3702,17130,SOCIAL,SO_GIFT_POETRY,收到Y的贈詩、文,directed,,,0.5,primary,唐五代人交往詩索引,438,P,ASSOC_DATA,40303,731,,[n/a],17130,3702
3702,22057,SOCIAL,SO_GIFT_POETRY,贈詩、文,directed,,,0.5,primary,唐五代人交往詩索引,437,A,ASSOC_DATA,40303,729,,[n/a],3702,22057
3702,22057,SOCIAL,SO_GIFT_POETRY,收到Y的贈詩、文,directed,,,0.5,primary,唐五代人交往詩索引,438,P,ASSOC_DATA,40303,729,,[n/a],22057,3702
3702,30864,SOCIAL,SO_GIFT_POETRY,贈詩、文,directed,,,0.5,primary,唐五代人交往詩索引,437,A,ASSOC_DATA,40303,732,,[n/a],3702,30864
3702,30864,SOCIAL,SO_GIFT_POETRY,收到Y的贈詩、文,directed,,,0.5,primary,唐五代人交往詩索引,438,P,ASSOC_DATA,40303,732,,[n/a],30864,3702
3702,32227,SOCIAL,SO_GIFT_POETRY,贈詩、文,directed,,,0.5,primary,唐五代人交往詩索引,437,A,ASSOC_DATA,40303,731,,[n/a],3702,32227
3702,32227,SOCIAL,SO_GIFT_POETRY,收到Y的贈詩、文,directed,,,0.5,primary,唐五代人交往詩索引,438,P,ASSOC_DATA,40303,731,,[n/a],32227,3702
3702,32540,LITERARY,LI_STYLE,稱道Y之文風,directed,,,0.4,primary,皮日休集,172,A,ASSOC_DATA,26149,,,劉棗強碑,3702,32540
3702,32540,SOCIAL,SO_GIFT_POETRY,贈詩、文,directed,,,0.5,primary,唐五代人交往詩索引,437,A,ASSOC_DATA,40303,732,,[n/a],3702,32540
3702,32540,LITERARY,LI_STYLE,文風為Y所稱道,directed,,,0.4,primary,皮日休集,173,P,ASSOC_DATA,26149,,,劉棗強碑,32540,3702
3702,32540,SOCIAL,SO_GIFT_POETRY,收到Y的贈詩、文,directed,,,0.5,primary,唐五代人交往詩索引,438,P,ASSOC_DATA,40303,732,,[n/a],32540,3702
3702,33753,SOCIAL,SO_GIFT_POETRY,贈詩、文,directed,,,0.5,primary,唐五代人交往詩索引,437,A,ASSOC_DATA,40303,733,,[n/a],3702,33753
3702,33753,SOCIAL,SO_GIFT_POETRY,收到Y的贈詩、文,directed,,,0.5,primary,唐五代人交往詩索引,438,P,ASSOC_DATA,40303,733,,[n/a],33753,3702
3702,95025,SOCIAL,SO_GIFT_POETRY,贈詩、文,directed,,,0.5,primary,唐五代人交往詩索引,437,A,ASSOC_DATA,40303,729,,[n/a],3702,95025
3702,95025,SOCIAL,SO_GIFT_POETRY,收到Y的贈詩、文,directed,,,0.5,primary,唐五代人交往詩索引,438,P,ASSOC_DATA,40303,729,,[n/a],95025,3702
3915,3130,SOCIAL,SO_GIFT_POETRY,收到Y的贈詩、文,directed,,,0.5,primary,唐五代人交往詩索引,438,P,ASSOC_DATA,40303,1105,,[n/a],3130,3915
3915,3130,SOCIAL,SO_GIFT_POETRY,贈詩、文,directed,,,0.5,primary,唐五代人交往詩索引,437,A,ASSOC_DATA,40303,1105,,[n/a],3915,3130
3915,20876,SOCIAL,SO_GIFT_POETRY,贈詩、文,directed,,,0.5,primary,唐五代人交往詩索引,437,A,ASSOC_DATA,40303,1121,,[n/a],3915,20876
3915,20876,SOCIAL,SO_GIFT_POETRY,收到Y的贈詩、文,directed,,,0.5,primary,唐五代人交往詩索引,438,P,ASSOC_DATA,40303,1121,,[n/a],20876,3915
3915,30851,SOCIAL,SO_FRIEND,友,undirected,,,0.6,unsourced,,9,M,ASSOC_DATA,,,,[n/a],3915,30851
3915,30851,SOCIAL,SO_GIFT_POETRY,贈詩、文,directed,,,0.5,primary,唐五代人交往詩索引,437,A,ASSOC_DATA,40303,1100,,[n/a],3915,30851
3915,30851,SOCIAL,SO_FRIEND,友,undirected,,,0.6,unsourced,,9,M,ASSOC_DATA,,,,[n/a],30851,3915
3915,30851,SOCIAL,SO_GIFT_POETRY,收到Y的贈詩、文,directed,,,0.5,primary,唐五代人交往詩索引,438,P,ASSOC_DATA,40303,1100,,[n/a],30851,3915
3915,30982,SOCIAL,SO_GIFT_POETRY,贈詩、文,directed,,,0.5,primary,唐五代人交往詩索引,437,A,ASSOC_DATA,40303,1103,,[n/a],3915,30982
3915,30982,SOCIAL,SO_GIFT_POETRY,收到Y的贈詩、文,directed,,,0.5,primary,唐五代人交往詩索引,438,P,ASSOC_DATA,40303,1103,,[n/a],30982,3915
3915,31110,SOCIAL,SO_GIFT_POETRY,贈詩、文,directed,,,0.5,primary,唐五代人交往詩索引,437,A,ASSOC_DATA,40303,1121,,[n/a],3915,31110
3915,31110,SOCIAL,SO_GIFT_POETRY,收到Y的贈詩、文,directed,,,0.5,primary,唐五代人交往詩索引,438,P,ASSOC_DATA,40303,1121,,[n/a],31110,3915
3915,31143,SOCIAL,SO_GIFT_POETRY,贈詩、文,directed,,,0.5,primary,唐五代人交往詩索引,437,A,ASSOC_DATA,40303,1124,,[n/a],3915,31143
3915,31143,SOCIAL,SO_GIFT_POETRY,收到Y的贈詩、文,directed,,,0.5,primary,唐五代人交往詩索引,438,P,ASSOC_DATA,40303,1124,,[n/a],31143,3915
3915,31275,SOCIAL,SO_GIFT_POETRY,贈詩、文,directed,,,0.5,primary,唐五代人交往詩索引,437,A,ASSOC_DATA,40303,1111,,[n/a],3915,31275
3915,31275,SOCIAL,SO_GIFT_POETRY,收到Y的贈詩、文,directed,,,0.5,primary,唐五代人交往詩索引,438,P,ASSOC_DATA,40303,1111,,[n/a],31275,3915
3915,31322,SOCIAL,SO_GIFT_POETRY,贈詩、文,directed,,,0.5,primary,唐五代人交往詩索引,437,A,ASSOC_DATA,40303,1124,,[n/a],3915,31322
3915,31322,SOCIAL,SO_GIFT_POETRY,收到Y的贈詩、文,directed,,,0.5,primary,唐五代人交往詩索引,438,P,ASSOC_DATA,40303,1124,,[n/a],31322,3915
3915,31560,SOCIAL,SO_GIFT_POETRY,贈詩、文,directed,,,0.5,primary,唐五代人交往詩索引,437,A,ASSOC_DATA,40303,1111,,[n/a],3915,31560
3915,31560,SOCIAL,SO_GIFT_POETRY,收到Y的贈詩、文,directed,,,0.5,primary,唐五代人交往詩索引,438,P,ASSOC_DATA,40303,1111,,[n/a],31560,3915
3915,32174,SOCIAL,SO_GIFT_POETRY,贈詩、文,directed,,,0.5,primary,唐五代人交往詩索引,437,A,ASSOC_DATA,40303,1102,,[n/a],3915,32174
3915,32174,SOCIAL,SO_GIFT_POETRY,收到Y的贈詩、文,directed,,,0.5,primary,唐五代人交往詩索引,438,P,ASSOC_DATA,40303,1102,,[n/a],32174,3915
3915,32540,SOCIAL,SO_FRIEND,友,undirected,,,0.6,unsourced,,9,M,ASSOC_DATA,,,,[n/a],3915,32540
3915,32540,SOCIAL,SO_GIFT_POETRY,贈詩、文,directed,,,0.5,primary,唐五代人交往詩索引,437,A,ASSOC_DATA,40303,1112,,[n/a],3915,32540
3915,32540,SOCIAL,SO_TONGYOU,與Y旅遊,undirected,,,0.5,unsourced,,555,M,ASSOC_DATA,,,,[n/a],3915,32540
3915,32540,SOCIAL,SO_FRIEND,友,undirected,,,0.6,unsourced,,9,M,ASSOC_DATA,,,,[n/a],32540,3915
3915,32540,SOCIAL,SO_GIFT_POETRY,收到Y的贈詩、文,directed,,,0.5,primary,唐五代人交往詩索引,438,P,ASSOC_DATA,40303,1112,,贈李白,32540,3915
3915,32540,SOCIAL,SO_TONGYOU,與Y旅遊,undirected,,,0.5,unsourced,,555,M,ASSOC_DATA,,,,[n/a],32540,3915
3915,32583,SOCIAL,SO_GIFT_POETRY,贈詩、文,directed,,,0.5,primary,唐五代人交往詩索引,437,A,ASSOC_DATA,40303,1107,,[n/a],3915,32583
3915,32583,SOCIAL,SO_GIFT_POETRY,收到Y的贈詩、文,directed,,,0.5,primary,唐五代人交往詩索引,438,P,ASSOC_DATA,40303,1107,,[n/a],32583,3915
3915,32593,KIN,K_OTHER,祖父,directed,,,0.7,primary,Pers DB / 唐代人物知識ベース,62,KIN,KIN_DATA,24309,pers01115,,,3915,32593
3915,32847,SOCIAL,SO_GIFT_POETRY,贈詩、文,directed,,,0.5,primary,唐五代人交往詩索引,437,A,ASSOC_DATA,40303,1113,,[n/a],3915,32847
3915,32847,SOCIAL,SO_GIFT_POETRY,收到Y的贈詩、文,directed,,,0.5,primary,唐五代人交往詩索引,438,P,ASSOC_DATA,40303,1113,,[n/a],32847,3915
3915,32889,SOCIAL,SO_GIFT_POETRY,贈詩、文,directed,,,0.5,primary,唐五代人交往詩索引,437,A,ASSOC_DATA,40303,1104,,[n/a],3915,32889
3915,32889,SOCIAL,SO_GIFT_POETRY,收到Y的贈詩、文,directed,,,0.5,primary,唐五代人交往詩索引,438,P,ASSOC_DATA,40303,1104,,[n/a],32889,3915
3915,33062,SOCIAL,SO_GIFT_POETRY,贈詩、文,directed,,,0.5,primary,唐五代人交往詩索引,437,A,ASSOC_DATA,40303,1104,,[n/a],3915,33062
3915,33062,SOCIAL,SO_GIFT_POETRY,收到Y的贈詩、文,directed,,,0.5,primary,唐五代人交往詩索引,438,P,ASSOC_DATA,40303,1104,,[n/a],33062,3915
3915,33651,SOCIAL,SO_GIFT_POETRY,贈詩、文,directed,,,0.5,primary,唐五代人交往詩索引,437,A,ASSOC_DATA,40303,1106,,[n/a],3915,33651
3915,33651,SOCIAL,SO_GIFT_POETRY,收到Y的贈詩、文,directed,,,0.5,primary,唐五代人交往詩索引,438,P,ASSOC_DATA,40303,1106,,[n/a],33651,3915
3915,93409,SOCIAL,SO_GIFT_POETRY,贈詩、文,directed,,,0.5,primary,唐五代人交往詩索引,437,A,ASSOC_DATA,40303,1105,,[n/a],3915,93409
3915,93409,SOCIAL,SO_GIFT_POETRY,收到Y的贈詩、文,directed,,,0.5,primary,唐五代人交往詩索引,438,P,ASSOC_DATA,40303,1105,,[n/a],93409,3915
3915,93956,SOCIAL,SO_GIFT_POETRY,贈詩、文,directed,,,0.5,primary,唐五代人交往詩索引,437,A,ASSOC_DATA,40303,1106,,[n/a],3915,93956
3915,93956,SOCIAL,SO_GIFT_POETRY,收到Y的贈詩、文,directed,,,0.5,primary,唐五代人交往詩索引,438,P,ASSOC_DATA,40303,1106,,[n/a],93956,3915
3915,146097,SOCIAL,SO_GIFT_POETRY,贈詩、文,directed,,,0.5,primary,唐五代人交往詩索引,437,A,ASSOC_DATA,40303,1114,,[n/a],3915,146097
3915,146097,SOCIAL,SO_GIFT_POETRY,收到Y的贈詩、文,directed,,,0.5,primary,唐五代人交往詩索引,438,P,ASSOC_DATA,40303,1114,,[n/a],146097,3915
3915,379873,POLITICAL,PO_OPPOSE,忌/惡,directed,,,0.3,primary,唐五代人交往詩索引,83,A,ASSOC_DATA,40303,1110,,[n/a],3915,379873
3915,379873,POLITICAL,PO_OPPOSE,為Y所忌/惡,directed,,,0.3,primary,唐五代人交往詩索引,84,P,ASSOC_DATA,40303,1110,,[n/a],379873,3915
11524,31222,SOCIAL,SO_GIFT_POETRY,贈詩、文,directed,,,0.5,primary,唐五代人交往詩索引,437,A,ASSOC_DATA,40303,1329,,[n/a],11524,31222
11524,31222,SOCIAL,SO_GIFT_POETRY,收到Y的贈詩、文,directed,,,0.5,primary,唐五代人交往詩索引,438,P,ASSOC_DATA,40303,1329,,[n/a],31222,11524
11605,19244,SOCIAL,SO_GIFT_POETRY,贈詩、文,directed,,,0.5,primary,唐五代人交往詩索引,437,A,ASSOC_DATA,40303,1020,,[n/a],11605,19244
11605,19244,SOCIAL,SO_GIFT_POETRY,收到Y的贈詩、文,directed,,,0.5,primary,唐五代人交往詩索引,438,P,ASSOC_DATA,40303,1020,,[n/a],19244,11605
11605,26935,SOCIAL,SO_GIFT_POETRY,贈詩、文,directed,,,0.5,primary,唐五代人交往詩索引,437,A,ASSOC_DATA,40303,1021,,[n/a],11605,26935
11605,26935,SOCIAL,SO_GIFT_POETRY,收到Y的贈詩、文,directed,,,0.5,primary,唐五代人交往詩索引,438,P,ASSOC_DATA,40303,1021,,[n/a],26935,11605
11605,31407,SOCIAL,SO_GIFT_POETRY,贈詩、文,directed,,,0.5,primary,唐五代人交往詩索引,437,A,ASSOC_DATA,40303,1018,,[n/a],11605,31407
11605,31407,SOCIAL,SO_GIFT_POETRY,收到Y的贈詩、文,directed,,,0.5,primary,唐五代人交往詩索引,438,P,ASSOC_DATA,40303,1018,,[n/a],31407,11605
11605,32540,POLITICAL,PO_ADMIRE,欣賞/器重,directed,720,,0.5,primary,李太白全集,18,A,ASSOC_DATA,25640,,,[n/a],11605,32540
11605,32540,POLITICAL,PO_ADMIRE,被Y欣賞/器重,directed,720,,0.5,primary,李太白全集,17,P,ASSOC_DATA,25640,,,[n/a],32540,11605
11605,32593,SOCIAL,SO_GIFT_POETRY,贈詩、文,directed,,,0.5,primary,唐五代人交往詩索引,437,A,ASSOC_DATA,40303,1021,,[n/a],11605,32593
11605,32593,SOCIAL,SO_GIFT_POETRY,收到Y的贈詩、文,directed,,,0.5,primary,唐五代人交往詩索引,438,P,ASSOC_DATA,40303,1021,,[n/a],32593,11605
11605,447292,SOCIAL,SO_GIFT_POETRY,贈詩、文,directed,,,0.5,primary,唐五代人交往詩索引,437,A,ASSOC_DATA,40303,1019,,[n/a],11605,447292
11605,447292,SOCIAL,SO_GIFT_POETRY,收到Y的贈詩、文,directed,,,0.5,primary,唐五代人交往詩索引,438,P,ASSOC_DATA,40303,1019,,[n/a],447292,11605
11965,22057,KIN,K_SIBLING,弟,undirected,,,0.9,unsourced,,126,KIN,KIN_DATA,,,,,11965,22057
11965,22057,KIN,K_SIBLING,兄,undirected,,,0.9,unsourced,,125,KIN,KIN_DATA,,,,,22057,11965
13059,13060,SOCIAL,SO_GIFT_POETRY,贈詩、文,directed,,,0.5,primary,唐五代人交往詩索引,437,A,ASSOC_DATA,40303,840,,[n/a],13059,13060
13059,13060,SOCIAL,SO_GIFT_POETRY,收到Y的贈詩、文,directed,,,0.5,primary,唐五代人交往詩索引,438,P,ASSOC_DATA,40303,840,,[n/a],13060,13059
13059,13060,KIN,K_CHILD,子,directed,,,1.0,unsourced,,180,KIN,KIN_DATA,,,,,13059,13060
13060,13059,KIN,K_PARENT,父,directed,,,1.0,unsourced,,75,KIN,KIN_DATA,,,,,13060,13059
13060,15610,SOCIAL,SO_GIFT_POETRY,贈詩、文,directed,,,0.5,primary,唐五代人交往詩索引,437,A,ASSOC_DATA,40303,868,,[n/a],13060,15610
13060,15610,SOCIAL,SO_GIFT_POETRY,收到Y的贈詩、文,directed,,,0.5,primary,唐五代人交往詩索引,438,P,ASSOC_DATA,40303,868,,[n/a],15610,13060
13060,17130,SOCIAL,SO_GIFT_POETRY,贈詩、文,directed,,,0.5,primary,唐五代人交往詩索引,437,A,ASSOC_DATA,40303,868,,[n/a],13060,17130
13060,17130,COLLEAGUE,CL_SUPERIOR,下屬為Y,directed,,,0.8,unsourced,,482,A,ASSOC_DATA,,,,[n/a],13060,17130
13060,17130,SOCIAL,SO_GIFT_POETRY,收到Y的贈詩、文,directed,,,0.5,primary,唐五代人交往詩索引,438,P,ASSOC_DATA,40303,868,,[n/a],17130,13060
13060,17130,COLLEAGUE,CL_SUPERIOR,上司為Y,directed,,,0.8,unsourced,,481,P,ASSOC_DATA,,,,[n/a],17130,13060
13060,19241,KIN,K_CHILD,九子,directed,,,1.0,unsourced,,206,KIN,KIN_DATA,,,,,13060,19241
13060,22793,COLLEAGUE,CL_SUPERIOR,下屬為Y,directed,,,0.8,unsourced,,482,A,ASSOC_DATA,,,,[n/a],13060,22793
13060,22793,COLLEAGUE,CL_SUPERIOR,上司為Y,directed,,,0.8,unsourced,,481,P,ASSOC_DATA,,,,[n/a],22793,13060
13060,31066,KIN,K_SPOUSE,第一任妻,undirected,,,1.0,unsourced,,138,KIN,KIN_DATA,,,,,13060,31066
13060,31066,KIN,K_SPOUSE,丈夫,undirected,,,1.0,unsourced,,134,KIN,KIN_DATA,,,,,31066,13060
13060,31068,COLLEAGUE,CL_SUPERIOR,下屬為Y,directed,,,0.8,unsourced,,482,A,ASSOC_DATA,,,,[n/a],13060,31068
13060,31068,COLLEAGUE,CL_SUPERIOR,上司為Y,directed,,,0.8,unsourced,,481,P,ASSOC_DATA,,,,[n/a],31068,13060
13060,31312,COLLEAGUE,CL_SUPERIOR,下屬為Y,directed,,,0.8,unsourced,,482,A,ASSOC_DATA,,,,[n/a],13060,31312
13060,31312,COLLEAGUE,CL_SUPERIOR,上司為Y,directed,,,0.8,unsourced,,481,P,ASSOC_DATA,,,,[n/a],31312,13060
13060,92899,COLLEAGUE,CL_SUPERIOR,下屬為Y,directed,,,0.8,unsourced,,482,A,ASSOC_DATA,,,,[n/a],13060,92899
13060,92899,COLLEAGUE,CL_SUPERIOR,上司為Y,directed,,,0.8,unsourced,,481,P,ASSOC_DATA,,,,[n/a],92899,13060
13060,93663,KIN,K_SPOUSE,妻子,undirected,,,1.0,primary,舊唐書,135,KIN,KIN_DATA,4801,115,,,13060,93663
13060,93663,KIN,K_AFFINAL,子婦;兒媳,directed,,,0.7,unsourced,,396,KIN,KIN_DATA,,,,,13060,93663
13060,93663,KIN,K_SPOUSE,第一任丈夫,undirected,,,1.0,primary,舊唐書,345,KIN,KIN_DATA,4801,115,,,93663,13060
13575,3332,TEACHER_STUDENT,TS_STUDENT,學生為Y,directed,797,,0.8,primary,韓昌黎文集校注,23,P,ASSOC_DATA,2997,,0,[n/a],3332,13575
13575,3332,SOCIAL,SO_GIFT_POETRY,收到Y的贈詩、文,directed,,,0.5,primary,唐五代人交往詩索引,438,P,ASSOC_DATA,40303,281,,[n/a],3332,13575
13575,3332,TEACHER_STUDENT,TS_STUDENT,為Y之學生,directed,797,,0.8,primary,韓昌黎文集校注,22,A,ASSOC_DATA,2997,,0,[n/a],13575,3332
13575,3332,SOCIAL,SO_GIFT_POETRY,贈詩、文,directed,,,0.5,primary,唐五代人交往詩索引,437,A,ASSOC_DATA,40303,281,,[n/a],13575,3332
13575,32227,SOCIAL,SO_GIFT_POETRY,贈詩、文,directed,,,0.5,primary,唐五代人交往詩索引,437,A,ASSOC_DATA,40303,278,,[n/a],13575,32227
13575,32227,SOCIAL,SO_GIFT_POETRY,收到Y的贈詩、文,directed,,,0.5,primary,唐五代人交往詩索引,438,P,ASSOC_DATA,40303,278,,[n/a],32227,13575
13575,32248,SOCIAL,SO_GIFT_POETRY,贈詩、文,directed,,,0.5,primary,唐五代人交往詩索引,437,A,ASSOC_DATA,40303,277,,[n/a],13575,32248
13575,32248,SOCIAL,SO_GIFT_POETRY,收到Y的贈詩、文,directed,,,0.5,primary,唐五代人交往詩索引,438,P,ASSOC_DATA,40303,277,,[n/a],32248,13575
13575,32889,SOCIAL,SO_GIFT_POETRY,贈詩、文,directed,,,0.5,primary,唐五代人交往詩索引,437,A,ASSOC_DATA,40303,277,,[n/a],13575,32889
13575,32889,SOCIAL,SO_GIFT_POETRY,收到Y的贈詩、文,directed,,,0.5,primary,唐五代人交往詩索引,438,P,ASSOC_DATA,40303,277,,[n/a],32889,13575
13575,32980,SOCIAL,SO_GIFT_POETRY,贈詩、文,directed,,,0.5,primary,唐五代人交往詩索引,437,A,ASSOC_DATA,40303,283,,[n/a],13575,32980
13575,32980,SOCIAL,SO_GIFT_POETRY,收到Y的贈詩、文,directed,,,0.5,primary,唐五代人交往詩索引,438,P,ASSOC_DATA,40303,283,,[n/a],32980,13575
13575,33606,SOCIAL,SO_GIFT_POETRY,贈詩、文,directed,,,0.5,primary,唐五代人交往詩索引,437,A,ASSOC_DATA,40303,282,,[n/a],13575,33606
13575,33606,SOCIAL,SO_GIFT_POETRY,收到Y的贈詩、文,directed,,,0.5,primary,唐五代人交往詩索引,438,P,ASSOC_DATA,40303,282,,[n/a],33606,13575
13575,36130,SOCIAL,SO_GIFT_POETRY,贈詩、文,directed,,,0.5,primary,唐五代人交往詩索引,437,A,ASSOC_DATA,40303,277,,[n/a],13575,36130
13575,36130,SOCIAL,SO_GIFT_POETRY,收到Y的贈詩、文,directed,,,0.5,primary,唐五代人交往詩索引,438,P,ASSOC_DATA,40303,277,,[n/a],36130,13575
13575,92047,SOCIAL,SO_GIFT_POETRY,贈詩、文,directed,,,0.5,primary,唐五代人交往詩索引,437,A,ASSOC_DATA,40303,276,,[n/a],13575,92047
13575,92047,SOCIAL,SO_GIFT_POETRY,收到Y的贈詩、文,directed,,,0.5,primary,唐五代人交往詩索引,438,P,ASSOC_DATA,40303,276,,[n/a],92047,13575
13575,93952,SOCIAL,SO_GIFT_POETRY,贈詩、文,directed,,,0.5,primary,唐五代人交往詩索引,437,A,ASSOC_DATA,40303,278,,[n/a],13575,93952
13575,93952,SOCIAL,SO_GIFT_POETRY,收到Y的贈詩、文,directed,,,0.5,primary,唐五代人交往詩索引,438,P,ASSOC_DATA,40303,278,,[n/a],93952,13575
13575,94227,SOCIAL,SO_FRIEND,友,undirected,,,0.6,primary,人名權威資料（中央研究院歷史語言研究所）,9,M,ASSOC_DATA,9602,18538,,[n/a],13575,94227
13575,94227,SOCIAL,SO_GIFT_POETRY,贈詩、文,directed,,,0.5,primary,唐五代人交往詩索引,437,A,ASSOC_DATA,40303,277,,[n/a],13575,94227
13575,94227,SOCIAL,SO_FRIEND,友,undirected,,,0.6,primary,人名權威資料（中央研究院歷史語言研究所）,9,M,ASSOC_DATA,9602,18538,,[n/a],94227,13575
13575,94227,SOCIAL,SO_GIFT_POETRY,收到Y的贈詩、文,directed,,,0.5,primary,唐五代人交往詩索引,438,P,ASSOC_DATA,40303,277,,[n/a],94227,13575
13575,95068,SOCIAL,SO_CHANGHE,相唱和,undirected,,,0.6,primary,明清婦女著作數據庫,114,M,ASSOC_DATA,9601,2094,0,[n/a],13575,95068
13575,95068,SOCIAL,SO_CHANGHE,相唱和,undirected,,,0.6,primary,明清婦女著作數據庫,114,M,ASSOC_DATA,9601,2094,0,[n/a],95068,13575
13575,445983,SOCIAL,SO_GIFT_POETRY,贈詩、文,directed,,,0.5,primary,唐五代人交往詩索引,437,A,ASSOC_DATA,40303,277,,[n/a],13575,445983
13575,445983,SOCIAL,SO_GIFT_POETRY,收到Y的贈詩、文,directed,,,0.5,primary,唐五代人交往詩索引,438,P,ASSOC_DATA,40303,277,,[n/a],445983,13575
13624,3130,SOCIAL,SO_GIFT_POETRY,收到Y的贈詩、文,directed,,,0.5,primary,唐五代人交往詩索引,438,P,ASSOC_DATA,40303,1132,,[n/a],3130,13624
13624,3130,SOCIAL,SO_GIFT_POETRY,贈詩、文,directed,,,0.5,primary,唐五代人交往詩索引,437,A,ASSOC_DATA,40303,1132,,[n/a],13624,3130
13624,3332,SOCIAL,SO_GIFT_POETRY,收到Y的贈詩、文,directed,,,0.5,primary,唐五代人交往詩索引,438,P,ASSOC_DATA,40303,1139,,[n/a],3332,13624
13624,3332,SOCIAL,SO_GIFT_POETRY,贈詩、文,directed,,,0.5,primary,唐五代人交往詩索引,437,A,ASSOC_DATA,40303,1139,,[n/a],13624,3332
13624,13060,SOCIAL,SO_GIFT_POETRY,收到Y的贈詩、文,directed,,,0.5,primary,唐五代人交往詩索引,438,P,ASSOC_DATA,40303,1137,,[n/a],13060,13624
13624,13060,SOCIAL,SO_GIFT_POETRY,贈詩、文,directed,,,0.5,primary,唐五代人交往詩索引,437,A,ASSOC_DATA,40303,1137,,[n/a],13624,13060
13624,24654,SOCIAL,SO_GIFT_POETRY,贈詩、文,directed,,,0.5,primary,唐五代人交往詩索引,437,A,ASSOC_DATA,40303,1133,,[n/a],13624,24654
13624,24654,SOCIAL,SO_GIFT_POETRY,收到Y的贈詩、文,directed,,,0.5,primary,唐五代人交往詩索引,438,P,ASSOC_DATA,40303,1133,,[n/a],24654,13624
13624,33859,SOCIAL,SO_GIFT_POETRY,贈詩、文,directed,,,0.5,primary,唐五代人交往詩索引,437,A,ASSOC_DATA,40303,1141,,[n/a],13624,33859
13624,33859,SOCIAL,SO_GIFT_POETRY,收到Y的贈詩、文,directed,,,0.5,primary,唐五代人交往詩索引,438,P,ASSOC_DATA,40303,1141,,[n/a],33859,13624
15161,32248,SOCIAL,SO_FRIEND,友,undirected,,,0.6,primary,人名權威資料（中央研究院歷史語言研究所）,9,M,ASSOC_DATA,9602,18100,,[n/a],15161,32248
15161,32248,SOCIAL,SO_GIFT_POETRY,贈詩、文,directed,,,0.5,primary,唐五代人交往詩索引,437,A,ASSOC_DATA,40303,792,,[n/a],15161,32248
15161,32248,SOCIAL,SO_FRIEND,友,undirected,,,0.6,primary,人名權威資料（中央研究院歷史語言研究所）,9,M,ASSOC_DATA,9602,18100,,[n/a],32248,15161
15161,32248,SOCIAL,SO_GIFT_POETRY,收到Y的贈詩、文,directed,,,0.5,primary,唐五代人交往詩索引,438,P,ASSOC_DATA,40303,792,,[n/a],32248,15161
15161,95025,SOCIAL,SO_GIFT_POETRY,贈詩、文,directed,,,0.5,primary,唐五代人交往詩索引,437,A,ASSOC_DATA,40303,792,,[n/a],15161,95025
15161,95025,SOCIAL,SO_GIFT_POETRY,收到Y的贈詩、文,directed,,,0.5,primary,唐五代人交往詩索引,438,P,ASSOC_DATA,40303,792,,[n/a],95025,15161
15610,11965,TEACHER_STUDENT,TS_STUDENT,學生為Y,directed,,,0.8,primary,人名權威資料（中央研究院歷史語言研究所）,23,P,ASSOC_DATA,9602,18135,,[n/a],11965,15610
15610,11965,TEACHER_STUDENT,TS_STUDENT,為Y之學生,directed,,,0.8,primary,人名權威資料（中央研究院歷史語言研究所）,22,A,ASSOC_DATA,9602,18135,,[n/a],15610,11965
15610,13059,COLLEAGUE,CL_BUJIANG,部將為Y,directed,626,,0.8,unsourced,,65,P,ASSOC_DATA,,,0,[n/a],13059,15610
15610,13059,COLLEAGUE,CL_BUJIANG,為Y之部將,directed,639,,0.8,unsourced,,64,A,ASSOC_DATA,,,0,[n/a],15610,13059
17029,21751,SOCIAL,SO_GIFT_POETRY,贈詩、文,directed,,,0.5,primary,唐五代人交往詩索引,437,A,ASSOC_DATA,40303,26,,[n/a],17029,21751
17029,21751,SOCIAL,SO_GIFT_POETRY,收到Y的贈詩、文,directed,,,0.5,primary,唐五代人交往詩索引,438,P,ASSOC_DATA,40303,26,,[n/a],21751,17029
17029,34916,SOCIAL,SO_GIFT_POETRY,贈詩、文,directed,,,0.5,primary,唐五代人交往詩索引,437,A,ASSOC_DATA,40303,23,,[n/a],17029,34916
17029,34916,SOCIAL,SO_GIFT_POETRY,收到Y的贈詩、文,directed,,,0.5,primary,唐五代人交往詩索引,438,P,ASSOC_DATA,40303,23,,[n/a],34916,17029
17029,92147,SOCIAL,SO_GIFT_POETRY,贈詩、文,directed,,,0.5,primary,唐五代人交往詩索引,437,A,ASSOC_DATA,40303,26,,[n/a],17029,92147
17029,92147,SOCIAL,SO_GIFT_POETRY,收到Y的贈詩、文,directed,,,0.5,primary,唐五代人交往詩索引,438,P,ASSOC_DATA,40303,26,,[n/a],92147,17029
17029,92743,SOCIAL,SO_GIFT_POETRY,贈詩、文,directed,,,0.5,primary,唐五代人交往詩索引,437,A,ASSOC_DATA,40303,18,,[n/a],17029,92743
17029,92743,SOCIAL,SO_GIFT_POETRY,收到Y的贈詩、文,directed,,,0.5,primary,唐五代人交往詩索引,438,P,ASSOC_DATA,40303,18,,[n/a],92743,17029
17029,93080,SOCIAL,SO_GIFT_POETRY,贈詩、文,directed,,,0.5,primary,唐五代人交往詩索引,437,A,ASSOC_DATA,40303,22,,[n/a],17029,93080
17029,93080,SOCIAL,SO_GIFT_POETRY,收到Y的贈詩、文,directed,,,0.5,primary,唐五代人交往詩索引,438,P,ASSOC_DATA,40303,22,,[n/a],93080,17029
17029,93785,SOCIAL,SO_GIFT_POETRY,贈詩、文,directed,,,0.5,primary,唐五代人交往詩索引,437,A,ASSOC_DATA,40303,25,,[n/a],17029,93785
17029,93785,SOCIAL,SO_GIFT_POETRY,收到Y的贈詩、文,directed,,,0.5,primary,唐五代人交往詩索引,438,P,ASSOC_DATA,40303,25,,[n/a],93785,17029
17029,94160,SOCIAL,SO_GIFT_POETRY,贈詩、文,directed,,,0.5,primary,唐五代人交往詩索引,437,A,ASSOC_DATA,40303,23,,[n/a],17029,94160
17029,94160,SOCIAL,SO_GIFT_POETRY,收到Y的贈詩、文,directed,,,0.5,primary,唐五代人交往詩索引,438,P,ASSOC_DATA,40303,23,,[n/a],94160,17029
17029,94227,SOCIAL,SO_GIFT_POETRY,贈詩、文,directed,,,0.5,primary,唐五代人交往詩索引,437,A,ASSOC_DATA,40303,20,,[n/a],17029,94227
17029,94227,SOCIAL,SO_GIFT_POETRY,收到Y的贈詩、文,directed,,,0.5,primary,唐五代人交往詩索引,438,P,ASSOC_DATA,40303,20,,[n/a],94227,17029
19241,13060,KIN,K_PARENT,父,directed,,,1.0,unsourced,,75,KIN,KIN_DATA,,,,,19241,13060
19241,31066,KIN,K_PARENT,母,directed,,,1.0,unsourced,,111,KIN,KIN_DATA,,,,,19241,31066
19241,33859,SOCIAL,SO_GIFT_POETRY,贈詩、文,directed,,,0.5,primary,唐五代人交往詩索引,437,A,ASSOC_DATA,40303,844,,[n/a],19241,33859
19241,33859,SOCIAL,SO_GIFT_POETRY,收到Y的贈詩、文,directed,,,0.5,primary,唐五代人交往詩索引,438,P,ASSOC_DATA,40303,844,,[n/a],33859,19241
19241,93663,KIN,K_SPOUSE,妻子,undirected,,,1.0,primary,舊唐書,135,KIN,KIN_DATA,4801,115頁,,,19241,93663
19241,93663,KIN,K_SPOUSE,第二任丈夫,undirected,,,1.0,primary,舊唐書,346,KIN,KIN_DATA,4801,115頁,,,93663,19241
19244,13060,SOCIAL,SO_GIFT_POETRY,收到Y的贈詩、文,directed,,,0.5,primary,唐五代人交往詩索引,438,P,ASSOC_DATA,40303,912,,[n/a],13060,19244
19244,13060,SOCIAL,SO_GIFT_POETRY,贈詩、文,directed,,,0.5,primary,唐五代人交往詩索引,437,A,ASSOC_DATA,40303,912,,[n/a],19244,13060
19244,31222,SOCIAL,SO_GIFT_POETRY,贈詩、文,directed,,,0.5,primary,唐五代人交往詩索引,437,A,ASSOC_DATA,40303,912,,[n/a],19244,31222
19244,31222,SOCIAL,SO_GIFT_POETRY,收到Y的贈詩、文,directed,,,0.5,primary,唐五代人交往詩索引,438,P,ASSOC_DATA,40303,912,,[n/a],31222,19244
19244,31222,KIN,K_OTHER,妾,directed,,,0.7,unsourced,,168,KIN,KIN_DATA,,,,,19244,31222
19244,31222,KIN,K_SPOUSE,丈夫,undirected,,,1.0,unsourced,,134,KIN,KIN_DATA,,,,,31222,19244
19244,31275,SOCIAL,SO_GIFT_POETRY,贈詩、文,directed,,,0.5,primary,唐五代人交往詩索引,437,A,ASSOC_DATA,40303,911,,[n/a],19244,31275
19244,31275,SOCIAL,SO_GIFT_POETRY,收到Y的贈詩、文,directed,,,0.5,primary,唐五代人交往詩索引,438,P,ASSOC_DATA,40303,911,,[n/a],31275,19244
19244,31407,SOCIAL,SO_GIFT_POETRY,贈詩、文,directed,,,0.5,primary,唐五代人交往詩索引,437,A,ASSOC_DATA,40303,911,,[n/a],19244,31407
19244,31407,SOCIAL,SO_GIFT_POETRY,收到Y的贈詩、文,directed,,,0.5,primary,唐五代人交往詩索引,438,P,ASSOC_DATA,40303,911,,[n/a],31407,19244
19244,32540,POLITICAL,PO_ADMIRE,欣賞/器重,directed,,,0.5,primary,李太白全集,18,A,ASSOC_DATA,25640,,,[n/a],19244,32540
19244,32540,POLITICAL,PO_ADMIRE,被Y欣賞/器重,directed,,,0.5,primary,李太白全集,17,P,ASSOC_DATA,25640,,,[n/a],32540,19244
19244,92452,SOCIAL,SO_GIFT_POETRY,贈詩、文,directed,,,0.5,primary,唐五代人交往詩索引,437,A,ASSOC_DATA,40303,911,,[n/a],19244,92452
19244,92452,SOCIAL,SO_GIFT_POETRY,收到Y的贈詩、文,directed,,,0.5,primary,唐五代人交往詩索引,438,P,ASSOC_DATA,40303,911,,[n/a],92452,19244
19244,93663,KIN,K_OTHER,祖母,directed,,,0.7,unsourced,,370,KIN,KIN_DATA,,,,,19244,93663
19254,32227,SOCIAL,SO_GIFT_POETRY,贈詩、文,directed,,,0.5,primary,唐五代人交往詩索引,437,A,ASSOC_DATA,40303,932,,[n/a],19254,32227
19254,32227,SOCIAL,SO_GIFT_POETRY,收到Y的贈詩、文,directed,,,0.5,primary,唐五代人交往詩索引,438,P,ASSOC_DATA,40303,932,,[n/a],32227,19254
21194,3332,SOCIAL,SO_GIFT_POETRY,收到Y的贈詩、文,directed,,,0.5,primary,唐五代人交往詩索引,438,P,ASSOC_DATA,40303,1089,,[n/a],3332,21194
21194,3332,SOCIAL,SO_GIFT_POETRY,贈詩、文,directed,,,0.5,primary,唐五代人交往詩索引,437,A,ASSOC_DATA,40303,1089,,[n/a],21194,3332
21194,3915,SOCIAL,SO_GIFT_POETRY,收到Y的贈詩、文,directed,,,0.5,primary,唐五代人交往詩索引,438,P,ASSOC_DATA,40303,1089,,[n/a],3915,21194
21194,3915,SOCIAL,SO_GIFT_POETRY,贈詩、文,directed,,,0.5,primary,唐五代人交往詩索引,437,A,ASSOC_DATA,40303,1089,,[n/a],21194,3915
21194,15161,SOCIAL,SO_GIFT_POETRY,收到Y的贈詩、文,directed,,,0.5,primary,唐五代人交往詩索引,438,P,ASSOC_DATA,40303,1087,,[n/a],15161,21194
21194,15161,SOCIAL,SO_GIFT_POETRY,贈詩、文,directed,,,0.5,primary,唐五代人交往詩索引,437,A,ASSOC_DATA,40303,1087,,[n/a],21194,15161
21194,15610,SOCIAL,SO_GIFT_POETRY,收到Y的贈詩、文,directed,,,0.5,primary,唐五代人交往詩索引,438,P,ASSOC_DATA,40303,1086,,[n/a],15610,21194
21194,15610,SOCIAL,SO_GIFT_POETRY,贈詩、文,directed,,,0.5,primary,唐五代人交往詩索引,437,A,ASSOC_DATA,40303,1086,,[n/a],21194,15610
21194,19254,SOCIAL,SO_GIFT_POETRY,收到Y的贈詩、文,directed,,,0.5,primary,唐五代人交往詩索引,438,P,ASSOC_DATA,40303,1088,,[n/a],19254,21194
21194,19254,SOCIAL,SO_GIFT_POETRY,贈詩、文,directed,,,0.5,primary,唐五代人交往詩索引,437,A,ASSOC_DATA,40303,1088,,[n/a],21194,19254
21194,32054,LITERARY,LI_EPITAPH,為Y作墓誌銘,directed,852,,0.4,unsourced,,44,A,ASSOC_DATA,,,0,[n/a],21194,32054
21194,32054,SOCIAL,SO_GIFT_POETRY,贈詩、文,directed,,,0.5,primary,唐五代人交往詩索引,437,A,ASSOC_DATA,40303,1086,,[n/a],21194,32054
21194,32054,LITERARY,LI_EPITAPH,墓誌銘由Y所作,directed,838,,0.4,unsourced,,43,P,ASSOC_DATA,,,0,[n/a],32054,21194
21194,32054,SOCIAL,SO_GIFT_POETRY,收到Y的贈詩、文,directed,,,0.5,primary,唐五代人交往詩索引,438,P,ASSOC_DATA,40303,1086,,[n/a],32054,21194
21194,33485,LITERARY,LI_PREAMBLE,為Y所著書作序,directed,852,,0.4,unsourced,,32,A,ASSOC_DATA,,,0,[n/a],21194,33485
21194,33485,LITERARY,LI_PREAMBLE,書序由Y所作,directed,831,,0.4,unsourced,,33,P,ASSOC_DATA,,,0,[n/a],33485,21194
21194,34916,KIN,K_CHILD,子,directed,,,1.0,unsourced,,180,KIN,KIN_DATA,,,,,21194,34916
21194,92743,SOCIAL,SO_GIFT_POETRY,贈詩、文,directed,,,0.5,primary,唐五代人交往詩索引,437,A,ASSOC_DATA,40303,1083,,[n/a],21194,92743
21194,92743,SOCIAL,SO_GIFT_POETRY,收到Y的贈詩、文,directed,,,0.5,primary,唐五代人交往詩索引,438,P,ASSOC_DATA,40303,1083,,[n/a],92743,21194
21194,95068,SOCIAL,SO_CHANGHE,相唱和,undirected,,,0.6,primary,明清婦女著作數據庫,114,M,ASSOC_DATA,9601,2094,0,[n/a],21194,95068
21194,95068,SOCIAL,SO_CHANGHE,相唱和,undirected,,,0.6,primary,明清婦女著作數據庫,114,M,ASSOC_DATA,9601,2094,0,[n/a],95068,21194
21751,33606,SOCIAL,SO_GIFT_POETRY,贈詩、文,directed,,,0.5,primary,唐五代人交往詩索引,437,A,ASSOC_DATA,40303,1405,,[n/a],21751,33606
21751,33606,SOCIAL,SO_GIFT_POETRY,收到Y的贈詩、文,directed,,,0.5,primary,唐五代人交往詩索引,438,P,ASSOC_DATA,40303,1405,,[n/a],33606,21751
21751,447567,SOCIAL,SO_GIFT_POETRY,贈詩、文,directed,,,0.5,primary,唐五代人交往詩索引,437,A,ASSOC_DATA,40303,1405,,[n/a],21751,447567
21751,447567,SOCIAL,SO_GIFT_POETRY,收到Y的贈詩、文,directed,,,0.5,primary,唐五代人交往詩索引,438,P,ASSOC_DATA,40303,1405,,[n/a],447567,21751
22057,17130,SOCIAL,SO_GIFT_POETRY,收到Y的贈詩、文,directed,,,0.5,primary,唐五代人交往詩索引,438,P,ASSOC_DATA,40303,125,,[n/a],17130,22057
22057,17130,SOCIAL,SO_GIFT_POETRY,贈詩、文,directed,,,0.5,primary,唐五代人交往詩索引,437,A,ASSOC_DATA,40303,125,,[n/a],22057,17130
22469,3332,TEACHER_STUDENT,TS_STUDENT,學生為Y,directed,,,0.8,primary,人名權威資料（中央研究院歷史語言研究所）,23,P,ASSOC_DATA,9602,18182,,[n/a],3332,22469
22469,3332,TEACHER_STUDENT,TS_STUDENT,為Y之學生,directed,,,0.8,primary,人名權威資料（中央研究院歷史語言研究所）,22,A,ASSOC_DATA,9602,18182,,[n/a],22469,3332
22469,3332,KIN,K_OTHER,妻之叔伯,directed,,,0.7,primary,Pers DB / 唐代人物知識ベース,80,KIN,KIN_DATA,24309,pers01459,,,22469,3332
22469,93952,SOCIAL,SO_GIFT_POETRY,贈詩、文,directed,,,0.5,primary,唐五代人交往詩索引,437,A,ASSOC_DATA,40303,826,,[n/a],22469,93952
22469,93952,SOCIAL,SO_GIFT_POETRY,收到Y的贈詩、文,directed,,,0.5,primary,唐五代人交往詩索引,438,P,ASSOC_DATA,40303,826,,[n/a],93952,22469
22793,13060,SOCIAL,SO_GIFT_POETRY,收到Y的贈詩、文,directed,,,0.5,primary,唐五代人交往詩索引,438,P,ASSOC_DATA,40303,439,,[n/a],13060,22793
22793,13060,SOCIAL,SO_GIFT_POETRY,贈詩、文,directed,,,0.5,primary,唐五代人交往詩索引,437,A,ASSOC_DATA,40303,439,,[n/a],22793,13060
24412,3332,SOCIAL,SO_GIFT_POETRY,收到Y的贈詩、文,directed,,,0.5,primary,唐五代人交往詩索引,438,P,ASSOC_DATA,40303,748,,[n/a],3332,24412
24412,3332,SOCIAL,SO_GIFT_POETRY,贈詩、文,directed,,,0.5,primary,唐五代人交往詩索引,437,A,ASSOC_DATA,40303,748,,[n/a],24412,3332
24412,3915,SOCIAL,SO_GIFT_POETRY,收到Y的贈詩、文,directed,,,0.5,primary,唐五代人交往詩索引,438,P,ASSOC_DATA,40303,748,,[n/a],3915,24412
24412,3915,SOCIAL,SO_GIFT_POETRY,贈詩、文,directed,,,0.5,primary,唐五代人交往詩索引,437,A,ASSOC_DATA,40303,748,,[n/a],24412,3915
24412,15161,SOCIAL,SO_GIFT_POETRY,收到Y的贈詩、文,directed,,,0.5,primary,唐五代人交往詩索引,438,P,ASSOC_DATA,40303,746,,[n/a],15161,24412
24412,15161,SOCIAL,SO_GIFT_POETRY,贈詩、文,directed,,,0.5,primary,唐五代人交往詩索引,437,A,ASSOC_DATA,40303,746,,[n/a],24412,15161
24412,21194,SOCIAL,SO_GIFT_POETRY,收到Y的贈詩、文,directed,,,0.5,primary,唐五代人交往詩索引,438,P,ASSOC_DATA,40303,748,,[n/a],21194,24412
24412,21194,SOCIAL,SO_GIFT_POETRY,贈詩、文,directed,,,0.5,primary,唐五代人交往詩索引,437,A,ASSOC_DATA,40303,748,,[n/a],24412,21194
24412,32054,SOCIAL,SO_GIFT_POETRY,贈詩、文,directed,,,0.5,primary,唐五代人交往詩索引,437,A,ASSOC_DATA,40303,745,,[n/a],24412,32054
24412,32054,SOCIAL,SO_GIFT_POETRY,收到Y的贈詩、文,directed,,,0.5,primary,唐五代人交往詩索引,438,P,ASSOC_DATA,40303,745,,[n/a],32054,24412
24412,32227,LITERARY,LI_EPITAPH,為Y作墓誌銘,directed,858,,0.4,unsourced,,44,A,ASSOC_DATA,,,0,[n/a],24412,32227
24412,32227,LITERARY,LI_EPITAPH,墓誌銘由Y所作,directed,831,,0.4,unsourced,,43,P,ASSOC_DATA,,,0,[n/a],32227,24412
24412,32980,SOCIAL,SO_GIFT_POETRY,贈詩、文,directed,,,0.5,primary,唐五代人交往詩索引,437,A,ASSOC_DATA,40303,751,,[n/a],24412,32980
24412,32980,SOCIAL,SO_GIFT_POETRY,收到Y的贈詩、文,directed,,,0.5,primary,唐五代人交往詩索引,438,P,ASSOC_DATA,40303,751,,[n/a],32980,24412
24412,32985,SOCIAL,SO_GIFT_POETRY,贈詩、文,directed,,,0.5,primary,唐五代人交往詩索引,437,A,ASSOC_DATA,40303,750,,[n/a],24412,32985
24412,32985,SOCIAL,SO_GIFT_POETRY,收到Y的贈詩、文,directed,,,0.5,primary,唐五代人交往詩索引,438,P,ASSOC_DATA,40303,750,,[n/a],32985,24412
24412,33485,SOCIAL,SO_GIFT_POETRY,贈詩、文,directed,,,0.5,primary,唐五代人交往詩索引,437,A,ASSOC_DATA,40303,747,,[n/a],24412,33485
24412,33485,SOCIAL,SO_GIFT_POETRY,收到Y的贈詩、文,directed,,,0.5,primary,唐五代人交往詩索引,438,P,ASSOC_DATA,40303,747,,[n/a],33485,24412
24412,94717,SOCIAL,SO_GIFT_POETRY,贈詩、文,directed,,,0.5,primary,唐五代人交往詩索引,437,A,ASSOC_DATA,40303,748,,[n/a],24412,94717
24412,94717,SOCIAL,SO_GIFT_POETRY,收到Y的贈詩、文,directed,,,0.5,primary,唐五代人交往詩索引,438,P,ASSOC_DATA,40303,748,,[n/a],94717,24412
24412,447567,SOCIAL,SO_GIFT_POETRY,贈詩、文,directed,,,0.5,primary,唐五代人交往詩索引,437,A,ASSOC_DATA,40303,744,,[n/a],24412,447567
24412,447567,SOCIAL,SO_GIFT_POETRY,收到Y的贈詩、文,directed,,,0.5,primary,唐五代人交往詩索引,438,P,ASSOC_DATA,40303,744,,[n/a],447567,24412
24654,3605,COLLEAGUE,CL_SUPERIOR,上司為Y,directed,804,,0.8,unsourced,,481,P,ASSOC_DATA,,,,[n/a],3605,24654
24654,3605,COLLEAGUE,CL_SUPERIOR,下屬為Y,directed,804,,0.8,unsourced,,482,A,ASSOC_DATA,,,,[n/a],24654,3605
26935,19244,SOCIAL,SO_GIFT_POETRY,收到Y的贈詩、文,directed,,,0.5,primary,唐五代人交往詩索引,438,P,ASSOC_DATA,40303,978,,[n/a],19244,26935
26935,19244,SOCIAL,SO_GIFT_POETRY,贈詩、文,directed,,,0.5,primary,唐五代人交往詩索引,437,A,ASSOC_DATA,40303,978,,[n/a],26935,19244
26935,94160,KIN,K_OTHER,孫,directed,,,0.7,primary,Pers DB / 唐代人物知識ベース,243,KIN,KIN_DATA,24309,pers02660,,,26935,94160
30851,3840,SOCIAL,SO_GIFT_POETRY,收到Y的贈詩、文,directed,,,0.5,primary,唐五代人交往詩索引,438,P,ASSOC_DATA,40303,37,0,[n/a],3840,30851
30851,3840,SOCIAL,SO_GIFT_POETRY,贈詩、文,directed,,,0.5,primary,唐五代人交往詩索引,437,A,ASSOC_DATA,40303,37,0,[n/a],30851,3840
30851,3915,SOCIAL,SO_GIFT_POETRY,收到Y的贈詩、文,directed,,,0.5,primary,唐五代人交往詩索引,438,P,ASSOC_DATA,40303,36,,[n/a],3915,30851
30851,3915,SOCIAL,SO_GIFT_POETRY,贈詩、文,directed,,,0.5,primary,唐五代人交往詩索引,437,A,ASSOC_DATA,40303,36,,[n/a],30851,3915
30851,15610,SOCIAL,SO_GIFT_POETRY,收到Y的贈詩、文,directed,,,0.5,primary,唐五代人交往詩索引,438,P,ASSOC_DATA,40303,33,,[n/a],15610,30851
30851,15610,SOCIAL,SO_GIFT_POETRY,贈詩、文,directed,,,0.5,primary,唐五代人交往詩索引,437,A,ASSOC_DATA,40303,33,,[n/a],30851,15610
30851,32534,SOCIAL,SO_GIFT_POETRY,贈詩、文,directed,,,0.5,primary,唐五代人交往詩索引,437,A,ASSOC_DATA,40303,35,,[n/a],30851,32534
30851,32534,SOCIAL,SO_GIFT_POETRY,收到Y的贈詩、文,directed,,,0.5,primary,唐五代人交往詩索引,438,P,ASSOC_DATA,40303,35,,[n/a],32534,30851
30851,32540,SOCIAL,SO_TONGYOU,與Y旅遊,undirected,,,0.5,unsourced,,555,M,ASSOC_DATA,,,,[n/a],30851,32540
30851,32540,SOCIAL,SO_TONGYOU,與Y旅遊,undirected,,,0.5,unsourced,,555,M,ASSOC_DATA,,,,[n/a],32540,30851
30851,33062,SOCIAL,SO_GIFT_POETRY,贈詩、文,directed,,,0.5,primary,唐五代人交往詩索引,437,A,ASSOC_DATA,40303,32,,[n/a],30851,33062
30851,33062,SOCIAL,SO_GIFT_POETRY,收到Y的贈詩、文,directed,,,0.5,primary,唐五代人交往詩索引,438,P,ASSOC_DATA,40303,32,,[n/a],33062,30851
30851,93409,SOCIAL,SO_GIFT_POETRY,贈詩、文,directed,,,0.5,primary,唐五代人交往詩索引,437,A,ASSOC_DATA,40303,32,,[n/a],30851,93409
30851,93409,SOCIAL,SO_GIFT_POETRY,收到Y的贈詩、文,directed,,,0.5,primary,唐五代人交往詩索引,438,P,ASSOC_DATA,40303,32,,[n/a],93409,30851
30851,95025,SOCIAL,SO_GIFT_POETRY,贈詩、文,directed,,,0.5,primary,唐五代人交往詩索引,437,A,ASSOC_DATA,40303,31,,[n/a],30851,95025
30851,95025,SOCIAL,SO_GIFT_POETRY,收到Y的贈詩、文,directed,,,0.5,primary,唐五代人交往詩索引,438,P,ASSOC_DATA,40303,31,,[n/a],95025,30851
30938,13060,SOCIAL,SO_GIFT_POETRY,收到Y的贈詩、文,directed,,,0.5,primary,唐五代人交往詩索引,438,P,ASSOC_DATA,40303,701,,[n/a],13060,30938
30938,13060,SOCIAL,SO_GIFT_POETRY,贈詩、文,directed,,,0.5,primary,唐五代人交往詩索引,437,A,ASSOC_DATA,40303,701,,[n/a],30938,13060
31066,19241,KIN,K_CHILD,子,directed,,,1.0,unsourced,,180,KIN,KIN_DATA,,,,,31066,19241
31066,31068,KIN,K_SIBLING,兄弟,undirected,,,0.9,primary,明清婦女著作數據庫,118,KIN,KIN_DATA,9601,"MQWW PoetID #2518, HuWenKai #27",,,31066,31068
31066,31068,KIN,K_SIBLING,姊妹,undirected,,,0.9,primary,明清婦女著作數據庫,374,KIN,KIN_DATA,9601,"MQWW PoetID #2518, HuWenKai #27",,,31068,31066
31068,3685,SOCIAL,SO_GIFT_POETRY,收到Y的贈詩、文,directed,,,0.5,primary,唐五代人交往詩索引,438,P,ASSOC_DATA,40303,1278,,[n/a],3685,31068
31068,3685,SOCIAL,SO_GIFT_POETRY,贈詩、文,directed,,,0.5,primary,唐五代人交往詩索引,437,A,ASSOC_DATA,40303,1278,,[n/a],31068,3685
31068,13060,SOCIAL,SO_GIFT_POETRY,收到Y的贈詩、文,directed,,,0.5,primary,唐五代人交往詩索引,438,P,ASSOC_DATA,40303,1278,,[n/a],13060,31068
31068,13060,SOCIAL,SO_GIFT_POETRY,贈詩、文,directed,,,0.5,primary,唐五代人交往詩索引,437,A,ASSOC_DATA,40303,1278,,[n/a],31068,13060
31068,17130,SOCIAL,SO_GIFT_POETRY,收到Y的贈詩、文,directed,,,0.5,primary,唐五代人交往詩索引,438,P,ASSOC_DATA,40303,1278,,[n/a],17130,31068
31068,17130,SOCIAL,SO_GIFT_POETRY,贈詩、文,directed,,,0.5,primary,唐五代人交往詩索引,437,A,ASSOC_DATA,40303,1278,,[n/a],31068,17130
31110,31560,COLLEAGUE,CL_TONGLIAO,同僚,undirected,,,0.8,primary,舊唐書,197,M,ASSOC_DATA,4801,5025,,[n/a],31110,31560
31110,31560,COLLEAGUE,CL_TONGLIAO,同僚,undirected,,,0.8,primary,舊唐書,197,M,ASSOC_DATA,4801,5025,,[n/a],31560,31110
31143,31560,SOCIAL,SO_GIFT_POETRY,贈詩、文,directed,,,0.5,primary,唐五代人交往詩索引,437,A,ASSOC_DATA,40303,1402,,[n/a],31143,31560
31143,31560,SOCIAL,SO_GIFT_POETRY,收到Y的贈詩、文,directed,,,0.5,primary,唐五代人交往詩索引,438,P,ASSOC_DATA,40303,1402,,[n/a],31560,31143
31143,93663,POLITICAL,PO_OPPOSE,反對/不支持Y的政策,directed,,,0.3,primary,資治通鑑,136,A,ASSOC_DATA,3886,,,[n/a],31143,93663
31143,93663,POLITICAL,PO_OPPOSE,其政策被Y反對/不支持,directed,,,0.3,primary,資治通鑑,137,P,ASSOC_DATA,3886,,,[n/a],93663,31143
31221,32847,POLITICAL,PO_OPPOSE,忌/惡,directed,756,,0.3,unsourced,,83,A,ASSOC_DATA,,,0,[n/a],31221,32847
31221,32847,POLITICAL,PO_OPPOSE,為Y所忌/惡,directed,781,,0.3,unsourced,,84,P,ASSOC_DATA,,,0,[n/a],32847,31221
31275,11605,SOCIAL,SO_GIFT_POETRY,收到Y的贈詩、文,directed,,,0.5,primary,唐五代人交往詩索引,438,P,ASSOC_DATA,40303,666,,[n/a],11605,31275
31275,11605,SOCIAL,SO_GIFT_POETRY,贈詩、文,directed,,,0.5,primary,唐五代人交往詩索引,437,A,ASSOC_DATA,40303,666,,[n/a],31275,11605
31275,19244,SOCIAL,SO_GIFT_POETRY,收到Y的贈詩、文,directed,,,0.5,primary,唐五代人交往詩索引,438,P,ASSOC_DATA,40303,666,,[n/a],19244,31275
31275,19244,SOCIAL,SO_GIFT_POETRY,贈詩、文,directed,,,0.5,primary,唐五代人交往詩索引,437,A,ASSOC_DATA,40303,666,,[n/a],31275,19244
31275,31407,SOCIAL,SO_GIFT_POETRY,贈詩、文,directed,,,0.5,primary,唐五代人交往詩索引,437,A,ASSOC_DATA,40303,666,,[n/a],31275,31407
31275,31407,SOCIAL,SO_GIFT_POETRY,收到Y的贈詩、文,directed,,,0.5,primary,唐五代人交往詩索引,438,P,ASSOC_DATA,40303,666,,[n/a],31407,31275
31312,11965,TEACHER_STUDENT,TS_STUDENT,學生為Y,directed,,,0.8,primary,人名權威資料（中央研究院歷史語言研究所）,23,P,ASSOC_DATA,9602,18135,,[n/a],11965,31312
31312,11965,TEACHER_STUDENT,TS_STUDENT,為Y之學生,directed,,,0.8,primary,人名權威資料（中央研究院歷史語言研究所）,22,A,ASSOC_DATA,9602,18135,,[n/a],31312,11965
31322,31367,SOCIAL,SO_GIFT_POETRY,贈詩、文,directed,,,0.5,primary,唐五代人交往詩索引,437,A,ASSOC_DATA,40303,1380,,[n/a],31322,31367
31322,31367,SOCIAL,SO_GIFT_POETRY,收到Y的贈詩、文,directed,,,0.5,primary,唐五代人交往詩索引,438,P,ASSOC_DATA,40303,1380,,[n/a],31367,31322
31322,31560,SOCIAL,SO_FRIEND,友,undirected,,,0.6,primary,新唐書,9,M,ASSOC_DATA,2123,4239,,[n/a],31322,31560
31322,31560,SOCIAL,SO_GIFT_POETRY,贈詩、文,directed,,,0.5,primary,唐五代人交往詩索引,437,A,ASSOC_DATA,40303,1380,,[n/a],31322,31560
31322,31560,SOCIAL,SO_FRIEND,友,undirected,,,0.6,primary,新唐書,9,M,ASSOC_DATA,2123,4239,,[n/a],31560,31322
31322,31560,SOCIAL,SO_GIFT_POETRY,收到Y的贈詩、文,directed,,,0.5,primary,唐五代人交往詩索引,438,P,ASSOC_DATA,40303,1380,,[n/a],31560,31322
31407,26935,LITERARY,LI_EPITAPH,墓誌銘由Y所作,directed,710,,0.4,unsourced,,43,P,ASSOC_DATA,,,0,[n/a],26935,31407
31407,26935,LITERARY,LI_EPITAPH,為Y作墓誌銘,directed,726,,0.4,unsourced,,44,A,ASSOC_DATA,,,0,[n/a],31407,26935
31407,31110,SOCIAL,SO_GIFT_POETRY,收到Y的贈詩、文,directed,,,0.5,primary,明清婦女著作數據庫,438,P,ASSOC_DATA,9601,MQWW PoetID #2052,0,[n/a],31110,31407
31407,31110,SOCIAL,SO_GIFT_POETRY,贈詩、文,directed,,,0.5,primary,明清婦女著作數據庫,437,A,ASSOC_DATA,9601,MQWW PoetID #2052,0,[n/a],31407,31110
31407,31367,SOCIAL,SO_GIFT_POETRY,收到Y的贈詩、文,directed,,,0.5,primary,唐五代人交往詩索引,438,P,ASSOC_DATA,40303,221,,[n/a],31367,31407
31407,31367,SOCIAL,SO_GIFT_POETRY,贈詩、文,directed,,,0.5,primary,唐五代人交往詩索引,437,A,ASSOC_DATA,40303,221,,[n/a],31407,31367
31407,31575,SOCIAL,SO_GIFT_POETRY,贈詩、文,directed,,,0.5,primary,唐五代人交往詩索引,437,A,ASSOC_DATA,40303,222,,[n/a],31407,31575
31407,31575,SOCIAL,SO_GIFT_POETRY,收到Y的贈詩、文,directed,,,0.5,primary,唐五代人交往詩索引,438,P,ASSOC_DATA,40303,222,,[n/a],31575,31407
31407,91931,LITERARY,LI_PREAMBLE,為Y所著書作序,directed,,,0.4,primary,明清婦女著作數據庫,32,A,ASSOC_DATA,9601,"MQWW PoetID #2047, HuWenKai #17",0,[n/a],31407,91931
31407,91931,LITERARY,LI_PREAMBLE,書序由Y所作,directed,,,0.4,primary,明清婦女著作數據庫,33,P,ASSOC_DATA,9601,"MQWW PoetID #2047, HuWenKai #17",0,[n/a],91931,31407
31407,92452,SOCIAL,SO_GIFT_POETRY,贈詩、文,directed,,,0.5,primary,唐五代人交往詩索引,437,A,ASSOC_DATA,40303,221,,[n/a],31407,92452
31407,92452,SOCIAL,SO_GIFT_POETRY,收到Y的贈詩、文,directed,,,0.5,primary,唐五代人交往詩索引,438,P,ASSOC_DATA,40303,221,,[n/a],92452,31407
31560,11605,SOCIAL,SO_GIFT_POETRY,收到Y的贈詩、文,directed,,,0.5,primary,唐五代人交往詩索引,438,P,ASSOC_DATA,40303,670,,[n/a],11605,31560
31560,11605,SOCIAL,SO_GIFT_POETRY,贈詩、文,directed,,,0.5,primary,唐五代人交往詩索引,437,A,ASSOC_DATA,40303,670,,[n/a],31560,11605
31560,31110,SOCIAL,SO_GIFT_POETRY,收到Y的贈詩、文,directed,,,0.5,primary,唐五代人交往詩索引,438,P,ASSOC_DATA,40303,671,,[n/a],31110,31560
31560,31110,SOCIAL,SO_GIFT_POETRY,贈詩、文,directed,,,0.5,primary,唐五代人交往詩索引,437,A,ASSOC_DATA,40303,671,,[n/a],31560,31110
31560,31143,SOCIAL,SO_GIFT_POETRY,收到Y的贈詩、文,directed,,,0.5,primary,唐五代人交往詩索引,438,P,ASSOC_DATA,40303,671,,[n/a],31143,31560
31560,31143,SOCIAL,SO_GIFT_POETRY,贈詩、文,directed,,,0.5,primary,唐五代人交往詩索引,437,A,ASSOC_DATA,40303,671,,[n/a],31560,31143
31560,31367,SOCIAL,SO_GIFT_POETRY,收到Y的贈詩、文,directed,,,0.5,primary,唐五代人交往詩索引,438,P,ASSOC_DATA,40303,669,,[n/a],31367,31560
31560,31367,SOCIAL,SO_GIFT_POETRY,贈詩、文,directed,,,0.5,primary,唐五代人交往詩索引,437,A,ASSOC_DATA,40303,669,,[n/a],31560,31367
31560,32198,SOCIAL,SO_GIFT_POETRY,贈詩、文,directed,,,0.5,primary,唐五代人交往詩索引,437,A,ASSOC_DATA,40303,669,,[n/a],31560,32198
31560,32198,SOCIAL,SO_GIFT_POETRY,收到Y的贈詩、文,directed,,,0.5,primary,唐五代人交往詩索引,438,P,ASSOC_DATA,40303,669,,[n/a],32198,31560
31560,32593,SOCIAL,SO_FRIEND,友,undirected,,,0.6,primary,新唐書,9,M,ASSOC_DATA,2123,4239,,[n/a],31560,32593
31560,32593,COLLEAGUE,CL_TONGLIAO,同僚,undirected,,,0.8,primary,舊唐書,197,M,ASSOC_DATA,4801,5025,,[n/a],31560,32593
31560,32593,SOCIAL,SO_GIFT_POETRY,贈詩、文,directed,,,0.5,primary,唐五代人交往詩索引,437,A,ASSOC_DATA,40303,670,,[n/a],31560,32593
31560,32593,SOCIAL,SO_FRIEND,友,undirected,,,0.6,primary,新唐書,9,M,ASSOC_DATA,2123,4239,,[n/a],32593,31560
31560,32593,COLLEAGUE,CL_TONGLIAO,同僚,undirected,,,0.8,primary,舊唐書,197,M,ASSOC_DATA,4801,5025,,[n/a],32593,31560
31560,32593,SOCIAL,SO_GIFT_POETRY,收到Y的贈詩、文,directed,,,0.5,primary,唐五代人交往詩索引,438,P,ASSOC_DATA,40303,670,,[n/a],32593,31560
31560,92452,SOCIAL,SO_FRIEND,友,undirected,,,0.6,primary,新唐書,9,M,ASSOC_DATA,2123,4239,,[n/a],31560,92452
31560,92452,SOCIAL,SO_GIFT_POETRY,贈詩、文,directed,,,0.5,primary,唐五代人交往詩索引,437,A,ASSOC_DATA,40303,668,,[n/a],31560,92452
31560,92452,SOCIAL,SO_FRIEND,友,undirected,,,0.6,primary,新唐書,9,M,ASSOC_DATA,2123,4239,,[n/a],92452,31560
31560,92452,SOCIAL,SO_GIFT_POETRY,收到Y的贈詩、文,directed,,,0.5,primary,唐五代人交往詩索引,438,P,ASSOC_DATA,40303,668,,[n/a],92452,31560
31560,447292,SOCIAL,SO_GIFT_POETRY,贈詩、文,directed,,,0.5,primary,唐五代人交往詩索引,437,A,ASSOC_DATA,40303,669,,[n/a],31560,447292
31560,447292,SOCIAL,SO_GIFT_POETRY,收到Y的贈詩、文,directed,,,0.5,primary,唐五代人交往詩索引,438,P,ASSOC_DATA,40303,669,,[n/a],447292,31560
31575,19241,SOCIAL,SO_GIFT_POETRY,收到Y的贈詩、文,directed,,,0.5,primary,唐五代人交往詩索引,438,P,ASSOC_DATA,40303,788,,[n/a],19241,31575
31575,19241,SOCIAL,SO_GIFT_POETRY,贈詩、文,directed,,,0.5,primary,唐五代人交往詩索引,437,A,ASSOC_DATA,40303,788,,[n/a],31575,19241
31575,31143,SOCIAL,SO_GIFT_POETRY,收到Y的贈詩、文,directed,,,0.5,primary,唐五代人交往詩索引,438,P,ASSOC_DATA,40303,790,,[n/a],31143,31575
31575,31143,SOCIAL,SO_GIFT_POETRY,贈詩、文,directed,,,0.5,primary,唐五代人交往詩索引,437,A,ASSOC_DATA,40303,790,,[n/a],31575,31143
31575,32593,SOCIAL,SO_GIFT_POETRY,贈詩、文,directed,,,0.5,primary,唐五代人交往詩索引,437,A,ASSOC_DATA,40303,789,,[n/a],31575,32593
31575,32593,SOCIAL,SO_GIFT_POETRY,收到Y的贈詩、文,directed,,,0.5,primary,唐五代人交往詩索引,438,P,ASSOC_DATA,40303,789,,[n/a],32593,31575
31575,92452,SOCIAL,SO_GIFT_POETRY,贈詩、文,directed,,,0.5,primary,唐五代人交往詩索引,437,A,ASSOC_DATA,40303,788,,[n/a],31575,92452
31575,92452,SOCIAL,SO_GIFT_POETRY,收到Y的贈詩、文,directed,,,0.5,primary,唐五代人交往詩索引,438,P,ASSOC_DATA,40303,788,,[n/a],92452,31575
32054,32227,SOCIAL,SO_GIFT_POETRY,贈詩、文,directed,,,0.5,primary,唐五代人交往詩索引,437,A,ASSOC_DATA,40303,500,,[n/a],32054,32227
32054,32227,SOCIAL,SO_GIFT_POETRY,收到Y的贈詩、文,directed,,,0.5,primary,唐五代人交往詩索引,438,P,ASSOC_DATA,40303,500,,[n/a],32227,32054
32054,95068,SOCIAL,SO_CHANGHE,相唱和,undirected,,,0.6,primary,明清婦女著作數據庫,114,M,ASSOC_DATA,9601,2094,0,[n/a],32054,95068
32054,95068,SOCIAL,SO_CHANGHE,相唱和,undirected,,,0.6,primary,明清婦女著作數據庫,114,M,ASSOC_DATA,9601,2094,0,[n/a],95068,32054
32174,3130,SOCIAL,SO_GIFT_POETRY,收到Y的贈詩、文,directed,734,,0.5,primary,王維年譜,438,P,ASSOC_DATA,60019,60,16,《上張令公》,3130,32174
32174,3130,SOCIAL,SO_GIFT_POETRY,收到Y的贈詩、文,directed,735,,0.5,primary,唐五代人交往詩索引,438,P,ASSOC_DATA,40303,110,18,《獻始興公》,3130,32174
32174,3130,SOCIAL,SO_GIFT_POETRY,贈詩、文,directed,734,,0.5,primary,王維年譜,437,A,ASSOC_DATA,60019,60,16,《上張令公》,32174,3130
32174,3130,SOCIAL,SO_GIFT_POETRY,贈詩、文,directed,735,,0.5,primary,唐五代人交往詩索引,437,A,ASSOC_DATA,40303,110,18,《獻始興公》,32174,3130
32174,19244,SOCIAL,SO_GIFT_POETRY,收到Y的贈詩、文,directed,,,0.5,primary,唐五代人交往詩索引,438,P,ASSOC_DATA,40303,113,,[n/a],19244,32174
32174,19244,SOCIAL,SO_GIFT_POETRY,贈詩、文,directed,,,0.5,primary,唐五代人交往詩索引,437,A,ASSOC_DATA,40303,113,,[n/a],32174,19244
32174,31221,SOCIAL,SO_GIFT_POETRY,收到Y的贈詩、文,directed,,,0.5,primary,唐五代人交往詩索引,438,P,ASSOC_DATA,40303,115,,[n/a],31221,32174
32174,31221,SOCIAL,SO_GIFT_POETRY,贈詩、文,directed,,,0.5,primary,唐五代人交往詩索引,437,A,ASSOC_DATA,40303,115,,[n/a],32174,31221
32174,32534,SOCIAL,SO_GIFT_POETRY,贈詩、文,directed,,,0.5,primary,唐五代人交往詩索引,437,A,ASSOC_DATA,40303,113,,[n/a],32174,32534
32174,32534,SOCIAL,SO_GIFT_POETRY,收到Y的贈詩、文,directed,,,0.5,primary,唐五代人交往詩索引,438,P,ASSOC_DATA,40303,113,,[n/a],32534,32174
32174,93956,SOCIAL,SO_GIFT_POETRY,贈詩、文,directed,729,,0.5,primary,王維年譜,437,A,ASSOC_DATA,60019,51,11,《送孟六歸襄陽》,32174,93956
32174,93956,SOCIAL,SO_GIFT_POETRY,收到Y的贈詩、文,directed,729,,0.5,primary,王維年譜,438,P,ASSOC_DATA,60019,51,11,《送孟六歸襄陽》,93956,32174
32198,19214,SOCIAL,SO_GIFT_POETRY,收到Y的贈詩、文,directed,,,0.5,primary,唐五代人交往詩索引,438,P,ASSOC_DATA,40303,696,,[n/a],19214,32198
32198,19214,SOCIAL,SO_GIFT_POETRY,贈詩、文,directed,,,0.5,primary,唐五代人交往詩索引,437,A,ASSOC_DATA,40303,696,,[n/a],32198,19214
32198,19241,SOCIAL,SO_GIFT_POETRY,收到Y的贈詩、文,directed,,,0.5,primary,唐五代人交往詩索引,438,P,ASSOC_DATA,40303,695,,[n/a],19241,32198
32198,19241,SOCIAL,SO_GIFT_POETRY,贈詩、文,directed,,,0.5,primary,唐五代人交往詩索引,437,A,ASSOC_DATA,40303,695,,[n/a],32198,19241
32198,31367,SOCIAL,SO_GIFT_POETRY,收到Y的贈詩、文,directed,,,0.5,primary,唐五代人交往詩索引,438,P,ASSOC_DATA,40303,694,,[n/a],31367,32198
32198,31367,SOCIAL,SO_GIFT_POETRY,贈詩、文,directed,,,0.5,primary,唐五代人交往詩索引,437,A,ASSOC_DATA,40303,694,,[n/a],32198,31367
32198,32593,SOCIAL,SO_GIFT_POETRY,贈詩、文,directed,,,0.5,primary,唐五代人交往詩索引,437,A,ASSOC_DATA,40303,696,,[n/a],32198,32593
32198,32593,SOCIAL,SO_GIFT_POETRY,收到Y的贈詩、文,directed,,,0.5,primary,唐五代人交往詩索引,438,P,ASSOC_DATA,40303,696,,[n/a],32593,32198
32198,92452,SOCIAL,SO_GIFT_POETRY,贈詩、文,directed,,,0.5,primary,唐五代人交往詩索引,437,A,ASSOC_DATA,40303,694,,[n/a],32198,92452
32198,92452,SOCIAL,SO_GIFT_POETRY,收到Y的贈詩、文,directed,,,0.5,primary,唐五代人交往詩索引,438,P,ASSOC_DATA,40303,694,,[n/a],92452,32198
32198,447292,SOCIAL,SO_GIFT_POETRY,贈詩、文,directed,,,0.5,primary,唐五代人交往詩索引,437,A,ASSOC_DATA,40303,694,,[n/a],32198,447292
32198,447292,SOCIAL,SO_GIFT_POETRY,收到Y的贈詩、文,directed,,,0.5,primary,唐五代人交往詩索引,438,P,ASSOC_DATA,40303,694,,[n/a],447292,32198
32227,3915,SOCIAL,SO_GIFT_POETRY,收到Y的贈詩、文,directed,,,0.5,primary,唐五代人交往詩索引,438,P,ASSOC_DATA,40303,551,,[n/a],3915,32227
32227,3915,SOCIAL,SO_GIFT_POETRY,贈詩、文,directed,,,0.5,primary,唐五代人交往詩索引,437,A,ASSOC_DATA,40303,551,,[n/a],32227,3915
32227,13575,SOCIAL,SO_GIFT_POETRY,收到Y的贈詩、文,directed,,,0.5,primary,唐五代人交往詩索引,438,P,ASSOC_DATA,40303,527,,[n/a],13575,32227
32227,13575,SOCIAL,SO_GIFT_POETRY,贈詩、文,directed,,,0.5,primary,唐五代人交往詩索引,437,A,ASSOC_DATA,40303,527,,[n/a],32227,13575
32227,15161,SOCIAL,SO_GIFT_POETRY,收到Y的贈詩、文,directed,,,0.5,primary,唐五代人交往詩索引,438,P,ASSOC_DATA,40303,543,,[n/a],15161,32227
32227,15161,SOCIAL,SO_GIFT_POETRY,贈詩、文,directed,,,0.5,primary,唐五代人交往詩索引,437,A,ASSOC_DATA,40303,543,,[n/a],32227,15161
32227,24654,SOCIAL,SO_GIFT_POETRY,收到Y的贈詩、文,directed,,,0.5,primary,唐五代人交往詩索引,438,P,ASSOC_DATA,40303,530,,[n/a],24654,32227
32227,24654,SOCIAL,SO_GIFT_POETRY,贈詩、文,directed,,,0.5,primary,唐五代人交往詩索引,437,A,ASSOC_DATA,40303,530,,[n/a],32227,24654
32227,32054,SOCIAL,SO_GIFT_POETRY,收到Y的贈詩、文,directed,,,0.5,primary,唐五代人交往詩索引,438,P,ASSOC_DATA,40303,535,,[n/a],32054,32227
32227,32054,SOCIAL,SO_GIFT_POETRY,贈詩、文,directed,,,0.5,primary,唐五代人交往詩索引,437,A,ASSOC_DATA,40303,535,,[n/a],32227,32054
32227,32248,SOCIAL,SO_FRIEND,友,undirected,,,0.6,unsourced,,9,M,ASSOC_DATA,,,,[n/a],32227,32248
32227,32248,COLLEAGUE,CL_TONGNIAN,同年友,undirected,,,0.7,primary,舊唐書,10,M,ASSOC_DATA,4801,,,[n/a],32227,32248
32227,32248,LITERARY,LI_EPITAPH,為Y作墓誌銘,directed,831,,0.4,unsourced,,44,A,ASSOC_DATA,,,0,[n/a],32227,32248
32227,32248,LITERARY,LI_EULOGY,為Y作祭文,directed,,,0.4,unsourced,,145,A,ASSOC_DATA,,,,[n/a],32227,32248
32227,32248,LITERARY,LI_LETTER,致書Y,directed,,,0.4,unsourced,,429,A,ASSOC_DATA,,,,[n/a],32227,32248
32227,32248,SOCIAL,SO_GIFT_POETRY,贈詩、文,directed,,,0.5,primary,唐五代人交往詩索引,437,A,ASSOC_DATA,40303,519,,[n/a],32227,32248
32227,32248,SOCIAL,SO_FRIEND,友,undirected,,,0.6,unsourced,,9,M,ASSOC_DATA,,,,[n/a],32248,32227
32227,32248,COLLEAGUE,CL_TONGNIAN,同年友,undirected,,,0.7,primary,舊唐書,10,M,ASSOC_DATA,4801,,,[n/a],32248,32227
32227,32248,LITERARY,LI_EPITAPH,墓誌銘由Y所作,directed,831,,0.4,unsourced,,43,P,ASSOC_DATA,,,0,[n/a],32248,32227
32227,32248,LITERARY,LI_EULOGY,祭文由Y所作,directed,,,0.4,unsourced,,146,P,ASSOC_DATA,,,,[n/a],32248,32227
32227,32248,LITERARY,LI_LETTER,被致書由Y,directed,,,0.4,unsourced,,430,P,ASSOC_DATA,,,,[n/a],32248,32227
32227,32248,SOCIAL,SO_GIFT_POETRY,收到Y的贈詩、文,directed,,,0.5,primary,唐五代人交往詩索引,438,P,ASSOC_DATA,40303,519,,[n/a],32248,32227
32227,32540,SOCIAL,SO_GIFT_POETRY,贈詩、文,directed,,,0.5,primary,唐五代人交往詩索引,437,A,ASSOC_DATA,40303,544,,[n/a],32227,32540
32227,32540,SOCIAL,SO_GIFT_POETRY,收到Y的贈詩、文,directed,,,0.5,primary,唐五代人交往詩索引,438,P,ASSOC_DATA,40303,544,,[n/a],32540,32227
32227,32822,SOCIAL,SO_GIFT_POETRY,贈詩、文,directed,,,0.5,primary,唐五代人交往詩索引,437,A,ASSOC_DATA,40303,547,,[n/a],32227,32822
32227,32822,SOCIAL,SO_GIFT_POETRY,收到Y的贈詩、文,directed,,,0.5,primary,唐五代人交往詩索引,438,P,ASSOC_DATA,40303,547,,[n/a],32822,32227
32227,32980,SOCIAL,SO_GIFT_POETRY,贈詩、文,directed,,,0.5,primary,唐五代人交往詩索引,437,A,ASSOC_DATA,40303,564,,[n/a],32227,32980
32227,32980,SOCIAL,SO_GIFT_POETRY,收到Y的贈詩、文,directed,,,0.5,primary,唐五代人交往詩索引,438,P,ASSOC_DATA,40303,564,,[n/a],32980,32227
32227,33589,SOCIAL,SO_GIFT_POETRY,贈詩、文,directed,,,0.5,primary,唐五代人交往詩索引,437,A,ASSOC_DATA,40303,555,,[n/a],32227,33589
32227,33589,SOCIAL,SO_GIFT_POETRY,收到Y的贈詩、文,directed,,,0.5,primary,唐五代人交往詩索引,438,P,ASSOC_DATA,40303,555,,[n/a],33589,32227
32227,33606,SOCIAL,SO_FRIEND,友,undirected,,,0.6,unsourced,,9,M,ASSOC_DATA,,,,[n/a],32227,33606
32227,33606,LITERARY,LI_LETTER,致書Y,directed,,,0.4,unsourced,,429,A,ASSOC_DATA,,,,[n/a],32227,33606
32227,33606,SOCIAL,SO_GIFT_POETRY,贈詩、文,directed,,,0.5,primary,唐五代人交往詩索引,437,A,ASSOC_DATA,40303,557,,[n/a],32227,33606
32227,33606,SOCIAL,SO_FRIEND,友,undirected,,,0.6,unsourced,,9,M,ASSOC_DATA,,,,[n/a],33606,32227
32227,33606,LITERARY,LI_LETTER,被致書由Y,directed,,,0.4,unsourced,,430,P,ASSOC_DATA,,,,[n/a],33606,32227
32227,33606,SOCIAL,SO_GIFT_POETRY,收到Y的贈詩、文,directed,,,0.5,primary,唐五代人交往詩索引,438,P,ASSOC_DATA,40303,557,,[n/a],33606,32227
32227,92047,SOCIAL,SO_GIFT_POETRY,贈詩、文,directed,,,0.5,primary,唐五代人交往詩索引,437,A,ASSOC_DATA,40303,517,,[n/a],32227,92047
32227,92047,SOCIAL,SO_GIFT_POETRY,收到Y的贈詩、文,directed,,,0.5,primary,唐五代人交往詩索引,438,P,ASSOC_DATA,40303,517,,[n/a],92047,32227
32227,92982,COLLEAGUE,CL_TONGLIAO,同僚,undirected,,,0.8,unsourced,,197,M,ASSOC_DATA,,,,[n/a],32227,92982
32227,92982,SOCIAL,SO_GIFT_POETRY,贈詩、文,directed,,,0.5,primary,唐五代人交往詩索引,437,A,ASSOC_DATA,40303,543,,[n/a],32227,92982
32227,92982,COLLEAGUE,CL_TONGLIAO,同僚,undirected,,,0.8,unsourced,,197,M,ASSOC_DATA,,,,[n/a],92982,32227
32227,92982,SOCIAL,SO_GIFT_POETRY,收到Y的贈詩、文,directed,,,0.5,primary,唐五代人交往詩索引,438,P,ASSOC_DATA,40303,543,,[n/a],92982,32227
32227,93956,SOCIAL,SO_GIFT_POETRY,贈詩、文,directed,,,0.5,primary,唐五代人交往詩索引,437,A,ASSOC_DATA,40303,530,,[n/a],32227,93956
32227,93956,SOCIAL,SO_GIFT_POETRY,收到Y的贈詩、文,directed,,,0.5,primary,唐五代人交往詩索引,438,P,ASSOC_DATA,40303,530,,[n/a],93956,32227
32227,94116,SOCIAL,SO_GIFT_POETRY,贈詩、文,directed,,,0.5,primary,唐五代人交往詩索引,437,A,ASSOC_DATA,40303,537,,[n/a],32227,94116
32227,94116,SOCIAL,SO_GIFT_POETRY,收到Y的贈詩、文,directed,,,0.5,primary,唐五代人交往詩索引,438,P,ASSOC_DATA,40303,537,,[n/a],94116,32227
32227,95068,SOCIAL,SO_CHANGHE,相唱和,undirected,,,0.6,primary,明清婦女著作數據庫,114,M,ASSOC_DATA,9601,2094,0,[n/a],32227,95068
32227,95068,SOCIAL,SO_GIFT_POETRY,贈詩、文,directed,,,0.5,primary,唐五代人交往詩索引,437,A,ASSOC_DATA,40303,551,,[n/a],32227,95068
32227,95068,SOCIAL,SO_CHANGHE,相唱和,undirected,,,0.6,primary,明清婦女著作數據庫,114,M,ASSOC_DATA,9601,2094,0,[n/a],95068,32227
32227,95068,SOCIAL,SO_GIFT_POETRY,收到Y的贈詩、文,directed,,,0.5,primary,唐五代人交往詩索引,438,P,ASSOC_DATA,40303,551,,[n/a],95068,32227
32227,445983,SOCIAL,SO_GIFT_POETRY,贈詩、文,directed,,,0.5,primary,白氏長慶集,437,A,ASSOC_DATA,3673,,,鄧魴、張徹落第,32227,445983
32227,445983,SOCIAL,SO_GIFT_POETRY,收到Y的贈詩、文,directed,,,0.5,primary,白氏長慶集,438,P,ASSOC_DATA,3673,,,鄧魴、張徹落第,445983,32227
32248,3332,SOCIAL,SO_GIFT_POETRY,收到Y的贈詩、文,directed,,,0.5,primary,唐五代人交往詩索引,438,P,ASSOC_DATA,40303,171,,[n/a],3332,32248
32248,3332,SOCIAL,SO_GIFT_POETRY,贈詩、文,directed,,,0.5,primary,唐五代人交往詩索引,437,A,ASSOC_DATA,40303,171,,[n/a],32248,3332
32248,3915,LITERARY,LI_EPITAPH,墓誌銘由Y所作,directed,770,,0.4,unsourced,,43,P,ASSOC_DATA,,,0,[n/a],3915,32248
32248,3915,SOCIAL,SO_GIFT_POETRY,收到Y的贈詩、文,directed,,,0.5,primary,唐五代人交往詩索引,438,P,ASSOC_DATA,40303,172,,[n/a],3915,32248
32248,3915,LITERARY,LI_EPITAPH,為Y作墓誌銘,directed,831,,0.4,unsourced,,44,A,ASSOC_DATA,,,0,[n/a],32248,3915
32248,3915,SOCIAL,SO_GIFT_POETRY,贈詩、文,directed,,,0.5,primary,唐五代人交往詩索引,437,A,ASSOC_DATA,40303,172,,[n/a],32248,3915
32248,13624,SOCIAL,SO_GIFT_POETRY,收到Y的贈詩、文,directed,,,0.5,primary,唐五代人交往詩索引,438,P,ASSOC_DATA,40303,172,,[n/a],13624,32248
32248,13624,SOCIAL,SO_GIFT_POETRY,贈詩、文,directed,,,0.5,primary,唐五代人交往詩索引,437,A,ASSOC_DATA,40303,172,,[n/a],32248,13624
32248,32227,LITERARY,LI_PREAMBLE,書序由Y所作,directed,,,0.4,primary,元氏長慶集,33,P,ASSOC_DATA,4337,,,白氏長慶集序,32227,32248
32248,32227,SOCIAL,SO_GIFT_POETRY,收到Y的贈詩、文,directed,,,0.5,primary,唐五代人交往詩索引,438,P,ASSOC_DATA,40303,163,,[n/a],32227,32248
32248,32227,LITERARY,LI_PREAMBLE,為Y所著書作序,directed,,,0.4,primary,元氏長慶集,32,A,ASSOC_DATA,4337,,,白氏長慶集序,32248,32227
32248,32227,SOCIAL,SO_GIFT_POETRY,贈詩、文,directed,,,0.5,primary,唐五代人交往詩索引,437,A,ASSOC_DATA,40303,163,,[n/a],32248,32227
32248,33606,SOCIAL,SO_FRIEND,友,undirected,,,0.6,primary,人名權威資料（中央研究院歷史語言研究所）,9,M,ASSOC_DATA,9602,18572,,[n/a],32248,33606
32248,33606,SOCIAL,SO_FRIEND,友,undirected,,,0.6,primary,人名權威資料（中央研究院歷史語言研究所）,9,M,ASSOC_DATA,9602,18572,,[n/a],33606,32248
32248,92452,SOCIAL,SO_GIFT_POETRY,贈詩、文,directed,,,0.5,primary,唐五代人交往詩索引,437,A,ASSOC_DATA,40303,161,,[n/a],32248,92452
32248,92452,SOCIAL,SO_GIFT_POETRY,收到Y的贈詩、文,directed,,,0.5,primary,唐五代人交往詩索引,438,P,ASSOC_DATA,40303,161,,[n/a],92452,32248
32248,92516,SOCIAL,SO_GIFT_POETRY,贈詩、文,directed,,,0.5,primary,唐五代人交往詩索引,437,A,ASSOC_DATA,40303,173,,[n/a],32248,92516
32248,92516,SOCIAL,SO_GIFT_POETRY,收到Y的贈詩、文,directed,,,0.5,primary,唐五代人交往詩索引,438,P,ASSOC_DATA,40303,173,,[n/a],92516,32248
32248,92982,SOCIAL,SO_FRIEND,友,undirected,,,0.6,primary,人名權威資料（中央研究院歷史語言研究所）,9,M,ASSOC_DATA,9602,18100,,[n/a],32248,92982
32248,92982,SOCIAL,SO_GIFT_POETRY,贈詩、文,directed,,,0.5,primary,唐五代人交往詩索引,437,A,ASSOC_DATA,40303,168,,[n/a],32248,92982
32248,92982,SOCIAL,SO_FRIEND,友,undirected,,,0.6,primary,人名權威資料（中央研究院歷史語言研究所）,9,M,ASSOC_DATA,9602,18100,,[n/a],92982,32248
32248,92982,SOCIAL,SO_GIFT_POETRY,收到Y的贈詩、文,directed,,,0.5,primary,唐五代人交往詩索引,438,P,ASSOC_DATA,40303,168,,[n/a],92982,32248
32248,95068,SOCIAL,SO_FRIEND,友,undirected,,,0.6,primary,人名權威資料（中央研究院歷史語言研究所）,9,M,ASSOC_DATA,9602,18100,,[n/a],32248,95068
32248,95068,SOCIAL,SO_CHANGHE,相唱和,undirected,,,0.6,primary,明清婦女著作數據庫,114,M,ASSOC_DATA,9601,2094,0,[n/a],32248,95068
32248,95068,SOCIAL,SO_FRIEND,友,undirected,,,0.6,primary,人名權威資料（中央研究院歷史語言研究所）,9,M,ASSOC_DATA,9602,18100,,[n/a],95068,32248
32248,95068,SOCIAL,SO_CHANGHE,相唱和,undirected,,,0.6,primary,明清婦女著作數據庫,114,M,ASSOC_DATA,9601,2094,0,[n/a],95068,32248
32248,95210,KIN,K_OTHER,表姐妹,directed,,,0.7,primary,明清婦女著作數據庫,414,KIN,KIN_DATA,9601,MQWW PoetID #2104,,,32248,95210
32534,19244,SOCIAL,SO_GIFT_POETRY,收到Y的贈詩、文,directed,,,0.5,primary,唐五代人交往詩索引,438,P,ASSOC_DATA,40303,872,,[n/a],19244,32534
32534,19244,SOCIAL,SO_GIFT_POETRY,贈詩、文,directed,,,0.5,primary,唐五代人交往詩索引,437,A,ASSOC_DATA,40303,872,,[n/a],32534,19244
32540,3915,SOCIAL,SO_GIFT_POETRY,收到Y的贈詩、文,directed,,,0.5,primary,李太白全集,438,P,ASSOC_DATA,25640,,,[n/a],3915,32540
32540,3915,SOCIAL,SO_GIFT_POETRY,贈詩、文,directed,,,0.5,primary,李太白全集,437,A,ASSOC_DATA,25640,,,[n/a],32540,3915
32540,11605,SOCIAL,SO_GIFT_POETRY,收到Y的贈詩、文,directed,,,0.5,primary,唐五代人交往詩索引,438,P,ASSOC_DATA,40303,817,,[n/a],11605,32540
32540,11605,SOCIAL,SO_GIFT_POETRY,贈詩、文,directed,,,0.5,primary,唐五代人交往詩索引,437,A,ASSOC_DATA,40303,817,,[n/a],32540,11605
32540,19244,SOCIAL,SO_GIFT_POETRY,收到Y的贈詩、文,directed,,,0.5,primary,唐五代人交往詩索引,438,P,ASSOC_DATA,40303,815,,[n/a],19244,32540
32540,19244,SOCIAL,SO_GIFT_POETRY,贈詩、文,directed,,,0.5,primary,唐五代人交往詩索引,437,A,ASSOC_DATA,40303,815,,[n/a],32540,19244
32540,30851,SOCIAL,SO_GIFT_POETRY,收到Y的贈詩、文,directed,,,0.5,primary,唐五代人交往詩索引,438,P,ASSOC_DATA,40303,805,,[n/a],30851,32540
32540,30851,SOCIAL,SO_GIFT_POETRY,贈詩、文,directed,,,0.5,primary,唐五代人交往詩索引,437,A,ASSOC_DATA,40303,805,,[n/a],32540,30851
32540,31222,SOCIAL,SO_GIFT_POETRY,收到Y的贈詩、文,directed,,,0.5,primary,唐五代人交往詩索引,438,P,ASSOC_DATA,40303,818,,[n/a],31222,32540
32540,31222,SOCIAL,SO_GIFT_POETRY,贈詩、文,directed,,,0.5,primary,唐五代人交往詩索引,437,A,ASSOC_DATA,40303,818,,[n/a],32540,31222
32540,31407,SOCIAL,SO_GIFT_POETRY,收到Y的贈詩、文,directed,,,0.5,primary,唐五代人交往詩索引,438,P,ASSOC_DATA,40303,807,,[n/a],31407,32540
32540,31407,SOCIAL,SO_GIFT_POETRY,贈詩、文,directed,,,0.5,primary,唐五代人交往詩索引,437,A,ASSOC_DATA,40303,807,,[n/a],32540,31407
32540,33062,SOCIAL,SO_GIFT_POETRY,贈詩、文,directed,,,0.5,primary,唐五代人交往詩索引,437,A,ASSOC_DATA,40303,807,,述德兼陳情上哥舒大夫,32540,33062
32540,33062,SOCIAL,SO_GIFT_POETRY,收到Y的贈詩、文,directed,,,0.5,primary,唐五代人交往詩索引,438,P,ASSOC_DATA,40303,807,,述德兼陳情上哥舒大夫,33062,32540
32540,92035,SOCIAL,SO_GIFT_POETRY,贈詩、文,directed,,,0.5,primary,唐五代人交往詩索引,437,A,ASSOC_DATA,40303,806,,聞王昌齡左遷龍標，遥有此寄,32540,92035
32540,92035,SOCIAL,SO_GIFT_POETRY,收到Y的贈詩、文,directed,,,0.5,primary,唐五代人交往詩索引,438,P,ASSOC_DATA,40303,806,,聞王昌齡左遷龍標，遥有此寄,92035,32540
32540,93956,SOCIAL,SO_GIFT_POETRY,贈詩、文,directed,,,0.5,primary,唐五代人交往詩索引,437,A,ASSOC_DATA,40303,809,,[n/a],32540,93956
32540,93956,SOCIAL,SO_GIFT_POETRY,收到Y的贈詩、文,directed,,,0.5,primary,唐五代人交往詩索引,438,P,ASSOC_DATA,40303,809,,[n/a],93956,32540
32540,95025,SOCIAL,SO_GIFT_POETRY,贈詩、文,directed,,,0.5,primary,唐五代人交往詩索引,437,A,ASSOC_DATA,40303,805,,[n/a],32540,95025
32540,95025,SOCIAL,SO_GIFT_POETRY,收到Y的贈詩、文,directed,,,0.5,primary,唐五代人交往詩索引,438,P,ASSOC_DATA,40303,805,,[n/a],95025,32540
32540,146097,SOCIAL,SO_GIFT_POETRY,贈詩、文,directed,,,0.5,primary,唐五代人交往詩索引,437,A,ASSOC_DATA,40303,816,,[n/a],32540,146097
32540,146097,SOCIAL,SO_GIFT_POETRY,收到Y的贈詩、文,directed,,,0.5,primary,唐五代人交往詩索引,438,P,ASSOC_DATA,40303,816,,[n/a],146097,32540
32583,11524,SOCIAL,SO_GIFT_POETRY,收到Y的贈詩、文,directed,,,0.5,primary,唐五代人交往詩索引,438,P,ASSOC_DATA,40303,454,,[n/a],11524,32583
32583,11524,SOCIAL,SO_GIFT_POETRY,贈詩、文,directed,,,0.5,primary,唐五代人交往詩索引,437,A,ASSOC_DATA,40303,454,,[n/a],32583,11524
32583,20876,SOCIAL,SO_GIFT_POETRY,收到Y的贈詩、文,directed,,,0.5,primary,唐五代人交往詩索引,438,P,ASSOC_DATA,40303,452,,[n/a],20876,32583
32583,20876,SOCIAL,SO_GIFT_POETRY,贈詩、文,directed,,,0.5,primary,唐五代人交往詩索引,437,A,ASSOC_DATA,40303,452,,[n/a],32583,20876
32583,30851,SOCIAL,SO_GIFT_POETRY,收到Y的贈詩、文,directed,,,0.5,primary,唐五代人交往詩索引,438,P,ASSOC_DATA,40303,442,,[n/a],30851,32583
32583,30851,SOCIAL,SO_GIFT_POETRY,贈詩、文,directed,,,0.5,primary,唐五代人交往詩索引,437,A,ASSOC_DATA,40303,442,,[n/a],32583,30851
32583,92035,SOCIAL,SO_GIFT_POETRY,贈詩、文,directed,,,0.5,primary,唐五代人交往詩索引,437,A,ASSOC_DATA,40303,444,,[n/a],32583,92035
32583,92035,SOCIAL,SO_GIFT_POETRY,收到Y的贈詩、文,directed,,,0.5,primary,唐五代人交往詩索引,438,P,ASSOC_DATA,40303,444,,[n/a],92035,32583
32583,95025,SOCIAL,SO_GIFT_POETRY,贈詩、文,directed,,,0.5,primary,唐五代人交往詩索引,437,A,ASSOC_DATA,40303,443,,[n/a],32583,95025
32583,95025,SOCIAL,SO_GIFT_POETRY,收到Y的贈詩、文,directed,,,0.5,primary,唐五代人交往詩索引,438,P,ASSOC_DATA,40303,443,,[n/a],95025,32583
32593,3915,KIN,K_OTHER,孫,directed,,,0.7,primary,Pers DB / 唐代人物知識ベース,243,KIN,KIN_DATA,24309,pers01107,,,32593,3915
32593,19214,SOCIAL,SO_GIFT_POETRY,收到Y的贈詩、文,directed,,,0.5,primary,唐五代人交往詩索引,438,P,ASSOC_DATA,40303,1092,,[n/a],19214,32593
32593,19214,SOCIAL,SO_GIFT_POETRY,贈詩、文,directed,,,0.5,primary,唐五代人交往詩索引,437,A,ASSOC_DATA,40303,1092,,[n/a],32593,19214
32593,19241,SOCIAL,SO_GIFT_POETRY,收到Y的贈詩、文,directed,,,0.5,primary,唐五代人交往詩索引,438,P,ASSOC_DATA,40303,1092,,[n/a],19241,32593
32593,19241,SOCIAL,SO_GIFT_POETRY,贈詩、文,directed,,,0.5,primary,唐五代人交往詩索引,437,A,ASSOC_DATA,40303,1092,,[n/a],32593,19241
32593,31367,SOCIAL,SO_GIFT_POETRY,收到Y的贈詩、文,directed,,,0.5,primary,唐五代人交往詩索引,438,P,ASSOC_DATA,40303,1092,,[n/a],31367,32593
32593,31367,SOCIAL,SO_GIFT_POETRY,贈詩、文,directed,,,0.5,primary,唐五代人交往詩索引,437,A,ASSOC_DATA,40303,1092,,[n/a],32593,31367
32593,447292,SOCIAL,SO_GIFT_POETRY,贈詩、文,directed,,,0.5,primary,唐五代人交往詩索引,437,A,ASSOC_DATA,40303,1092,,[n/a],32593,447292
32593,447292,SOCIAL,SO_GIFT_POETRY,收到Y的贈詩、文,directed,,,0.5,primary,唐五代人交往詩索引,438,P,ASSOC_DATA,40303,1092,,[n/a],447292,32593
32822,92161,KIN,K_OTHER,孫,directed,,,0.7,primary,Pers DB / 唐代人物知識ベース,243,KIN,KIN_DATA,24309,pers00313,,,32822,92161
32822,94595,SOCIAL,SO_GIFT_POETRY,贈詩、文,directed,,,0.5,primary,唐五代人交往詩索引,437,A,ASSOC_DATA,40303,936,,[n/a],32822,94595
32822,94595,SOCIAL,SO_GIFT_POETRY,收到Y的贈詩、文,directed,,,0.5,primary,唐五代人交往詩索引,438,P,ASSOC_DATA,40303,936,,[n/a],94595,32822
32847,19244,SOCIAL,SO_GIFT_POETRY,收到Y的贈詩、文,directed,,,0.5,primary,唐五代人交往詩索引,438,P,ASSOC_DATA,40303,841,,[n/a],19244,32847
32847,19244,SOCIAL,SO_GIFT_POETRY,贈詩、文,directed,,,0.5,primary,唐五代人交往詩索引,437,A,ASSOC_DATA,40303,841,,[n/a],32847,19244
32847,31221,SOCIAL,SO_GIFT_POETRY,收到Y的贈詩、文,directed,,,0.5,primary,唐五代人交往詩索引,438,P,ASSOC_DATA,40303,841,,[n/a],31221,32847
32847,31221,SOCIAL,SO_GIFT_POETRY,贈詩、文,directed,,,0.5,primary,唐五代人交往詩索引,437,A,ASSOC_DATA,40303,841,,[n/a],32847,31221
32847,31407,SOCIAL,SO_GIFT_POETRY,收到Y的贈詩、文,directed,,,0.5,primary,唐五代人交往詩索引,438,P,ASSOC_DATA,40303,841,,[n/a],31407,32847
32847,31407,SOCIAL,SO_GIFT_POETRY,贈詩、文,directed,,,0.5,primary,唐五代人交往詩索引,437,A,ASSOC_DATA,40303,841,,[n/a],32847,31407
32917,30851,SOCIAL,SO_GIFT_POETRY,收到Y的贈詩、文,directed,,,0.5,primary,唐五代人交往詩索引,438,P,ASSOC_DATA,40303,1147,,[n/a],30851,32917
32917,30851,SOCIAL,SO_GIFT_POETRY,贈詩、文,directed,,,0.5,primary,唐五代人交往詩索引,437,A,ASSOC_DATA,40303,1147,,[n/a],32917,30851
32917,32583,SOCIAL,SO_GIFT_POETRY,收到Y的贈詩、文,directed,,,0.5,primary,唐五代人交往詩索引,438,P,ASSOC_DATA,40303,1148,,[n/a],32583,32917
32917,32583,SOCIAL,SO_GIFT_POETRY,贈詩、文,directed,,,0.5,primary,唐五代人交往詩索引,437,A,ASSOC_DATA,40303,1148,,[n/a],32917,32583
32980,32227,SOCIAL,SO_GIFT_POETRY,收到Y的贈詩、文,directed,,,0.5,primary,唐五代人交往詩索引,438,P,ASSOC_DATA,40303,1431,,[n/a],32227,32980
32980,32227,SOCIAL,SO_GIFT_POETRY,贈詩、文,directed,,,0.5,primary,唐五代人交往詩索引,437,A,ASSOC_DATA,40303,1431,,[n/a],32980,32227
32980,32985,KIN,K_CHILD,次子,directed,,,1.0,unsourced,,183,KIN,KIN_DATA,,,,,32980,32985
32980,33606,SOCIAL,SO_FRIEND,友,undirected,,,0.6,primary,人名權威資料（中央研究院歷史語言研究所）,9,M,ASSOC_DATA,9602,18572,,[n/a],32980,33606
32980,33606,SOCIAL,SO_GIFT_POETRY,贈詩、文,directed,,,0.5,primary,唐五代人交往詩索引,437,A,ASSOC_DATA,40303,1432,,[n/a],32980,33606
32980,33606,SOCIAL,SO_FRIEND,友,undirected,,,0.6,primary,人名權威資料（中央研究院歷史語言研究所）,9,M,ASSOC_DATA,9602,18572,,[n/a],33606,32980
32980,33606,SOCIAL,SO_GIFT_POETRY,收到Y的贈詩、文,directed,,,0.5,primary,唐五代人交往詩索引,438,P,ASSOC_DATA,40303,1432,,[n/a],33606,32980
32980,95068,SOCIAL,SO_CHANGHE,相唱和,undirected,,,0.6,primary,明清婦女著作數據庫,114,M,ASSOC_DATA,9601,2094,0,[n/a],32980,95068
32980,95068,SOCIAL,SO_CHANGHE,相唱和,undirected,,,0.6,primary,明清婦女著作數據庫,114,M,ASSOC_DATA,9601,2094,0,[n/a],95068,32980
32980,447419,SOCIAL,SO_GIFT_POETRY,贈詩、文,directed,,,0.5,primary,唐五代人交往詩索引,437,A,ASSOC_DATA,40303,1431,,[n/a],32980,447419
32980,447419,SOCIAL,SO_GIFT_POETRY,收到Y的贈詩、文,directed,,,0.5,primary,唐五代人交往詩索引,438,P,ASSOC_DATA,40303,1431,,[n/a],447419,32980
32985,32980,KIN,K_PARENT,父,directed,,,1.0,primary,Pers DB / 唐代人物知識ベース,75,KIN,KIN_DATA,24309,pers00608,,,32985,32980
33062,379873,SOCIAL,SO_GIFT_POETRY,贈詩、文,directed,,,0.5,primary,唐五代人交往詩索引,437,A,ASSOC_DATA,40303,197,,[n/a],33062,379873
33062,379873,SOCIAL,SO_GIFT_POETRY,收到Y的贈詩、文,directed,,,0.5,primary,唐五代人交往詩索引,438,P,ASSOC_DATA,40303,197,,[n/a],379873,33062
33485,3332,SOCIAL,SO_GIFT_POETRY,收到Y的贈詩、文,directed,,,0.5,primary,唐五代人交往詩索引,438,P,ASSOC_DATA,40303,874,,[n/a],3332,33485
33485,3332,SOCIAL,SO_GIFT_POETRY,贈詩、文,directed,,,0.5,primary,唐五代人交往詩索引,437,A,ASSOC_DATA,40303,874,,[n/a],33485,3332
33485,94116,SOCIAL,SO_GIFT_POETRY,贈詩、文,directed,,,0.5,primary,唐五代人交往詩索引,437,A,ASSOC_DATA,40303,873,,[n/a],33485,94116
33485,94116,SOCIAL,SO_GIFT_POETRY,收到Y的贈詩、文,directed,,,0.5,primary,唐五代人交往詩索引,438,P,ASSOC_DATA,40303,873,,[n/a],94116,33485
33485,445983,SOCIAL,SO_GIFT_POETRY,贈詩、文,directed,,,0.5,primary,唐五代人交往詩索引,437,A,ASSOC_DATA,40303,873,,[n/a],33485,445983
33485,445983,SOCIAL,SO_GIFT_POETRY,收到Y的贈詩、文,directed,,,0.5,primary,唐五代人交往詩索引,438,P,ASSOC_DATA,40303,873,,[n/a],445983,33485
33566,11524,SOCIAL,SO_GIFT_POETRY,收到Y的贈詩、文,directed,,,0.5,primary,唐五代人交往詩索引,438,P,ASSOC_DATA,40303,1347,,[n/a],11524,33566
33566,11524,SOCIAL,SO_GIFT_POETRY,贈詩、文,directed,,,0.5,primary,唐五代人交往詩索引,437,A,ASSOC_DATA,40303,1347,,[n/a],33566,11524
33566,13575,SOCIAL,SO_GIFT_POETRY,收到Y的贈詩、文,directed,,,0.5,primary,唐五代人交往詩索引,438,P,ASSOC_DATA,40303,1334,,[n/a],13575,33566
33566,13575,SOCIAL,SO_GIFT_POETRY,贈詩、文,directed,,,0.5,primary,唐五代人交往詩索引,437,A,ASSOC_DATA,40303,1334,,[n/a],33566,13575
33566,30851,SOCIAL,SO_GIFT_POETRY,收到Y的贈詩、文,directed,,,0.5,primary,唐五代人交往詩索引,438,P,ASSOC_DATA,40303,1331,,[n/a],30851,33566
33566,30851,SOCIAL,SO_GIFT_POETRY,贈詩、文,directed,,,0.5,primary,唐五代人交往詩索引,437,A,ASSOC_DATA,40303,1331,,[n/a],33566,30851
33566,32540,SOCIAL,SO_GIFT_POETRY,收到Y的贈詩、文,directed,,,0.5,primary,唐五代人交往詩索引,438,P,ASSOC_DATA,40303,1340,,[n/a],32540,33566
33566,32540,SOCIAL,SO_GIFT_POETRY,贈詩、文,directed,,,0.5,primary,唐五代人交往詩索引,437,A,ASSOC_DATA,40303,1340,,[n/a],33566,32540
33566,32889,SOCIAL,SO_GIFT_POETRY,收到Y的贈詩、文,directed,,,0.5,primary,唐五代人交往詩索引,438,P,ASSOC_DATA,40303,1333,,[n/a],32889,33566
33566,32889,SOCIAL,SO_GIFT_POETRY,贈詩、文,directed,,,0.5,primary,唐五代人交往詩索引,437,A,ASSOC_DATA,40303,1333,,[n/a],33566,32889
33566,32917,SOCIAL,SO_GIFT_POETRY,收到Y的贈詩、文,directed,,,0.5,primary,唐五代人交往詩索引,438,P,ASSOC_DATA,40303,1344,,[n/a],32917,33566
33566,32917,SOCIAL,SO_GIFT_POETRY,贈詩、文,directed,,,0.5,primary,唐五代人交往詩索引,437,A,ASSOC_DATA,40303,1344,,[n/a],33566,32917
33566,33859,SOCIAL,SO_GIFT_POETRY,贈詩、文,directed,,,0.5,primary,唐五代人交往詩索引,437,A,ASSOC_DATA,40303,1347,,[n/a],33566,33859
33566,33859,SOCIAL,SO_GIFT_POETRY,收到Y的贈詩、文,directed,,,0.5,primary,唐五代人交往詩索引,438,P,ASSOC_DATA,40303,1347,,[n/a],33859,33566
33566,95071,SOCIAL,SO_GIFT_POETRY,贈詩、文,directed,,,0.5,primary,唐五代人交往詩索引,437,A,ASSOC_DATA,40303,1343,,[n/a],33566,95071
33566,95071,SOCIAL,SO_GIFT_POETRY,收到Y的贈詩、文,directed,,,0.5,primary,唐五代人交往詩索引,438,P,ASSOC_DATA,40303,1343,,[n/a],95071,33566
33566,146097,SOCIAL,SO_GIFT_POETRY,贈詩、文,directed,,,0.5,primary,唐五代人交往詩索引,437,A,ASSOC_DATA,40303,1342,,[n/a],33566,146097
33566,146097,SOCIAL,SO_GIFT_POETRY,收到Y的贈詩、文,directed,,,0.5,primary,唐五代人交往詩索引,438,P,ASSOC_DATA,40303,1342,,[n/a],146097,33566
33589,94227,SOCIAL,SO_FRIEND,友,undirected,,,0.6,primary,人名權威資料（中央研究院歷史語言研究所）,9,M,ASSOC_DATA,9602,18227,,[n/a],33589,94227
33589,94227,SOCIAL,SO_FRIEND,友,undirected,,,0.6,primary,人名權威資料（中央研究院歷史語言研究所）,9,M,ASSOC_DATA,9602,18538,,[n/a],94227,33589
33606,3130,SOCIAL,SO_GIFT_POETRY,收到Y的贈詩、文,directed,,,0.5,primary,唐五代人交往詩索引,438,P,ASSOC_DATA,40303,1288,,[n/a],3130,33606
33606,3130,SOCIAL,SO_GIFT_POETRY,贈詩、文,directed,,,0.5,primary,唐五代人交往詩索引,437,A,ASSOC_DATA,40303,1288,,[n/a],33606,3130
33606,3332,SOCIAL,SO_GIFT_POETRY,收到Y的贈詩、文,directed,,,0.5,primary,唐五代人交往詩索引,438,P,ASSOC_DATA,40303,1301,,[n/a],3332,33606
33606,3332,SOCIAL,SO_GIFT_POETRY,贈詩、文,directed,,,0.5,primary,唐五代人交往詩索引,437,A,ASSOC_DATA,40303,1301,,[n/a],33606,3332
33606,3605,LITERARY,LI_EULOGY,祭文由Y所作,directed,,,0.4,unsourced,,146,P,ASSOC_DATA,,,,[n/a],3605,33606
33606,3605,SOCIAL,SO_GIFT_POETRY,收到Y的贈詩、文,directed,,,0.5,primary,唐五代人交往詩索引,438,P,ASSOC_DATA,40303,1303,,[n/a],3605,33606
33606,3605,LITERARY,LI_EULOGY,為Y作祭文,directed,,,0.4,unsourced,,145,A,ASSOC_DATA,,,,[n/a],33606,3605
33606,3605,SOCIAL,SO_GIFT_POETRY,贈詩、文,directed,,,0.5,primary,唐五代人交往詩索引,437,A,ASSOC_DATA,40303,1303,,[n/a],33606,3605
33606,13575,SOCIAL,SO_GIFT_POETRY,收到Y的贈詩、文,directed,,,0.5,primary,唐五代人交往詩索引,438,P,ASSOC_DATA,40303,1288,,[n/a],13575,33606
33606,13575,SOCIAL,SO_GIFT_POETRY,贈詩、文,directed,,,0.5,primary,唐五代人交往詩索引,437,A,ASSOC_DATA,40303,1288,,[n/a],33606,13575
33606,15161,SOCIAL,SO_GIFT_POETRY,收到Y的贈詩、文,directed,,,0.5,primary,唐五代人交往詩索引,438,P,ASSOC_DATA,40303,1298,,[n/a],15161,33606
33606,15161,SOCIAL,SO_GIFT_POETRY,贈詩、文,directed,,,0.5,primary,唐五代人交往詩索引,437,A,ASSOC_DATA,40303,1298,,[n/a],33606,15161
33606,19244,SOCIAL,SO_GIFT_POETRY,收到Y的贈詩、文,directed,,,0.5,primary,唐五代人交往詩索引,438,P,ASSOC_DATA,40303,1300,,[n/a],19244,33606
33606,19244,SOCIAL,SO_GIFT_POETRY,贈詩、文,directed,,,0.5,primary,唐五代人交往詩索引,437,A,ASSOC_DATA,40303,1300,,[n/a],33606,19244
33606,24654,SOCIAL,SO_GIFT_POETRY,收到Y的贈詩、文,directed,,,0.5,primary,唐五代人交往詩索引,438,P,ASSOC_DATA,40303,1289,,[n/a],24654,33606
33606,24654,SOCIAL,SO_GIFT_POETRY,贈詩、文,directed,,,0.5,primary,唐五代人交往詩索引,437,A,ASSOC_DATA,40303,1289,,[n/a],33606,24654
33606,32054,SOCIAL,SO_GIFT_POETRY,收到Y的贈詩、文,directed,,,0.5,primary,唐五代人交往詩索引,438,P,ASSOC_DATA,40303,1291,,[n/a],32054,33606
33606,32054,SOCIAL,SO_GIFT_POETRY,贈詩、文,directed,,,0.5,primary,唐五代人交往詩索引,437,A,ASSOC_DATA,40303,1291,,[n/a],33606,32054
33606,32227,SOCIAL,SO_GIFT_POETRY,收到Y的贈詩、文,directed,,,0.5,primary,唐五代人交往詩索引,438,P,ASSOC_DATA,40303,1292,,[n/a],32227,33606
33606,32227,SOCIAL,SO_GIFT_POETRY,贈詩、文,directed,,,0.5,primary,唐五代人交往詩索引,437,A,ASSOC_DATA,40303,1292,,[n/a],33606,32227
33606,32248,SOCIAL,SO_GIFT_POETRY,收到Y的贈詩、文,directed,,,0.5,primary,唐五代人交往詩索引,438,P,ASSOC_DATA,40303,1286,,[n/a],32248,33606
33606,32248,SOCIAL,SO_GIFT_POETRY,贈詩、文,directed,,,0.5,primary,唐五代人交往詩索引,437,A,ASSOC_DATA,40303,1286,,[n/a],33606,32248
33606,92047,SOCIAL,SO_GIFT_POETRY,贈詩、文,directed,,,0.5,primary,唐五代人交往詩索引,437,A,ASSOC_DATA,40303,1286,,[n/a],33606,92047
33606,92047,SOCIAL,SO_GIFT_POETRY,收到Y的贈詩、文,directed,,,0.5,primary,唐五代人交往詩索引,438,P,ASSOC_DATA,40303,1286,,[n/a],92047,33606
33606,92516,SOCIAL,SO_GIFT_POETRY,贈詩、文,directed,,,0.5,primary,唐五代人交往詩索引,437,A,ASSOC_DATA,40303,1304,,[n/a],33606,92516
33606,92516,SOCIAL,SO_GIFT_POETRY,收到Y的贈詩、文,directed,,,0.5,primary,唐五代人交往詩索引,438,P,ASSOC_DATA,40303,1304,,[n/a],92516,33606
33606,92982,SOCIAL,SO_GIFT_POETRY,贈詩、文,directed,,,0.5,primary,唐五代人交往詩索引,437,A,ASSOC_DATA,40303,1298,,[n/a],33606,92982
33606,92982,SOCIAL,SO_GIFT_POETRY,收到Y的贈詩、文,directed,,,0.5,primary,唐五代人交往詩索引,438,P,ASSOC_DATA,40303,1298,,[n/a],92982,33606
33606,94160,SOCIAL,SO_GIFT_POETRY,贈詩、文,directed,,,0.5,primary,唐五代人交往詩索引,437,A,ASSOC_DATA,40303,1300,,[n/a],33606,94160
33606,94160,SOCIAL,SO_GIFT_POETRY,收到Y的贈詩、文,directed,,,0.5,primary,唐五代人交往詩索引,438,P,ASSOC_DATA,40303,1300,,[n/a],94160,33606
33606,95068,SOCIAL,SO_GIFT_POETRY,贈詩、文,directed,,,0.5,primary,唐五代人交往詩索引,437,A,ASSOC_DATA,40303,1301,,[n/a],33606,95068
33606,95068,SOCIAL,SO_GIFT_POETRY,收到Y的贈詩、文,directed,,,0.5,primary,唐五代人交往詩索引,438,P,ASSOC_DATA,40303,1301,,[n/a],95068,33606
33649,3915,SOCIAL,SO_GIFT_POETRY,收到Y的贈詩、文,directed,,,0.5,primary,唐五代人交往詩索引,438,P,ASSOC_DATA,40303,1251,,[n/a],3915,33649
33649,3915,SOCIAL,SO_GIFT_POETRY,贈詩、文,directed,,,0.5,primary,唐五代人交往詩索引,437,A,ASSOC_DATA,40303,1251,,[n/a],33649,3915
33649,15161,SOCIAL,SO_GIFT_POETRY,收到Y的贈詩、文,directed,,,0.5,primary,唐五代人交往詩索引,438,P,ASSOC_DATA,40303,1249,,[n/a],15161,33649
33649,15161,SOCIAL,SO_GIFT_POETRY,贈詩、文,directed,,,0.5,primary,唐五代人交往詩索引,437,A,ASSOC_DATA,40303,1249,,[n/a],33649,15161
33649,17029,SOCIAL,SO_GIFT_POETRY,收到Y的贈詩、文,directed,,,0.5,primary,唐五代人交往詩索引,438,P,ASSOC_DATA,40303,1245,,[n/a],17029,33649
33649,17029,SOCIAL,SO_GIFT_POETRY,贈詩、文,directed,,,0.5,primary,唐五代人交往詩索引,437,A,ASSOC_DATA,40303,1245,,[n/a],33649,17029
33649,32227,SOCIAL,SO_GIFT_POETRY,收到Y的贈詩、文,directed,,,0.5,primary,唐五代人交往詩索引,438,P,ASSOC_DATA,40303,1248,,[n/a],32227,33649
33649,32227,SOCIAL,SO_GIFT_POETRY,贈詩、文,directed,,,0.5,primary,唐五代人交往詩索引,437,A,ASSOC_DATA,40303,1248,,[n/a],33649,32227
33649,32248,SOCIAL,SO_GIFT_POETRY,收到Y的贈詩、文,directed,,,0.5,primary,唐五代人交往詩索引,438,P,ASSOC_DATA,40303,1246,,[n/a],32248,33649
33649,32248,SOCIAL,SO_GIFT_POETRY,贈詩、文,directed,,,0.5,primary,唐五代人交往詩索引,437,A,ASSOC_DATA,40303,1246,,[n/a],33649,32248
33649,33606,SOCIAL,SO_GIFT_POETRY,收到Y的贈詩、文,directed,,,0.5,primary,唐五代人交往詩索引,438,P,ASSOC_DATA,40303,1252,,[n/a],33606,33649
33649,33606,SOCIAL,SO_GIFT_POETRY,贈詩、文,directed,,,0.5,primary,唐五代人交往詩索引,437,A,ASSOC_DATA,40303,1252,,[n/a],33649,33606
33649,33753,SOCIAL,SO_GIFT_POETRY,贈詩、文,directed,,,0.5,primary,唐五代人交往詩索引,437,A,ASSOC_DATA,40303,1252,,[n/a],33649,33753
33649,33753,SOCIAL,SO_GIFT_POETRY,收到Y的贈詩、文,directed,,,0.5,primary,唐五代人交往詩索引,438,P,ASSOC_DATA,40303,1252,,[n/a],33753,33649
33649,92035,SOCIAL,SO_GIFT_POETRY,贈詩、文,directed,,,0.5,primary,唐五代人交往詩索引,437,A,ASSOC_DATA,40303,1246,,[n/a],33649,92035
33649,92035,SOCIAL,SO_GIFT_POETRY,收到Y的贈詩、文,directed,,,0.5,primary,唐五代人交往詩索引,438,P,ASSOC_DATA,40303,1246,,[n/a],92035,33649
33649,93080,SOCIAL,SO_GIFT_POETRY,贈詩、文,directed,,,0.5,primary,唐五代人交往詩索引,437,A,ASSOC_DATA,40303,1249,,[n/a],33649,93080
33649,93080,SOCIAL,SO_GIFT_POETRY,收到Y的贈詩、文,directed,,,0.5,primary,唐五代人交往詩索引,438,P,ASSOC_DATA,40303,1249,,[n/a],93080,33649
33649,93956,SOCIAL,SO_GIFT_POETRY,贈詩、文,directed,,,0.5,primary,唐五代人交往詩索引,437,A,ASSOC_DATA,40303,1247,,[n/a],33649,93956
33649,93956,SOCIAL,SO_GIFT_POETRY,收到Y的贈詩、文,directed,,,0.5,primary,唐五代人交往詩索引,438,P,ASSOC_DATA,40303,1247,,[n/a],93956,33649
33651,19241,SOCIAL,SO_GIFT_POETRY,收到Y的贈詩、文,directed,,,0.5,primary,唐五代人交往詩索引,438,P,ASSOC_DATA,40303,431,,[n/a],19241,33651
33651,19241,SOCIAL,SO_GIFT_POETRY,贈詩、文,directed,,,0.5,primary,唐五代人交往詩索引,437,A,ASSOC_DATA,40303,431,,[n/a],33651,19241
33651,30982,SOCIAL,SO_GIFT_POETRY,收到Y的贈詩、文,directed,,,0.5,primary,唐五代人交往詩索引,438,P,ASSOC_DATA,40303,431,,[n/a],30982,33651
33651,30982,SOCIAL,SO_GIFT_POETRY,贈詩、文,directed,,,0.5,primary,唐五代人交往詩索引,437,A,ASSOC_DATA,40303,431,,[n/a],33651,30982
33753,3702,SOCIAL,SO_GIFT_POETRY,收到Y的贈詩、文,directed,,,0.5,primary,唐五代人交往詩索引,438,P,ASSOC_DATA,40303,1360,,[n/a],3702,33753
33753,3702,SOCIAL,SO_GIFT_POETRY,贈詩、文,directed,,,0.5,primary,唐五代人交往詩索引,437,A,ASSOC_DATA,40303,1360,,[n/a],33753,3702
33753,31322,SOCIAL,SO_GIFT_POETRY,收到Y的贈詩、文,directed,,,0.5,primary,唐五代人交往詩索引,438,P,ASSOC_DATA,40303,1365,,[n/a],31322,33753
33753,31322,SOCIAL,SO_GIFT_POETRY,贈詩、文,directed,,,0.5,primary,唐五代人交往詩索引,437,A,ASSOC_DATA,40303,1365,,[n/a],33753,31322
33753,93246,SOCIAL,SO_GIFT_POETRY,贈詩、文,directed,,,0.5,primary,唐五代人交往詩索引,437,A,ASSOC_DATA,40303,1359,,[n/a],33753,93246
33753,93246,SOCIAL,SO_GIFT_POETRY,收到Y的贈詩、文,directed,,,0.5,primary,唐五代人交往詩索引,438,P,ASSOC_DATA,40303,1359,,[n/a],93246,33753
33859,94595,SOCIAL,SO_GIFT_POETRY,贈詩、文,directed,,,0.5,primary,唐五代人交往詩索引,437,A,ASSOC_DATA,40303,1355,,[n/a],33859,94595
33859,94595,SOCIAL,SO_GIFT_POETRY,收到Y的贈詩、文,directed,,,0.5,primary,唐五代人交往詩索引,438,P,ASSOC_DATA,40303,1355,,[n/a],94595,33859
33859,95025,SOCIAL,SO_GIFT_POETRY,贈詩、文,directed,,,0.5,primary,唐五代人交往詩索引,437,A,ASSOC_DATA,40303,1355,,[n/a],33859,95025
33859,95025,SOCIAL,SO_GIFT_POETRY,收到Y的贈詩、文,directed,,,0.5,primary,唐五代人交往詩索引,438,P,ASSOC_DATA,40303,1355,,[n/a],95025,33859
34916,3915,SOCIAL,SO_GIFT_POETRY,收到Y的贈詩、文,directed,,,0.5,primary,唐五代人交往詩索引,438,P,ASSOC_DATA,40303,1098,,[n/a],3915,34916
34916,3915,SOCIAL,SO_GIFT_POETRY,贈詩、文,directed,,,0.5,primary,唐五代人交往詩索引,437,A,ASSOC_DATA,40303,1098,,[n/a],34916,3915
34916,17029,SOCIAL,SO_GIFT_POETRY,收到Y的贈詩、文,directed,,,0.5,primary,唐五代人交往詩索引,438,P,ASSOC_DATA,40303,1094,,[n/a],17029,34916
34916,17029,SOCIAL,SO_GIFT_POETRY,贈詩、文,directed,,,0.5,primary,唐五代人交往詩索引,437,A,ASSOC_DATA,40303,1094,,[n/a],34916,17029
34916,21194,SOCIAL,SO_GIFT_POETRY,收到Y的贈詩、文,directed,,,0.5,primary,唐五代人交往詩索引,438,P,ASSOC_DATA,40303,1097,,[n/a],21194,34916
34916,21194,SOCIAL,SO_GIFT_POETRY,贈詩、文,directed,,,0.5,primary,唐五代人交往詩索引,437,A,ASSOC_DATA,40303,1097,,[n/a],34916,21194
34916,21194,KIN,K_PARENT,父,directed,,,1.0,unsourced,,75,KIN,KIN_DATA,,,,,34916,21194
34916,32540,SOCIAL,SO_GIFT_POETRY,收到Y的贈詩、文,directed,,,0.5,primary,唐五代人交往詩索引,438,P,ASSOC_DATA,40303,1097,,[n/a],32540,34916
34916,32540,SOCIAL,SO_GIFT_POETRY,贈詩、文,directed,,,0.5,primary,唐五代人交往詩索引,437,A,ASSOC_DATA,40303,1097,,[n/a],34916,32540
34916,33649,SOCIAL,SO_GIFT_POETRY,收到Y的贈詩、文,directed,,,0.5,primary,唐五代人交往詩索引,438,P,ASSOC_DATA,40303,1098,,[n/a],33649,34916
34916,33649,SOCIAL,SO_GIFT_POETRY,贈詩、文,directed,,,0.5,primary,唐五代人交往詩索引,437,A,ASSOC_DATA,40303,1098,,[n/a],34916,33649
34916,92673,SOCIAL,SO_GIFT_POETRY,贈詩、文,directed,,,0.5,primary,唐五代人交往詩索引,437,A,ASSOC_DATA,40303,1098,,[n/a],34916,92673
34916,92673,SOCIAL,SO_GIFT_POETRY,收到Y的贈詩、文,directed,,,0.5,primary,唐五代人交往詩索引,438,P,ASSOC_DATA,40303,1098,,[n/a],92673,34916
34916,94227,SOCIAL,SO_GIFT_POETRY,贈詩、文,directed,,,0.5,primary,唐五代人交往詩索引,437,A,ASSOC_DATA,40303,1095,,[n/a],34916,94227
34916,94227,SOCIAL,SO_GIFT_POETRY,收到Y的贈詩、文,directed,,,0.5,primary,唐五代人交往詩索引,438,P,ASSOC_DATA,40303,1095,,[n/a],94227,34916
36130,32540,SOCIAL,SO_GIFT_POETRY,收到Y的贈詩、文,directed,,,0.5,primary,唐五代人交往詩索引,438,P,ASSOC_DATA,40303,215,,[n/a],32540,36130
36130,32540,SOCIAL,SO_GIFT_POETRY,贈詩、文,directed,,,0.5,primary,唐五代人交往詩索引,437,A,ASSOC_DATA,40303,215,,[n/a],36130,32540
36130,32985,SOCIAL,SO_GIFT_POETRY,收到Y的贈詩、文,directed,,,0.5,primary,唐五代人交往詩索引,438,P,ASSOC_DATA,40303,216,,[n/a],32985,36130
36130,32985,SOCIAL,SO_GIFT_POETRY,贈詩、文,directed,,,0.5,primary,唐五代人交往詩索引,437,A,ASSOC_DATA,40303,216,,[n/a],36130,32985
36130,94160,SOCIAL,SO_GIFT_POETRY,贈詩、文,directed,,,0.5,primary,唐五代人交往詩索引,437,A,ASSOC_DATA,40303,216,,[n/a],36130,94160
36130,94160,SOCIAL,SO_GIFT_POETRY,收到Y的贈詩、文,directed,,,0.5,primary,唐五代人交往詩索引,438,P,ASSOC_DATA,40303,216,,[n/a],94160,36130
91931,19241,SOCIAL,SO_GIFT_POETRY,收到Y的贈詩、文,directed,,,0.5,primary,唐五代人交往詩索引,438,P,ASSOC_DATA,40303,399,,[n/a],19241,91931
91931,19241,SOCIAL,SO_GIFT_POETRY,贈詩、文,directed,,,0.5,primary,唐五代人交往詩索引,437,A,ASSOC_DATA,40303,399,,[n/a],91931,19241
91975,30851,SOCIAL,SO_GIFT_POETRY,收到Y的贈詩、文,directed,,,0.5,primary,唐五代人交往詩索引,438,P,ASSOC_DATA,40303,127,,[n/a],30851,91975
91975,30851,SOCIAL,SO_GIFT_POETRY,贈詩、文,directed,,,0.5,primary,唐五代人交往詩索引,437,A,ASSOC_DATA,40303,127,,[n/a],91975,30851
91975,92035,SOCIAL,SO_GIFT_POETRY,贈詩、文,directed,,,0.5,primary,唐五代人交往詩索引,437,A,ASSOC_DATA,40303,127,,[n/a],91975,92035
91975,92035,SOCIAL,SO_GIFT_POETRY,收到Y的贈詩、文,directed,,,0.5,primary,唐五代人交往詩索引,438,P,ASSOC_DATA,40303,127,,[n/a],92035,91975
92035,3130,SOCIAL,SO_GIFT_POETRY,收到Y的贈詩、文,directed,,,0.5,primary,唐五代人交往詩索引,438,P,ASSOC_DATA,40303,141,,[n/a],3130,92035
92035,3130,SOCIAL,SO_GIFT_POETRY,贈詩、文,directed,,,0.5,primary,唐五代人交往詩索引,437,A,ASSOC_DATA,40303,141,,[n/a],92035,3130
92035,11524,SOCIAL,SO_GIFT_POETRY,收到Y的贈詩、文,directed,,,0.5,primary,唐五代人交往詩索引,438,P,ASSOC_DATA,40303,144,,[n/a],11524,92035
92035,11524,SOCIAL,SO_GIFT_POETRY,贈詩、文,directed,,,0.5,primary,唐五代人交往詩索引,437,A,ASSOC_DATA,40303,144,,[n/a],92035,11524
92035,19244,SOCIAL,SO_GIFT_POETRY,收到Y的贈詩、文,directed,,,0.5,primary,唐五代人交往詩索引,438,P,ASSOC_DATA,40303,143,,[n/a],19244,92035
92035,19244,SOCIAL,SO_GIFT_POETRY,贈詩、文,directed,,,0.5,primary,唐五代人交往詩索引,437,A,ASSOC_DATA,40303,143,,[n/a],92035,19244
92035,32174,SOCIAL,SO_GIFT_POETRY,收到Y的贈詩、文,directed,,,0.5,primary,唐五代人交往詩索引,438,P,ASSOC_DATA,40303,141,,[n/a],32174,92035
92035,32174,SOCIAL,SO_GIFT_POETRY,贈詩、文,directed,,,0.5,primary,唐五代人交往詩索引,437,A,ASSOC_DATA,40303,141,,[n/a],92035,32174
92047,24654,SOCIAL,SO_GIFT_POETRY,收到Y的贈詩、文,directed,,,0.5,primary,唐五代人交往詩索引,438,P,ASSOC_DATA,40303,101,,[n/a],24654,92047
92047,24654,SOCIAL,SO_GIFT_POETRY,贈詩、文,directed,,,0.5,primary,唐五代人交往詩索引,437,A,ASSOC_DATA,40303,101,,[n/a],92047,24654
92047,32534,SOCIAL,SO_GIFT_POETRY,收到Y的贈詩、文,directed,,,0.5,primary,唐五代人交往詩索引,438,P,ASSOC_DATA,40303,103,,[n/a],32534,92047
92047,32534,SOCIAL,SO_GIFT_POETRY,贈詩、文,directed,,,0.5,primary,唐五代人交往詩索引,437,A,ASSOC_DATA,40303,103,,[n/a],92047,32534
92047,32980,SOCIAL,SO_GIFT_POETRY,收到Y的贈詩、文,directed,,,0.5,primary,唐五代人交往詩索引,438,P,ASSOC_DATA,40303,105,,[n/a],32980,92047
92047,32980,SOCIAL,SO_GIFT_POETRY,贈詩、文,directed,,,0.5,primary,唐五代人交往詩索引,437,A,ASSOC_DATA,40303,105,,[n/a],92047,32980
92047,93347,SOCIAL,SO_GIFT_POETRY,贈詩、文,directed,,,0.5,primary,唐五代人交往詩索引,437,A,ASSOC_DATA,40303,102,,[n/a],92047,93347
92047,93347,SOCIAL,SO_GIFT_POETRY,收到Y的贈詩、文,directed,,,0.5,primary,唐五代人交往詩索引,438,P,ASSOC_DATA,40303,102,,[n/a],93347,92047
92047,93348,SOCIAL,SO_GIFT_POETRY,贈詩、文,directed,,,0.5,primary,唐五代人交往詩索引,437,A,ASSOC_DATA,40303,102,,[n/a],92047,93348
92047,93348,SOCIAL,SO_GIFT_POETRY,收到Y的贈詩、文,directed,,,0.5,primary,唐五代人交往詩索引,438,P,ASSOC_DATA,40303,102,,[n/a],93348,92047
92047,93952,SOCIAL,SO_GIFT_POETRY,贈詩、文,directed,,,0.5,primary,唐五代人交往詩索引,437,A,ASSOC_DATA,40303,101,,[n/a],92047,93952
92047,93952,SOCIAL,SO_GIFT_POETRY,收到Y的贈詩、文,directed,,,0.5,primary,唐五代人交往詩索引,438,P,ASSOC_DATA,40303,101,,[n/a],93952,92047
92047,94227,SOCIAL,SO_FRIEND,友,undirected,,,0.6,primary,人名權威資料（中央研究院歷史語言研究所）,9,M,ASSOC_DATA,9602,18538,,[n/a],92047,94227
92047,94227,SOCIAL,SO_FRIEND,友,undirected,,,0.6,primary,人名權威資料（中央研究院歷史語言研究所）,9,M,ASSOC_DATA,9602,18538,,[n/a],94227,92047
92047,95068,SOCIAL,SO_GIFT_POETRY,贈詩、文,directed,,,0.5,primary,唐五代人交往詩索引,437,A,ASSOC_DATA,40303,103,,[n/a],92047,95068
92047,95068,SOCIAL,SO_GIFT_POETRY,收到Y的贈詩、文,directed,,,0.5,primary,唐五代人交往詩索引,438,P,ASSOC_DATA,40303,103,,[n/a],95068,92047
92047,447419,SOCIAL,SO_GIFT_POETRY,贈詩、文,directed,,,0.5,primary,唐五代人交往詩索引,437,A,ASSOC_DATA,40303,102,,[n/a],92047,447419
92047,447419,SOCIAL,SO_GIFT_POETRY,收到Y的贈詩、文,directed,,,0.5,primary,唐五代人交往詩索引,438,P,ASSOC_DATA,40303,102,,[n/a],447419,92047
92147,13575,SOCIAL,SO_GIFT_POETRY,收到Y的贈詩、文,directed,,,0.5,primary,唐五代人交往詩索引,438,P,ASSOC_DATA,40303,1437,,[n/a],13575,92147
92147,13575,SOCIAL,SO_GIFT_POETRY,贈詩、文,directed,,,0.5,primary,唐五代人交往詩索引,437,A,ASSOC_DATA,40303,1437,,[n/a],92147,13575
92147,33485,SOCIAL,SO_GIFT_POETRY,收到Y的贈詩、文,directed,,,0.5,primary,唐五代人交往詩索引,438,P,ASSOC_DATA,40303,1438,,[n/a],33485,92147
92147,33485,SOCIAL,SO_GIFT_POETRY,贈詩、文,directed,,,0.5,primary,唐五代人交往詩索引,437,A,ASSOC_DATA,40303,1438,,[n/a],92147,33485
92147,94160,SOCIAL,SO_GIFT_POETRY,贈詩、文,directed,,,0.5,primary,唐五代人交往詩索引,437,A,ASSOC_DATA,40303,1439,,[n/a],92147,94160
92147,94160,SOCIAL,SO_GIFT_POETRY,收到Y的贈詩、文,directed,,,0.5,primary,唐五代人交往詩索引,438,P,ASSOC_DATA,40303,1439,,[n/a],94160,92147
92147,94227,SOCIAL,SO_GIFT_POETRY,贈詩、文,directed,,,0.5,primary,唐五代人交往詩索引,437,A,ASSOC_DATA,40303,1437,,[n/a],92147,94227
92147,94227,SOCIAL,SO_GIFT_POETRY,收到Y的贈詩、文,directed,,,0.5,primary,唐五代人交往詩索引,438,P,ASSOC_DATA,40303,1437,,[n/a],94227,92147
92147,94227,KIN,K_OTHER,從兄,directed,,,0.7,primary,Pers DB / 唐代人物知識ベース,131,KIN,KIN_DATA,24309,pers00296,,,92147,94227
92161,32540,SOCIAL,SO_GIFT_POETRY,收到Y的贈詩、文,directed,,,0.5,primary,唐五代人交往詩索引,438,P,ASSOC_DATA,40303,962,,[n/a],32540,92161
92161,32540,SOCIAL,SO_GIFT_POETRY,贈詩、文,directed,,,0.5,primary,唐五代人交往詩索引,437,A,ASSOC_DATA,40303,962,,[n/a],92161,32540
92161,32822,KIN,K_OTHER,祖父,directed,,,0.7,primary,Pers DB / 唐代人物知識ベース,62,KIN,KIN_DATA,24309,pers00313,,,92161,32822
92161,34916,SOCIAL,SO_GIFT_POETRY,收到Y的贈詩、文,directed,,,0.5,primary,唐五代人交往詩索引,438,P,ASSOC_DATA,40303,963,,[n/a],34916,92161
92161,34916,SOCIAL,SO_GIFT_POETRY,贈詩、文,directed,,,0.5,primary,唐五代人交往詩索引,437,A,ASSOC_DATA,40303,963,,[n/a],92161,34916
92161,92673,SOCIAL,SO_GIFT_POETRY,贈詩、文,directed,,,0.5,primary,唐五代人交往詩索引,437,A,ASSOC_DATA,40303,964,,[n/a],92161,92673
92161,92673,SOCIAL,SO_GIFT_POETRY,收到Y的贈詩、文,directed,,,0.5,primary,唐五代人交往詩索引,438,P,ASSOC_DATA,40303,964,,[n/a],92673,92161
92161,92743,SOCIAL,SO_GIFT_POETRY,贈詩、文,directed,,,0.5,primary,唐五代人交往詩索引,437,A,ASSOC_DATA,40303,960,,[n/a],92161,92743
92161,92743,SOCIAL,SO_GIFT_POETRY,收到Y的贈詩、文,directed,,,0.5,primary,唐五代人交往詩索引,438,P,ASSOC_DATA,40303,960,,[n/a],92743,92161
92161,93832,SOCIAL,SO_GIFT_POETRY,贈詩、文,directed,,,0.5,primary,唐五代人交往詩索引,437,A,ASSOC_DATA,40303,964,,[n/a],92161,93832
92161,93832,SOCIAL,SO_GIFT_POETRY,收到Y的贈詩、文,directed,,,0.5,primary,唐五代人交往詩索引,438,P,ASSOC_DATA,40303,964,,[n/a],93832,92161
92161,95071,SOCIAL,SO_GIFT_POETRY,贈詩、文,directed,,,0.5,primary,唐五代人交往詩索引,437,A,ASSOC_DATA,40303,963,,[n/a],92161,95071
92161,95071,SOCIAL,SO_GIFT_POETRY,收到Y的贈詩、文,directed,,,0.5,primary,唐五代人交往詩索引,438,P,ASSOC_DATA,40303,963,,[n/a],95071,92161
92452,32540,POLITICAL,PO_ADMIRE,被Y欣賞/器重,directed,,,0.5,primary,李太白全集,17,P,ASSOC_DATA,25640,,1,[n/a],32540,92452
92452,32540,POLITICAL,PO_ADMIRE,欣賞/器重,directed,,,0.5,primary,李太白全集,18,A,ASSOC_DATA,25640,,1,[n/a],92452,32540
92516,3605,SOCIAL,SO_GIFT_POETRY,收到Y的贈詩、文,directed,,,0.5,primary,唐五代人交往詩索引,438,P,ASSOC_DATA,40303,1239,,[n/a],3605,92516
92516,3605,SOCIAL,SO_GIFT_POETRY,贈詩、文,directed,,,0.5,primary,唐五代人交往詩索引,437,A,ASSOC_DATA,40303,1239,,[n/a],92516,3605
92516,24654,SOCIAL,SO_GIFT_POETRY,收到Y的贈詩、文,directed,,,0.5,primary,唐五代人交往詩索引,438,P,ASSOC_DATA,40303,1237,,[n/a],24654,92516
92516,24654,SOCIAL,SO_GIFT_POETRY,贈詩、文,directed,,,0.5,primary,唐五代人交往詩索引,437,A,ASSOC_DATA,40303,1237,,[n/a],92516,24654
92516,91931,SOCIAL,SO_GIFT_POETRY,收到Y的贈詩、文,directed,,,0.5,primary,唐五代人交往詩索引,438,P,ASSOC_DATA,40303,1237,,[n/a],91931,92516
92516,91931,SOCIAL,SO_GIFT_POETRY,贈詩、文,directed,,,0.5,primary,唐五代人交往詩索引,437,A,ASSOC_DATA,40303,1237,,[n/a],92516,91931
92673,13575,SOCIAL,SO_GIFT_POETRY,收到Y的贈詩、文,directed,,,0.5,primary,唐五代人交往詩索引,438,P,ASSOC_DATA,40303,1317,,[n/a],13575,92673
92673,13575,SOCIAL,SO_GIFT_POETRY,贈詩、文,directed,,,0.5,primary,唐五代人交往詩索引,437,A,ASSOC_DATA,40303,1317,,[n/a],92673,13575
92673,92147,SOCIAL,SO_GIFT_POETRY,收到Y的贈詩、文,directed,,,0.5,primary,唐五代人交往詩索引,438,P,ASSOC_DATA,40303,1319,,[n/a],92147,92673
92673,92147,SOCIAL,SO_GIFT_POETRY,贈詩、文,directed,,,0.5,primary,唐五代人交往詩索引,437,A,ASSOC_DATA,40303,1319,,[n/a],92673,92147
92673,94160,SOCIAL,SO_GIFT_POETRY,贈詩、文,directed,,,0.5,primary,唐五代人交往詩索引,437,A,ASSOC_DATA,40303,1318,,[n/a],92673,94160
92673,94160,SOCIAL,SO_GIFT_POETRY,收到Y的贈詩、文,directed,,,0.5,primary,唐五代人交往詩索引,438,P,ASSOC_DATA,40303,1318,,[n/a],94160,92673
92673,94227,SOCIAL,SO_GIFT_POETRY,贈詩、文,directed,,,0.5,primary,唐五代人交往詩索引,437,A,ASSOC_DATA,40303,1317,,[n/a],92673,94227
92673,94227,SOCIAL,SO_GIFT_POETRY,收到Y的贈詩、文,directed,,,0.5,primary,唐五代人交往詩索引,438,P,ASSOC_DATA,40303,1317,,[n/a],94227,92673
92673,94864,SOCIAL,SO_GIFT_POETRY,贈詩、文,directed,,,0.5,primary,唐五代人交往詩索引,437,A,ASSOC_DATA,40303,1316,,[n/a],92673,94864
92673,94864,SOCIAL,SO_GIFT_POETRY,收到Y的贈詩、文,directed,,,0.5,primary,唐五代人交往詩索引,438,P,ASSOC_DATA,40303,1316,,[n/a],94864,92673
92673,447419,SOCIAL,SO_GIFT_POETRY,贈詩、文,directed,,,0.5,primary,唐五代人交往詩索引,437,A,ASSOC_DATA,40303,1317,,[n/a],92673,447419
92673,447419,SOCIAL,SO_GIFT_POETRY,收到Y的贈詩、文,directed,,,0.5,primary,唐五代人交往詩索引,438,P,ASSOC_DATA,40303,1317,,[n/a],447419,92673
92743,32227,SOCIAL,SO_GIFT_POETRY,收到Y的贈詩、文,directed,,,0.5,primary,唐五代人交往詩索引,438,P,ASSOC_DATA,40303,81,,[n/a],32227,92743
92743,32227,SOCIAL,SO_GIFT_POETRY,贈詩、文,directed,,,0.5,primary,唐五代人交往詩索引,437,A,ASSOC_DATA,40303,81,,[n/a],92743,32227
92743,32540,SOCIAL,SO_GIFT_POETRY,收到Y的贈詩、文,directed,,,0.5,primary,唐五代人交往詩索引,438,P,ASSOC_DATA,40303,83,,[n/a],32540,92743
92743,32540,SOCIAL,SO_GIFT_POETRY,贈詩、文,directed,,,0.5,primary,唐五代人交往詩索引,437,A,ASSOC_DATA,40303,83,,[n/a],92743,32540
92899,13060,SOCIAL,SO_GIFT_POETRY,收到Y的贈詩、文,directed,,,0.5,primary,唐五代人交往詩索引,438,P,ASSOC_DATA,40303,766,,[n/a],13060,92899
92899,13060,SOCIAL,SO_GIFT_POETRY,贈詩、文,directed,,,0.5,primary,唐五代人交往詩索引,437,A,ASSOC_DATA,40303,766,,[n/a],92899,13060
92899,31066,SOCIAL,SO_GIFT_POETRY,收到Y的贈詩、文,directed,,,0.5,primary,唐五代人交往詩索引,438,P,ASSOC_DATA,40303,767,,[n/a],31066,92899
92899,31066,SOCIAL,SO_GIFT_POETRY,贈詩、文,directed,,,0.5,primary,唐五代人交往詩索引,437,A,ASSOC_DATA,40303,767,,[n/a],92899,31066
92982,15161,SOCIAL,SO_GIFT_POETRY,收到Y的贈詩、文,directed,,,0.5,primary,唐五代人交往詩索引,438,P,ASSOC_DATA,40303,801,,[n/a],15161,92982
92982,15161,SOCIAL,SO_GIFT_POETRY,贈詩、文,directed,,,0.5,primary,唐五代人交往詩索引,437,A,ASSOC_DATA,40303,801,,[n/a],92982,15161
92982,21194,SOCIAL,SO_GIFT_POETRY,收到Y的贈詩、文,directed,,,0.5,primary,唐五代人交往詩索引,438,P,ASSOC_DATA,40303,801,,[n/a],21194,92982
92982,21194,SOCIAL,SO_GIFT_POETRY,贈詩、文,directed,,,0.5,primary,唐五代人交往詩索引,437,A,ASSOC_DATA,40303,801,,[n/a],92982,21194
92982,32054,SOCIAL,SO_GIFT_POETRY,收到Y的贈詩、文,directed,,,0.5,primary,唐五代人交往詩索引,438,P,ASSOC_DATA,40303,800,,[n/a],32054,92982
92982,32054,SOCIAL,SO_GIFT_POETRY,贈詩、文,directed,,,0.5,primary,唐五代人交往詩索引,437,A,ASSOC_DATA,40303,800,,[n/a],92982,32054
92982,32227,SOCIAL,SO_GIFT_POETRY,收到Y的贈詩、文,directed,,,0.5,primary,唐五代人交往詩索引,438,P,ASSOC_DATA,40303,800,,[n/a],32227,92982
92982,32227,SOCIAL,SO_GIFT_POETRY,贈詩、文,directed,,,0.5,primary,唐五代人交往詩索引,437,A,ASSOC_DATA,40303,800,,[n/a],92982,32227
92982,32822,SOCIAL,SO_GIFT_POETRY,收到Y的贈詩、文,directed,,,0.5,primary,唐五代人交往詩索引,438,P,ASSOC_DATA,40303,801,,[n/a],32822,92982
92982,32822,SOCIAL,SO_GIFT_POETRY,贈詩、文,directed,,,0.5,primary,唐五代人交往詩索引,437,A,ASSOC_DATA,40303,801,,[n/a],92982,32822
92982,32917,SOCIAL,SO_GIFT_POETRY,收到Y的贈詩、文,directed,,,0.5,primary,唐五代人交往詩索引,438,P,ASSOC_DATA,40303,801,,[n/a],32917,92982
92982,32917,SOCIAL,SO_GIFT_POETRY,贈詩、文,directed,,,0.5,primary,唐五代人交往詩索引,437,A,ASSOC_DATA,40303,801,,[n/a],92982,32917
92982,33606,SOCIAL,SO_GIFT_POETRY,收到Y的贈詩、文,directed,,,0.5,primary,唐五代人交往詩索引,438,P,ASSOC_DATA,40303,802,,[n/a],33606,92982
92982,33606,SOCIAL,SO_GIFT_POETRY,贈詩、文,directed,,,0.5,primary,唐五代人交往詩索引,437,A,ASSOC_DATA,40303,802,,[n/a],92982,33606
92982,95210,SOCIAL,SO_GIFT_POETRY,贈詩、文,directed,,,0.5,primary,唐五代人交往詩索引,437,A,ASSOC_DATA,40303,802,,[n/a],92982,95210
92982,95210,SOCIAL,SO_GIFT_POETRY,收到Y的贈詩、文,directed,,,0.5,primary,唐五代人交往詩索引,438,P,ASSOC_DATA,40303,802,,[n/a],95210,92982
93080,92743,SOCIAL,SO_GIFT_POETRY,收到Y的贈詩、文,directed,,,0.5,primary,唐五代人交往詩索引,438,P,ASSOC_DATA,40303,780,,[n/a],92743,93080
93080,92743,SOCIAL,SO_GIFT_POETRY,贈詩、文,directed,,,0.5,primary,唐五代人交往詩索引,437,A,ASSOC_DATA,40303,780,,[n/a],93080,92743
93080,94160,KIN,K_AFFINAL,岳父,directed,,,0.7,primary,Pers DB / 唐代人物知識ベース,76,KIN,KIN_DATA,24309,pers01404,,,93080,94160
93080,94227,SOCIAL,SO_GIFT_POETRY,贈詩、文,directed,,,0.5,primary,唐五代人交往詩索引,437,A,ASSOC_DATA,40303,780,,[n/a],93080,94227
93080,94227,SOCIAL,SO_GIFT_POETRY,收到Y的贈詩、文,directed,,,0.5,primary,唐五代人交往詩索引,438,P,ASSOC_DATA,40303,780,,[n/a],94227,93080
93246,3702,SOCIAL,SO_GIFT_POETRY,收到Y的贈詩、文,directed,,,0.5,primary,唐五代人交往詩索引,438,P,ASSOC_DATA,40303,599,,[n/a],3702,93246
93246,3702,SOCIAL,SO_GIFT_POETRY,贈詩、文,directed,,,0.5,primary,唐五代人交往詩索引,437,A,ASSOC_DATA,40303,599,,[n/a],93246,3702
93246,17029,SOCIAL,SO_GIFT_POETRY,收到Y的贈詩、文,directed,,,0.5,primary,唐五代人交往詩索引,438,P,ASSOC_DATA,40303,598,,[n/a],17029,93246
93246,17029,SOCIAL,SO_GIFT_POETRY,贈詩、文,directed,,,0.5,primary,唐五代人交往詩索引,437,A,ASSOC_DATA,40303,598,,[n/a],93246,17029
93246,32540,LITERARY,LI_STYLE,文風為Y所稱道,directed,,,0.4,primary,禪月集,173,P,ASSOC_DATA,26199,,,禪月集序,32540,93246
93246,32540,LITERARY,LI_STYLE,稱道Y之文風,directed,,,0.4,primary,禪月集,172,A,ASSOC_DATA,26199,,,禪月集序,93246,32540
93246,33649,SOCIAL,SO_GIFT_POETRY,收到Y的贈詩、文,directed,,,0.5,primary,唐五代人交往詩索引,438,P,ASSOC_DATA,40303,599,,[n/a],33649,93246
93246,33649,SOCIAL,SO_GIFT_POETRY,贈詩、文,directed,,,0.5,primary,唐五代人交往詩索引,437,A,ASSOC_DATA,40303,599,,[n/a],93246,33649
93246,94717,SOCIAL,SO_GIFT_POETRY,贈詩、文,directed,,,0.5,primary,唐五代人交往詩索引,437,A,ASSOC_DATA,40303,599,,[n/a],93246,94717
93246,94717,SOCIAL,SO_GIFT_POETRY,收到Y的贈詩、文,directed,,,0.5,primary,唐五代人交往詩索引,438,P,ASSOC_DATA,40303,599,,[n/a],94717,93246
93347,93348,KIN,K_SIBLING,妹,undirected,,,0.9,primary,Pers DB / 唐代人物知識ベース,169,KIN,KIN_DATA,24309,pers01724,,,93347,93348
93347,93348,KIN,K_SIBLING,姊,undirected,,,0.9,primary,Pers DB / 唐代人物知識ベース,164,KIN,KIN_DATA,24309,pers01723,,,93348,93347
93663,3840,POLITICAL,PO_ADMIRE,被Y欣賞/器重,directed,,,0.5,primary,資治通鑑,17,P,ASSOC_DATA,3886,,,[n/a],3840,93663
93663,3840,POLITICAL,PO_ADMIRE,欣賞/器重,directed,,,0.5,primary,資治通鑑,18,A,ASSOC_DATA,3886,,,[n/a],93663,3840
93663,13060,KIN,K_AFFINAL,翁;公公;丈夫之父,directed,,,0.7,unsourced,,395,KIN,KIN_DATA,,,,,93663,13060
93663,19244,KIN,K_OTHER,孫,directed,,,0.7,unsourced,,243,KIN,KIN_DATA,,,,,93663,19244
93663,31322,POLITICAL,PO_ADMIRE,被Y欣賞/器重,directed,,,0.5,primary,舊唐書,17,P,ASSOC_DATA,4801,,,[n/a],31322,93663
93663,31322,POLITICAL,PO_ADMIRE,欣賞/器重,directed,,,0.5,primary,舊唐書,18,A,ASSOC_DATA,4801,,,[n/a],93663,31322
93663,31560,LITERARY,LI_PRAISE_POETRY,詩作為Y所稱道,directed,,,0.4,primary,舊唐書,70,P,ASSOC_DATA,4801,5025,,[n/a],31560,93663
93663,31560,LITERARY,LI_PRAISE_POETRY,稱道Y的詩作,directed,,,0.4,primary,舊唐書,71,A,ASSOC_DATA,4801,5025,,[n/a],93663,31560
93663,91931,POLITICAL,PO_ADMIRE,被Y欣賞/器重,directed,,,0.5,primary,資治通鑑,17,P,ASSOC_DATA,3886,,,[n/a],91931,93663
93663,91931,POLITICAL,PO_ADMIRE,欣賞/器重,directed,,,0.5,primary,資治通鑑,18,A,ASSOC_DATA,3886,,,[n/a],93663,91931
93785,17029,SOCIAL,SO_GIFT_POETRY,收到Y的贈詩、文,directed,,,0.5,primary,唐五代人交往詩索引,438,P,ASSOC_DATA,40303,1394,,[n/a],17029,93785
93785,17029,SOCIAL,SO_GIFT_POETRY,贈詩、文,directed,,,0.5,primary,唐五代人交往詩索引,437,A,ASSOC_DATA,40303,1394,,[n/a],93785,17029
93785,94160,SOCIAL,SO_GIFT_POETRY,贈詩、文,directed,,,0.5,primary,唐五代人交往詩索引,437,A,ASSOC_DATA,40303,1396,,[n/a],93785,94160
93785,94160,SOCIAL,SO_GIFT_POETRY,收到Y的贈詩、文,directed,,,0.5,primary,唐五代人交往詩索引,438,P,ASSOC_DATA,40303,1396,,[n/a],94160,93785
93785,94227,SOCIAL,SO_GIFT_POETRY,贈詩、文,directed,,,0.5,primary,唐五代人交往詩索引,437,A,ASSOC_DATA,40303,1394,,[n/a],93785,94227
93785,94227,SOCIAL,SO_GIFT_POETRY,收到Y的贈詩、文,directed,,,0.5,primary,唐五代人交往詩索引,438,P,ASSOC_DATA,40303,1394,,[n/a],94227,93785
93785,94595,SOCIAL,SO_GIFT_POETRY,贈詩、文,directed,,,0.5,primary,唐五代人交往詩索引,437,A,ASSOC_DATA,40303,1395,,[n/a],93785,94595
93785,94595,SOCIAL,SO_GIFT_POETRY,收到Y的贈詩、文,directed,,,0.5,primary,唐五代人交往詩索引,438,P,ASSOC_DATA,40303,1395,,[n/a],94595,93785
93803,447567,SOCIAL,SO_GIFT_POETRY,贈詩、文,directed,,,0.5,primary,唐五代人交往詩索引,437,A,ASSOC_DATA,40303,620,,[n/a],93803,447567
93803,447567,SOCIAL,SO_GIFT_POETRY,收到Y的贈詩、文,directed,,,0.5,primary,唐五代人交往詩索引,438,P,ASSOC_DATA,40303,620,,[n/a],447567,93803
93832,3915,SOCIAL,SO_GIFT_POETRY,收到Y的贈詩、文,directed,,,0.5,primary,唐五代人交往詩索引,438,P,ASSOC_DATA,40303,1484,,[n/a],3915,93832
93832,3915,SOCIAL,SO_GIFT_POETRY,贈詩、文,directed,,,0.5,primary,唐五代人交往詩索引,437,A,ASSOC_DATA,40303,1484,,[n/a],93832,3915
93832,17029,SOCIAL,SO_GIFT_POETRY,收到Y的贈詩、文,directed,,,0.5,primary,唐五代人交往詩索引,438,P,ASSOC_DATA,40303,1480,,[n/a],17029,93832
93832,17029,SOCIAL,SO_GIFT_POETRY,贈詩、文,directed,,,0.5,primary,唐五代人交往詩索引,437,A,ASSOC_DATA,40303,1480,,[n/a],93832,17029
93832,32540,SOCIAL,SO_GIFT_POETRY,收到Y的贈詩、文,directed,,,0.5,primary,唐五代人交往詩索引,438,P,ASSOC_DATA,40303,1483,,[n/a],32540,93832
93832,32540,SOCIAL,SO_GIFT_POETRY,贈詩、文,directed,,,0.5,primary,唐五代人交往詩索引,437,A,ASSOC_DATA,40303,1483,,[n/a],93832,32540
93832,93080,SOCIAL,SO_GIFT_POETRY,收到Y的贈詩、文,directed,,,0.5,primary,唐五代人交往詩索引,438,P,ASSOC_DATA,40303,1483,,[n/a],93080,93832
93832,93080,SOCIAL,SO_GIFT_POETRY,贈詩、文,directed,,,0.5,primary,唐五代人交往詩索引,437,A,ASSOC_DATA,40303,1483,,[n/a],93832,93080
93832,94227,SOCIAL,SO_GIFT_POETRY,贈詩、文,directed,,,0.5,primary,唐五代人交往詩索引,437,A,ASSOC_DATA,40303,1481,,[n/a],93832,94227
93832,94227,SOCIAL,SO_GIFT_POETRY,收到Y的贈詩、文,directed,,,0.5,primary,唐五代人交往詩索引,438,P,ASSOC_DATA,40303,1481,,[n/a],94227,93832
93832,95071,SOCIAL,SO_GIFT_POETRY,贈詩、文,directed,,,0.5,primary,唐五代人交往詩索引,437,A,ASSOC_DATA,40303,1484,,[n/a],93832,95071
93832,95071,SOCIAL,SO_GIFT_POETRY,收到Y的贈詩、文,directed,,,0.5,primary,唐五代人交往詩索引,438,P,ASSOC_DATA,40303,1484,,[n/a],95071,93832
93952,3332,SOCIAL,SO_GIFT_POETRY,收到Y的贈詩、文,directed,,,0.5,primary,唐五代人交往詩索引,438,P,ASSOC_DATA,40303,338,,[n/a],3332,93952
93952,3332,SOCIAL,SO_GIFT_POETRY,贈詩、文,directed,,,0.5,primary,唐五代人交往詩索引,437,A,ASSOC_DATA,40303,338,,[n/a],93952,3332
93952,13575,SOCIAL,SO_GIFT_POETRY,收到Y的贈詩、文,directed,,,0.5,primary,唐五代人交往詩索引,438,P,ASSOC_DATA,40303,331,,[n/a],13575,93952
93952,13575,SOCIAL,SO_GIFT_POETRY,贈詩、文,directed,,,0.5,primary,唐五代人交往詩索引,437,A,ASSOC_DATA,40303,331,,[n/a],93952,13575
93952,22469,SOCIAL,SO_GIFT_POETRY,收到Y的贈詩、文,directed,,,0.5,primary,唐五代人交往詩索引,438,P,ASSOC_DATA,40303,334,,[n/a],22469,93952
93952,22469,SOCIAL,SO_GIFT_POETRY,贈詩、文,directed,,,0.5,primary,唐五代人交往詩索引,437,A,ASSOC_DATA,40303,334,,[n/a],93952,22469
93952,32822,SOCIAL,SO_GIFT_POETRY,收到Y的贈詩、文,directed,,,0.5,primary,唐五代人交往詩索引,438,P,ASSOC_DATA,40303,335,,[n/a],32822,93952
93952,32822,SOCIAL,SO_GIFT_POETRY,贈詩、文,directed,,,0.5,primary,唐五代人交往詩索引,437,A,ASSOC_DATA,40303,335,,[n/a],93952,32822
93952,33859,SOCIAL,SO_GIFT_POETRY,收到Y的贈詩、文,directed,,,0.5,primary,唐五代人交往詩索引,438,P,ASSOC_DATA,40303,337,,[n/a],33859,93952
93952,33859,SOCIAL,SO_GIFT_POETRY,贈詩、文,directed,,,0.5,primary,唐五代人交往詩索引,437,A,ASSOC_DATA,40303,337,,[n/a],93952,33859
93952,94227,SOCIAL,SO_FRIEND,友,undirected,,,0.6,primary,人名權威資料（中央研究院歷史語言研究所）,9,M,ASSOC_DATA,9602,18538,,[n/a],93952,94227
93952,94227,SOCIAL,SO_GIFT_POETRY,贈詩、文,directed,,,0.5,primary,唐五代人交往詩索引,437,A,ASSOC_DATA,40303,331,,[n/a],93952,94227
93952,94227,SOCIAL,SO_FRIEND,友,undirected,,,0.6,primary,人名權威資料（中央研究院歷史語言研究所）,9,M,ASSOC_DATA,9602,18538,,[n/a],94227,93952
93952,94227,SOCIAL,SO_GIFT_POETRY,收到Y的贈詩、文,directed,,,0.5,primary,唐五代人交往詩索引,438,P,ASSOC_DATA,40303,331,,[n/a],94227,93952
93952,94595,SOCIAL,SO_GIFT_POETRY,贈詩、文,directed,,,0.5,primary,唐五代人交往詩索引,437,A,ASSOC_DATA,40303,333,,[n/a],93952,94595
93952,94595,SOCIAL,SO_GIFT_POETRY,收到Y的贈詩、文,directed,,,0.5,primary,唐五代人交往詩索引,438,P,ASSOC_DATA,40303,333,,[n/a],94595,93952
93952,445983,SOCIAL,SO_GIFT_POETRY,贈詩、文,directed,,,0.5,primary,唐五代人交往詩索引,437,A,ASSOC_DATA,40303,338,,[n/a],93952,445983
93952,445983,SOCIAL,SO_GIFT_POETRY,收到Y的贈詩、文,directed,,,0.5,primary,唐五代人交往詩索引,438,P,ASSOC_DATA,40303,338,,[n/a],445983,93952
93956,3130,SOCIAL,SO_GIFT_POETRY,收到Y的贈詩、文,directed,,,0.5,primary,唐五代人交往詩索引,438,P,ASSOC_DATA,40303,344,,[n/a],3130,93956
93956,3130,SOCIAL,SO_GIFT_POETRY,贈詩、文,directed,,,0.5,primary,唐五代人交往詩索引,437,A,ASSOC_DATA,40303,344,,[n/a],93956,3130
93956,26935,SOCIAL,SO_GIFT_POETRY,收到Y的贈詩、文,directed,,,0.5,primary,唐五代人交往詩索引,438,P,ASSOC_DATA,40303,348,,[n/a],26935,93956
93956,26935,SOCIAL,SO_GIFT_POETRY,贈詩、文,directed,,,0.5,primary,唐五代人交往詩索引,437,A,ASSOC_DATA,40303,348,,[n/a],93956,26935
93956,31407,SOCIAL,SO_GIFT_POETRY,收到Y的贈詩、文,directed,,,0.5,primary,唐五代人交往詩索引,438,P,ASSOC_DATA,40303,343,,[n/a],31407,93956
93956,31407,SOCIAL,SO_GIFT_POETRY,贈詩、文,directed,,,0.5,primary,唐五代人交往詩索引,437,A,ASSOC_DATA,40303,343,,[n/a],93956,31407
93956,32174,SOCIAL,SO_GIFT_POETRY,收到Y的贈詩、文,directed,,,0.5,primary,唐五代人交往詩索引,438,P,ASSOC_DATA,40303,342,,[n/a],32174,93956
93956,32174,SOCIAL,SO_GIFT_POETRY,贈詩、文,directed,,,0.5,primary,唐五代人交往詩索引,437,A,ASSOC_DATA,40303,342,,[n/a],93956,32174
93956,92035,SOCIAL,SO_GIFT_POETRY,收到Y的贈詩、文,directed,,,0.5,primary,唐五代人交往詩索引,438,P,ASSOC_DATA,40303,342,,[n/a],92035,93956
93956,92035,SOCIAL,SO_GIFT_POETRY,贈詩、文,directed,,,0.5,primary,唐五代人交往詩索引,437,A,ASSOC_DATA,40303,342,,[n/a],93956,92035
93956,93952,SOCIAL,SO_GIFT_POETRY,收到Y的贈詩、文,directed,,,0.5,primary,唐五代人交往詩索引,438,P,ASSOC_DATA,40303,346,,[n/a],93952,93956
93956,93952,SOCIAL,SO_GIFT_POETRY,贈詩、文,directed,,,0.5,primary,唐五代人交往詩索引,437,A,ASSOC_DATA,40303,346,,[n/a],93956,93952
94116,3332,TEACHER_STUDENT,TS_STUDENT,學生為Y,directed,,,0.8,primary,人名權威資料（中央研究院歷史語言研究所）,23,P,ASSOC_DATA,9602,18182,,[n/a],3332,94116
94116,3332,TEACHER_STUDENT,TS_STUDENT,為Y之學生,directed,,,0.8,primary,人名權威資料（中央研究院歷史語言研究所）,22,A,ASSOC_DATA,9602,18182,,[n/a],94116,3332
94116,3605,LITERARY,LI_EULOGY,祭文由Y所作,directed,,,0.4,unsourced,,146,P,ASSOC_DATA,,,,[n/a],3605,94116
94116,3605,LITERARY,LI_EULOGY,為Y作祭文,directed,,,0.4,unsourced,,145,A,ASSOC_DATA,,,,[n/a],94116,3605
94116,32889,SOCIAL,SO_GIFT_POETRY,收到Y的贈詩、文,directed,,,0.5,primary,唐五代人交往詩索引,438,P,ASSOC_DATA,40303,579,,[n/a],32889,94116
94116,32889,SOCIAL,SO_GIFT_POETRY,贈詩、文,directed,,,0.5,primary,唐五代人交往詩索引,437,A,ASSOC_DATA,40303,579,,[n/a],94116,32889
94160,3332,SOCIAL,SO_GIFT_POETRY,收到Y的贈詩、文,directed,,,0.5,primary,唐五代人交往詩索引,438,P,ASSOC_DATA,40303,988,,[n/a],3332,94160
94160,3332,SOCIAL,SO_GIFT_POETRY,贈詩、文,directed,,,0.5,primary,唐五代人交往詩索引,437,A,ASSOC_DATA,40303,988,,[n/a],94160,3332
94160,13575,SOCIAL,SO_GIFT_POETRY,收到Y的贈詩、文,directed,,,0.5,primary,唐五代人交往詩索引,438,P,ASSOC_DATA,40303,983,,[n/a],13575,94160
94160,13575,SOCIAL,SO_GIFT_POETRY,贈詩、文,directed,,,0.5,primary,唐五代人交往詩索引,437,A,ASSOC_DATA,40303,983,,[n/a],94160,13575
94160,15161,SOCIAL,SO_GIFT_POETRY,收到Y的贈詩、文,directed,,,0.5,primary,唐五代人交往詩索引,438,P,ASSOC_DATA,40303,986,,[n/a],15161,94160
94160,15161,SOCIAL,SO_GIFT_POETRY,贈詩、文,directed,,,0.5,primary,唐五代人交往詩索引,437,A,ASSOC_DATA,40303,986,,[n/a],94160,15161
94160,26935,KIN,K_OTHER,祖父,directed,,,0.7,primary,Pers DB / 唐代人物知識ベース,62,KIN,KIN_DATA,24309,pers02660,,,94160,26935
94160,32227,SOCIAL,SO_GIFT_POETRY,收到Y的贈詩、文,directed,,,0.5,primary,唐五代人交往詩索引,438,P,ASSOC_DATA,40303,985,,[n/a],32227,94160
94160,32227,SOCIAL,SO_GIFT_POETRY,贈詩、文,directed,,,0.5,primary,唐五代人交往詩索引,437,A,ASSOC_DATA,40303,985,,[n/a],94160,32227
94160,32980,SOCIAL,SO_GIFT_POETRY,收到Y的贈詩、文,directed,,,0.5,primary,唐五代人交往詩索引,438,P,ASSOC_DATA,40303,991,,[n/a],32980,94160
94160,32980,SOCIAL,SO_GIFT_POETRY,贈詩、文,directed,,,0.5,primary,唐五代人交往詩索引,437,A,ASSOC_DATA,40303,991,,[n/a],94160,32980
94160,33649,SOCIAL,SO_GIFT_POETRY,收到Y的贈詩、文,directed,,,0.5,primary,唐五代人交往詩索引,438,P,ASSOC_DATA,40303,990,,[n/a],33649,94160
94160,33649,SOCIAL,SO_GIFT_POETRY,贈詩、文,directed,,,0.5,primary,唐五代人交往詩索引,437,A,ASSOC_DATA,40303,990,,[n/a],94160,33649
94160,92047,SOCIAL,SO_GIFT_POETRY,收到Y的贈詩、文,directed,,,0.5,primary,唐五代人交往詩索引,438,P,ASSOC_DATA,40303,981,,[n/a],92047,94160
94160,92047,SOCIAL,SO_GIFT_POETRY,贈詩、文,directed,,,0.5,primary,唐五代人交往詩索引,437,A,ASSOC_DATA,40303,981,,[n/a],94160,92047
94160,92982,SOCIAL,SO_GIFT_POETRY,收到Y的贈詩、文,directed,,,0.5,primary,唐五代人交往詩索引,438,P,ASSOC_DATA,40303,987,,[n/a],92982,94160
94160,92982,SOCIAL,SO_GIFT_POETRY,贈詩、文,directed,,,0.5,primary,唐五代人交往詩索引,437,A,ASSOC_DATA,40303,987,,[n/a],94160,92982
94160,93080,SOCIAL,SO_GIFT_POETRY,收到Y的贈詩、文,directed,,,0.5,primary,唐五代人交往詩索引,438,P,ASSOC_DATA,40303,986,,[n/a],93080,94160
94160,93080,SOCIAL,SO_GIFT_POETRY,贈詩、文,directed,,,0.5,primary,唐五代人交往詩索引,437,A,ASSOC_DATA,40303,986,,[n/a],94160,93080
94160,93080,KIN,K_AFFINAL,女婿,directed,,,0.7,primary,Pers DB / 唐代人物知識ベース,181,KIN,KIN_DATA,24309,pers01404,,,94160,93080
94160,94227,SOCIAL,SO_FRIEND,友,undirected,,,0.6,primary,人名權威資料（中央研究院歷史語言研究所）,9,M,ASSOC_DATA,9602,18538,,[n/a],94160,94227
94160,94227,SOCIAL,SO_GIFT_POETRY,贈詩、文,directed,,,0.5,primary,唐五代人交往詩索引,437,A,ASSOC_DATA,40303,982,,[n/a],94160,94227
94160,94227,SOCIAL,SO_FRIEND,友,undirected,,,0.6,primary,人名權威資料（中央研究院歷史語言研究所）,9,M,ASSOC_DATA,9602,18538,,[n/a],94227,94160
94160,94227,SOCIAL,SO_GIFT_POETRY,收到Y的贈詩、文,directed,,,0.5,primary,唐五代人交往詩索引,438,P,ASSOC_DATA,40303,982,,[n/a],94227,94160
94160,94864,SOCIAL,SO_GIFT_POETRY,贈詩、文,directed,,,0.5,primary,唐五代人交往詩索引,437,A,ASSOC_DATA,40303,981,,[n/a],94160,94864
94160,94864,SOCIAL,SO_GIFT_POETRY,收到Y的贈詩、文,directed,,,0.5,primary,唐五代人交往詩索引,438,P,ASSOC_DATA,40303,981,,[n/a],94864,94160
94160,447419,SOCIAL,SO_GIFT_POETRY,贈詩、文,directed,,,0.5,primary,唐五代人交往詩索引,437,A,ASSOC_DATA,40303,985,,[n/a],94160,447419
94160,447419,SOCIAL,SO_GIFT_POETRY,收到Y的贈詩、文,directed,,,0.5,primary,唐五代人交往詩索引,438,P,ASSOC_DATA,40303,985,,[n/a],447419,94160
94183,3915,SOCIAL,SO_GIFT_POETRY,收到Y的贈詩、文,directed,,,0.5,primary,唐五代人交往詩索引,438,P,ASSOC_DATA,40303,1420,,[n/a],3915,94183
94183,3915,SOCIAL,SO_GIFT_POETRY,贈詩、文,directed,,,0.5,primary,唐五代人交往詩索引,437,A,ASSOC_DATA,40303,1420,,[n/a],94183,3915
94183,17029,SOCIAL,SO_GIFT_POETRY,收到Y的贈詩、文,directed,,,0.5,primary,唐五代人交往詩索引,438,P,ASSOC_DATA,40303,1413,,[n/a],17029,94183
94183,17029,SOCIAL,SO_GIFT_POETRY,贈詩、文,directed,,,0.5,primary,唐五代人交往詩索引,437,A,ASSOC_DATA,40303,1413,,[n/a],94183,17029
94183,19244,SOCIAL,SO_GIFT_POETRY,收到Y的贈詩、文,directed,,,0.5,primary,唐五代人交往詩索引,438,P,ASSOC_DATA,40303,1418,,[n/a],19244,94183
94183,19244,SOCIAL,SO_GIFT_POETRY,贈詩、文,directed,,,0.5,primary,唐五代人交往詩索引,437,A,ASSOC_DATA,40303,1418,,[n/a],94183,19244
94183,21751,SOCIAL,SO_GIFT_POETRY,收到Y的贈詩、文,directed,,,0.5,primary,唐五代人交往詩索引,438,P,ASSOC_DATA,40303,1422,,[n/a],21751,94183
94183,21751,SOCIAL,SO_GIFT_POETRY,贈詩、文,directed,,,0.5,primary,唐五代人交往詩索引,437,A,ASSOC_DATA,40303,1422,,[n/a],94183,21751
94183,26935,SOCIAL,SO_GIFT_POETRY,收到Y的贈詩、文,directed,,,0.5,primary,唐五代人交往詩索引,438,P,ASSOC_DATA,40303,1419,,[n/a],26935,94183
94183,26935,SOCIAL,SO_GIFT_POETRY,贈詩、文,directed,,,0.5,primary,唐五代人交往詩索引,437,A,ASSOC_DATA,40303,1419,,[n/a],94183,26935
94183,33649,SOCIAL,SO_GIFT_POETRY,收到Y的贈詩、文,directed,,,0.5,primary,唐五代人交往詩索引,438,P,ASSOC_DATA,40303,1421,,[n/a],33649,94183
94183,33649,SOCIAL,SO_GIFT_POETRY,贈詩、文,directed,,,0.5,primary,唐五代人交往詩索引,437,A,ASSOC_DATA,40303,1421,,[n/a],94183,33649
94183,92047,SOCIAL,SO_GIFT_POETRY,收到Y的贈詩、文,directed,,,0.5,primary,唐五代人交往詩索引,438,P,ASSOC_DATA,40303,1414,,[n/a],92047,94183
94183,92047,SOCIAL,SO_GIFT_POETRY,贈詩、文,directed,,,0.5,primary,唐五代人交往詩索引,437,A,ASSOC_DATA,40303,1414,,[n/a],94183,92047
94183,92161,SOCIAL,SO_GIFT_POETRY,收到Y的贈詩、文,directed,,,0.5,primary,唐五代人交往詩索引,438,P,ASSOC_DATA,40303,1419,,[n/a],92161,94183
94183,92161,SOCIAL,SO_GIFT_POETRY,贈詩、文,directed,,,0.5,primary,唐五代人交往詩索引,437,A,ASSOC_DATA,40303,1419,,[n/a],94183,92161
94183,92673,SOCIAL,SO_GIFT_POETRY,收到Y的贈詩、文,directed,,,0.5,primary,唐五代人交往詩索引,438,P,ASSOC_DATA,40303,1421,,[n/a],92673,94183
94183,92673,SOCIAL,SO_GIFT_POETRY,贈詩、文,directed,,,0.5,primary,唐五代人交往詩索引,437,A,ASSOC_DATA,40303,1421,,[n/a],94183,92673
94183,93080,SOCIAL,SO_GIFT_POETRY,收到Y的贈詩、文,directed,,,0.5,primary,唐五代人交往詩索引,438,P,ASSOC_DATA,40303,1418,,[n/a],93080,94183
94183,93080,SOCIAL,SO_GIFT_POETRY,贈詩、文,directed,,,0.5,primary,唐五代人交往詩索引,437,A,ASSOC_DATA,40303,1418,,[n/a],94183,93080
94183,93246,SOCIAL,SO_GIFT_POETRY,收到Y的贈詩、文,directed,,,0.5,primary,唐五代人交往詩索引,438,P,ASSOC_DATA,40303,1417,,[n/a],93246,94183
94183,93246,SOCIAL,SO_GIFT_POETRY,贈詩、文,directed,,,0.5,primary,唐五代人交往詩索引,437,A,ASSOC_DATA,40303,1417,,[n/a],94183,93246
94183,93952,SOCIAL,SO_GIFT_POETRY,收到Y的贈詩、文,directed,,,0.5,primary,唐五代人交往詩索引,438,P,ASSOC_DATA,40303,1416,,[n/a],93952,94183
94183,93952,SOCIAL,SO_GIFT_POETRY,贈詩、文,directed,,,0.5,primary,唐五代人交往詩索引,437,A,ASSOC_DATA,40303,1416,,[n/a],94183,93952
94183,93956,SOCIAL,SO_GIFT_POETRY,收到Y的贈詩、文,directed,,,0.5,primary,唐五代人交往詩索引,438,P,ASSOC_DATA,40303,1416,,[n/a],93956,94183
94183,93956,SOCIAL,SO_GIFT_POETRY,贈詩、文,directed,,,0.5,primary,唐五代人交往詩索引,437,A,ASSOC_DATA,40303,1416,,[n/a],94183,93956
94183,94160,SOCIAL,SO_GIFT_POETRY,收到Y的贈詩、文,directed,,,0.5,primary,唐五代人交往詩索引,438,P,ASSOC_DATA,40303,1419,,[n/a],94160,94183
94183,94160,SOCIAL,SO_GIFT_POETRY,贈詩、文,directed,,,0.5,primary,唐五代人交往詩索引,437,A,ASSOC_DATA,40303,1419,,[n/a],94183,94160
94183,94227,SOCIAL,SO_GIFT_POETRY,贈詩、文,directed,,,0.5,primary,唐五代人交往詩索引,437,A,ASSOC_DATA,40303,1415,,[n/a],94183,94227
94183,94227,SOCIAL,SO_GIFT_POETRY,收到Y的贈詩、文,directed,,,0.5,primary,唐五代人交往詩索引,438,P,ASSOC_DATA,40303,1415,,[n/a],94227,94183
94183,94595,SOCIAL,SO_GIFT_POETRY,贈詩、文,directed,,,0.5,primary,唐五代人交往詩索引,437,A,ASSOC_DATA,40303,1416,,[n/a],94183,94595
94183,94595,SOCIAL,SO_GIFT_POETRY,收到Y的贈詩、文,directed,,,0.5,primary,唐五代人交往詩索引,438,P,ASSOC_DATA,40303,1416,,[n/a],94595,94183
94183,94717,SOCIAL,SO_GIFT_POETRY,贈詩、文,directed,,,0.5,primary,唐五代人交往詩索引,437,A,ASSOC_DATA,40303,1419,,[n/a],94183,94717
94183,94717,SOCIAL,SO_GIFT_POETRY,收到Y的贈詩、文,directed,,,0.5,primary,唐五代人交往詩索引,438,P,ASSOC_DATA,40303,1419,,[n/a],94717,94183
94227,3332,TEACHER_STUDENT,TS_STUDENT,學生為Y,directed,,,0.8,primary,人名權威資料（中央研究院歷史語言研究所）,23,P,ASSOC_DATA,9602,18538,,[n/a],3332,94227
94227,3332,TEACHER_STUDENT,TS_STUDENT,為Y之學生,directed,,,0.8,primary,人名權威資料（中央研究院歷史語言研究所）,22,A,ASSOC_DATA,9602,18538,,[n/a],94227,3332
94227,32980,SOCIAL,SO_GIFT_POETRY,收到Y的贈詩、文,directed,,,0.5,primary,唐五代人交往詩索引,438,P,ASSOC_DATA,40303,209,,[n/a],32980,94227
94227,32980,SOCIAL,SO_GIFT_POETRY,贈詩、文,directed,,,0.5,primary,唐五代人交往詩索引,437,A,ASSOC_DATA,40303,209,,[n/a],94227,32980
94227,33589,SOCIAL,SO_GIFT_POETRY,收到Y的贈詩、文,directed,,,0.5,primary,唐五代人交往詩索引,438,P,ASSOC_DATA,40303,208,,[n/a],33589,94227
94227,33589,SOCIAL,SO_GIFT_POETRY,贈詩、文,directed,,,0.5,primary,唐五代人交往詩索引,437,A,ASSOC_DATA,40303,208,,[n/a],94227,33589
94227,92047,SOCIAL,SO_GIFT_POETRY,收到Y的贈詩、文,directed,,,0.5,primary,唐五代人交往詩索引,438,P,ASSOC_DATA,40303,202,,[n/a],92047,94227
94227,92047,SOCIAL,SO_GIFT_POETRY,贈詩、文,directed,,,0.5,primary,唐五代人交往詩索引,437,A,ASSOC_DATA,40303,202,,[n/a],94227,92047
94227,92147,KIN,K_OTHER,從弟,directed,,,0.7,primary,Pers DB / 唐代人物知識ベース,130,KIN,KIN_DATA,24309,pers00296,,,94227,92147
94227,94116,SOCIAL,SO_GIFT_POETRY,收到Y的贈詩、文,directed,,,0.5,primary,唐五代人交往詩索引,438,P,ASSOC_DATA,40303,204,,[n/a],94116,94227
94227,94116,SOCIAL,SO_GIFT_POETRY,贈詩、文,directed,,,0.5,primary,唐五代人交往詩索引,437,A,ASSOC_DATA,40303,204,,[n/a],94227,94116
94227,94864,SOCIAL,SO_FRIEND,友,undirected,,,0.6,primary,人名權威資料（中央研究院歷史語言研究所）,9,M,ASSOC_DATA,9602,18538,,[n/a],94227,94864
94227,94864,SOCIAL,SO_GIFT_POETRY,贈詩、文,directed,,,0.5,primary,唐五代人交往詩索引,437,A,ASSOC_DATA,40303,201,,[n/a],94227,94864
94227,94864,SOCIAL,SO_FRIEND,友,undirected,,,0.6,primary,人名權威資料（中央研究院歷史語言研究所）,9,M,ASSOC_DATA,9602,18538,,[n/a],94864,94227
94227,94864,SOCIAL,SO_GIFT_POETRY,收到Y的贈詩、文,directed,,,0.5,primary,唐五代人交往詩索引,438,P,ASSOC_DATA,40303,201,,[n/a],94864,94227
94271,3130,SOCIAL,SO_GIFT_POETRY,收到Y的贈詩、文,directed,,,0.5,primary,唐五代人交往詩索引,438,P,ASSOC_DATA,40303,1454,,[n/a],3130,94271
94271,3130,SOCIAL,SO_GIFT_POETRY,贈詩、文,directed,,,0.5,primary,唐五代人交往詩索引,437,A,ASSOC_DATA,40303,1454,,[n/a],94271,3130
94271,11524,SOCIAL,SO_GIFT_POETRY,收到Y的贈詩、文,directed,,,0.5,primary,唐五代人交往詩索引,438,P,ASSOC_DATA,40303,1462,,[n/a],11524,94271
94271,11524,SOCIAL,SO_GIFT_POETRY,贈詩、文,directed,,,0.5,primary,唐五代人交往詩索引,437,A,ASSOC_DATA,40303,1462,,[n/a],94271,11524
94271,20876,SOCIAL,SO_GIFT_POETRY,收到Y的贈詩、文,directed,,,0.5,primary,唐五代人交往詩索引,438,P,ASSOC_DATA,40303,1461,,[n/a],20876,94271
94271,20876,SOCIAL,SO_GIFT_POETRY,贈詩、文,directed,,,0.5,primary,唐五代人交往詩索引,437,A,ASSOC_DATA,40303,1461,,[n/a],94271,20876
94271,32174,SOCIAL,SO_GIFT_POETRY,收到Y的贈詩、文,directed,,,0.5,primary,唐五代人交往詩索引,438,P,ASSOC_DATA,40303,1452,,[n/a],32174,94271
94271,32174,SOCIAL,SO_GIFT_POETRY,贈詩、文,directed,,,0.5,primary,唐五代人交往詩索引,437,A,ASSOC_DATA,40303,1452,,[n/a],94271,32174
94271,33566,SOCIAL,SO_GIFT_POETRY,收到Y的贈詩、文,directed,,,0.5,primary,唐五代人交往詩索引,438,P,ASSOC_DATA,40303,1462,,[n/a],33566,94271
94271,33566,SOCIAL,SO_GIFT_POETRY,贈詩、文,directed,,,0.5,primary,唐五代人交往詩索引,437,A,ASSOC_DATA,40303,1462,,[n/a],94271,33566
94412,17029,SOCIAL,SO_GIFT_POETRY,收到Y的贈詩、文,directed,,,0.5,primary,唐五代人交往詩索引,438,P,ASSOC_DATA,40303,46,,[n/a],17029,94412
94412,17029,SOCIAL,SO_GIFT_POETRY,贈詩、文,directed,,,0.5,primary,唐五代人交往詩索引,437,A,ASSOC_DATA,40303,46,,[n/a],94412,17029
94575,17029,SOCIAL,SO_GIFT_POETRY,收到Y的贈詩、文,directed,,,0.5,primary,唐五代人交往詩索引,438,P,ASSOC_DATA,40303,477,,[n/a],17029,94575
94575,17029,SOCIAL,SO_GIFT_POETRY,贈詩、文,directed,,,0.5,primary,唐五代人交往詩索引,437,A,ASSOC_DATA,40303,477,,[n/a],94575,17029
94575,94227,SOCIAL,SO_GIFT_POETRY,收到Y的贈詩、文,directed,,,0.5,primary,唐五代人交往詩索引,438,P,ASSOC_DATA,40303,477,,[n/a],94227,94575
94575,94227,SOCIAL,SO_GIFT_POETRY,贈詩、文,directed,,,0.5,primary,唐五代人交往詩索引,437,A,ASSOC_DATA,40303,477,,[n/a],94575,94227
94595,3130,SOCIAL,SO_GIFT_POETRY,收到Y的贈詩、文,directed,,,0.5,primary,唐五代人交往詩索引,438,P,ASSOC_DATA,40303,380,,[n/a],3130,94595
94595,3130,SOCIAL,SO_GIFT_POETRY,贈詩、文,directed,,,0.5,primary,唐五代人交往詩索引,437,A,ASSOC_DATA,40303,380,,[n/a],94595,3130
94595,19241,SOCIAL,SO_GIFT_POETRY,收到Y的贈詩、文,directed,,,0.5,primary,唐五代人交往詩索引,438,P,ASSOC_DATA,40303,388,,[n/a],19241,94595
94595,19241,SOCIAL,SO_GIFT_POETRY,贈詩、文,directed,,,0.5,primary,唐五代人交往詩索引,437,A,ASSOC_DATA,40303,388,,[n/a],94595,19241
94595,32174,SOCIAL,SO_GIFT_POETRY,收到Y的贈詩、文,directed,,,0.5,primary,唐五代人交往詩索引,438,P,ASSOC_DATA,40303,379,,[n/a],32174,94595
94595,32174,SOCIAL,SO_GIFT_POETRY,贈詩、文,directed,,,0.5,primary,唐五代人交往詩索引,437,A,ASSOC_DATA,40303,379,,[n/a],94595,32174
94595,33859,SOCIAL,SO_GIFT_POETRY,收到Y的贈詩、文,directed,,,0.5,primary,唐五代人交往詩索引,438,P,ASSOC_DATA,40303,392,,[n/a],33859,94595
94595,33859,SOCIAL,SO_GIFT_POETRY,贈詩、文,directed,,,0.5,primary,唐五代人交往詩索引,437,A,ASSOC_DATA,40303,392,,[n/a],94595,33859
94595,93409,SOCIAL,SO_GIFT_POETRY,收到Y的贈詩、文,directed,,,0.5,primary,唐五代人交往詩索引,438,P,ASSOC_DATA,40303,380,,[n/a],93409,94595
94595,93409,SOCIAL,SO_GIFT_POETRY,贈詩、文,directed,,,0.5,primary,唐五代人交往詩索引,437,A,ASSOC_DATA,40303,380,,[n/a],94595,93409
94595,93832,SOCIAL,SO_GIFT_POETRY,收到Y的贈詩、文,directed,,,0.5,primary,唐五代人交往詩索引,438,P,ASSOC_DATA,40303,394,,[n/a],93832,94595
94595,93832,SOCIAL,SO_GIFT_POETRY,贈詩、文,directed,,,0.5,primary,唐五代人交往詩索引,437,A,ASSOC_DATA,40303,394,,[n/a],94595,93832
94595,95025,SOCIAL,SO_GIFT_POETRY,贈詩、文,directed,,,0.5,primary,唐五代人交往詩索引,437,A,ASSOC_DATA,40303,378,,[n/a],94595,95025
94595,95025,SOCIAL,SO_GIFT_POETRY,收到Y的贈詩、文,directed,,,0.5,primary,唐五代人交往詩索引,438,P,ASSOC_DATA,40303,378,,[n/a],95025,94595
94717,93246,SOCIAL,SO_GIFT_POETRY,收到Y的贈詩、文,directed,,,0.5,primary,唐五代人交往詩索引,438,P,ASSOC_DATA,40303,1029,,[n/a],93246,94717
94717,93246,SOCIAL,SO_GIFT_POETRY,贈詩、文,directed,,,0.5,primary,唐五代人交往詩索引,437,A,ASSOC_DATA,40303,1029,,[n/a],94717,93246
94864,3915,SOCIAL,SO_GIFT_POETRY,收到Y的贈詩、文,directed,,,0.5,primary,唐五代人交往詩索引,438,P,ASSOC_DATA,40303,3,,[n/a],3915,94864
94864,3915,SOCIAL,SO_GIFT_POETRY,贈詩、文,directed,,,0.5,primary,唐五代人交往詩索引,437,A,ASSOC_DATA,40303,3,,[n/a],94864,3915
94864,32227,SOCIAL,SO_GIFT_POETRY,收到Y的贈詩、文,directed,,,0.5,primary,唐五代人交往詩索引,438,P,ASSOC_DATA,40303,2,,[n/a],32227,94864
94864,32227,SOCIAL,SO_GIFT_POETRY,贈詩、文,directed,,,0.5,primary,唐五代人交往詩索引,437,A,ASSOC_DATA,40303,2,,[n/a],94864,32227
94864,92047,SOCIAL,SO_GIFT_POETRY,收到Y的贈詩、文,directed,,,0.5,primary,唐五代人交往詩索引,438,P,ASSOC_DATA,40303,2,,[n/a],92047,94864
94864,92047,SOCIAL,SO_GIFT_POETRY,贈詩、文,directed,,,0.5,primary,唐五代人交往詩索引,437,A,ASSOC_DATA,40303,2,,[n/a],94864,92047
94864,92147,SOCIAL,SO_GIFT_POETRY,收到Y的贈詩、文,directed,,,0.5,primary,唐五代人交往詩索引,438,P,ASSOC_DATA,40303,3,,[n/a],92147,94864
94864,92147,SOCIAL,SO_GIFT_POETRY,贈詩、文,directed,,,0.5,primary,唐五代人交往詩索引,437,A,ASSOC_DATA,40303,3,,[n/a],94864,92147
95025,31275,LITERARY,LI_EPITAPH,墓誌銘由Y所作,directed,,,0.4,unsourced,,43,P,ASSOC_DATA,,,0,[n/a],31275,95025
95025,31275,LITERARY,LI_EPITAPH,為Y作墓誌銘,directed,,,0.4,unsourced,,44,A,ASSOC_DATA,,,0,[n/a],95025,31275
95025,32889,LITERARY,LI_EPITAPH,墓誌銘由Y所作,directed,,,0.4,unsourced,,43,P,ASSOC_DATA,,,0,[n/a],32889,95025
95025,32889,LITERARY,LI_EPITAPH,為Y作墓誌銘,directed,,,0.4,unsourced,,44,A,ASSOC_DATA,,,0,[n/a],95025,32889
95025,33859,SOCIAL,SO_GIFT_POETRY,收到Y的贈詩、文,directed,,,0.5,primary,唐五代人交往詩索引,438,P,ASSOC_DATA,40303,63,,[n/a],33859,95025
95025,33859,SOCIAL,SO_GIFT_POETRY,贈詩、文,directed,,,0.5,primary,唐五代人交往詩索引,437,A,ASSOC_DATA,40303,63,,[n/a],95025,33859
95025,94595,SOCIAL,SO_GIFT_POETRY,收到Y的贈詩、文,directed,,,0.5,primary,唐五代人交往詩索引,438,P,ASSOC_DATA,40303,63,,[n/a],94595,95025
95025,94595,SOCIAL,SO_GIFT_POETRY,贈詩、文,directed,,,0.5,primary,唐五代人交往詩索引,437,A,ASSOC_DATA,40303,63,,[n/a],95025,94595
95068,15161,SOCIAL,SO_GIFT_POETRY,收到Y的贈詩、文,directed,,,0.5,primary,唐五代人交往詩索引,438,P,ASSOC_DATA,40303,1063,,[n/a],15161,95068
95068,15161,SOCIAL,SO_GIFT_POETRY,贈詩、文,directed,,,0.5,primary,唐五代人交往詩索引,437,A,ASSOC_DATA,40303,1063,,[n/a],95068,15161
95068,21751,SOCIAL,SO_GIFT_POETRY,收到Y的贈詩、文,directed,,,0.5,primary,唐五代人交往詩索引,438,P,ASSOC_DATA,40303,1063,,[n/a],21751,95068
95068,21751,SOCIAL,SO_GIFT_POETRY,贈詩、文,directed,,,0.5,primary,唐五代人交往詩索引,437,A,ASSOC_DATA,40303,1063,,[n/a],95068,21751
95068,24654,SOCIAL,SO_GIFT_POETRY,收到Y的贈詩、文,directed,,,0.5,primary,唐五代人交往詩索引,438,P,ASSOC_DATA,40303,1062,,[n/a],24654,95068
95068,24654,SOCIAL,SO_GIFT_POETRY,贈詩、文,directed,,,0.5,primary,唐五代人交往詩索引,437,A,ASSOC_DATA,40303,1062,,[n/a],95068,24654
95068,32248,SOCIAL,SO_GIFT_POETRY,收到Y的贈詩、文,directed,,,0.5,primary,唐五代人交往詩索引,438,P,ASSOC_DATA,40303,1062,,[n/a],32248,95068
95068,32248,SOCIAL,SO_GIFT_POETRY,贈詩、文,directed,,,0.5,primary,唐五代人交往詩索引,437,A,ASSOC_DATA,40303,1062,,[n/a],95068,32248
95071,3915,SOCIAL,SO_GIFT_POETRY,收到Y的贈詩、文,directed,,,0.5,primary,唐五代人交往詩索引,438,P,ASSOC_DATA,40303,1058,,[n/a],3915,95071
95071,3915,SOCIAL,SO_GIFT_POETRY,贈詩、文,directed,,,0.5,primary,唐五代人交往詩索引,437,A,ASSOC_DATA,40303,1058,,[n/a],95071,3915
95071,21194,SOCIAL,SO_GIFT_POETRY,收到Y的贈詩、文,directed,,,0.5,primary,唐五代人交往詩索引,438,P,ASSOC_DATA,40303,1058,,[n/a],21194,95071
95071,21194,SOCIAL,SO_GIFT_POETRY,贈詩、文,directed,,,0.5,primary,唐五代人交往詩索引,437,A,ASSOC_DATA,40303,1058,,[n/a],95071,21194
95071,32227,SOCIAL,SO_GIFT_POETRY,收到Y的贈詩、文,directed,,,0.5,primary,唐五代人交往詩索引,438,P,ASSOC_DATA,40303,1057,,[n/a],32227,95071
95071,32227,SOCIAL,SO_GIFT_POETRY,贈詩、文,directed,,,0.5,primary,唐五代人交往詩索引,437,A,ASSOC_DATA,40303,1057,,[n/a],95071,32227
95071,32248,SOCIAL,SO_GIFT_POETRY,收到Y的贈詩、文,directed,,,0.5,primary,唐五代人交往詩索引,438,P,ASSOC_DATA,40303,1057,,[n/a],32248,95071
95071,32248,SOCIAL,SO_GIFT_POETRY,贈詩、文,directed,,,0.5,primary,唐五代人交往詩索引,437,A,ASSOC_DATA,40303,1057,,[n/a],95071,32248
95071,33606,SOCIAL,SO_GIFT_POETRY,收到Y的贈詩、文,directed,,,0.5,primary,唐五代人交往詩索引,438,P,ASSOC_DATA,40303,1059,,[n/a],33606,95071
95071,33606,SOCIAL,SO_GIFT_POETRY,贈詩、文,directed,,,0.5,primary,唐五代人交往詩索引,437,A,ASSOC_DATA,40303,1059,,[n/a],95071,33606
95071,92147,SOCIAL,SO_GIFT_POETRY,收到Y的贈詩、文,directed,,,0.5,primary,唐五代人交往詩索引,438,P,ASSOC_DATA,40303,1059,,[n/a],92147,95071
95071,92147,SOCIAL,SO_GIFT_POETRY,贈詩、文,directed,,,0.5,primary,唐五代人交往詩索引,437,A,ASSOC_DATA,40303,1059,,[n/a],95071,92147
95071,92673,SOCIAL,SO_GIFT_POETRY,收到Y的贈詩、文,directed,,,0.5,primary,唐五代人交往詩索引,438,P,ASSOC_DATA,40303,1059,,[n/a],92673,95071
95071,92673,SOCIAL,SO_GIFT_POETRY,贈詩、文,directed,,,0.5,primary,唐五代人交往詩索引,437,A,ASSOC_DATA,40303,1059,,[n/a],95071,92673
95071,93080,SOCIAL,SO_GIFT_POETRY,收到Y的贈詩、文,directed,,,0.5,primary,唐五代人交往詩索引,438,P,ASSOC_DATA,40303,1057,,[n/a],93080,95071
95071,93080,SOCIAL,SO_GIFT_POETRY,贈詩、文,directed,,,0.5,primary,唐五代人交往詩索引,437,A,ASSOC_DATA,40303,1057,,[n/a],95071,93080
95071,94227,SOCIAL,SO_GIFT_POETRY,收到Y的贈詩、文,directed,,,0.5,primary,唐五代人交往詩索引,438,P,ASSOC_DATA,40303,1057,,[n/a],94227,95071
95071,94227,SOCIAL,SO_GIFT_POETRY,贈詩、文,directed,,,0.5,primary,唐五代人交往詩索引,437,A,ASSOC_DATA,40303,1057,,[n/a],95071,94227
95210,32248,SOCIAL,SO_GIFT_POETRY,收到Y的贈詩、文,directed,,,0.5,primary,唐五代人交往詩索引,438,P,ASSOC_DATA,40303,492,,[n/a],32248,95210
95210,32248,SOCIAL,SO_GIFT_POETRY,贈詩、文,directed,,,0.5,primary,唐五代人交往詩索引,437,A,ASSOC_DATA,40303,492,,[n/a],95210,32248
95210,32248,KIN,K_OTHER,表兄弟,directed,,,0.7,primary,明清婦女著作數據庫,411,KIN,KIN_DATA,9601,MQWW PoetID #2104,,,95210,32248
195105,30851,SOCIAL,SO_GIFT_POETRY,收到Y的贈詩、文,directed,,,0.5,primary,唐五代人交往詩索引,438,P,ASSOC_DATA,40303,358,,[n/a],30851,195105
195105,30851,SOCIAL,SO_GIFT_POETRY,贈詩、文,directed,,,0.5,primary,唐五代人交往詩索引,437,A,ASSOC_DATA,40303,358,,[n/a],195105,30851
195105,31322,SOCIAL,SO_GIFT_POETRY,收到Y的贈詩、文,directed,,,0.5,primary,唐五代人交往詩索引,438,P,ASSOC_DATA,40303,359,,[n/a],31322,195105
195105,31322,SOCIAL,SO_GIFT_POETRY,贈詩、文,directed,,,0.5,primary,唐五代人交往詩索引,437,A,ASSOC_DATA,40303,359,,[n/a],195105,31322
195105,32540,SOCIAL,SO_GIFT_POETRY,收到Y的贈詩、文,directed,,,0.5,primary,唐五代人交往詩索引,438,P,ASSOC_DATA,40303,359,,[n/a],32540,195105
195105,32540,SOCIAL,SO_GIFT_POETRY,贈詩、文,directed,,,0.5,primary,唐五代人交往詩索引,437,A,ASSOC_DATA,40303,359,,[n/a],195105,32540
195105,93785,SOCIAL,SO_GIFT_POETRY,收到Y的贈詩、文,directed,,,0.5,primary,唐五代人交往詩索引,438,P,ASSOC_DATA,40303,359,,[n/a],93785,195105
195105,93785,SOCIAL,SO_GIFT_POETRY,贈詩、文,directed,,,0.5,primary,唐五代人交往詩索引,437,A,ASSOC_DATA,40303,359,,[n/a],195105,93785
444817,447292,KIN,K_CHILD,女兒,directed,,,1.0,primary,舊唐書,176,KIN,KIN_DATA,4801,2171,,,444817,447292
447292,444817,KIN,K_PARENT,母,directed,,,1.0,primary,舊唐書,111,KIN,KIN_DATA,4801,2171,,,447292,444817
447419,36130,SOCIAL,SO_GIFT_POETRY,收到Y的贈詩、文,directed,,,0.5,primary,唐五代人交往詩索引,438,P,ASSOC_DATA,40303,679,,[n/a],36130,447419
447419,36130,SOCIAL,SO_GIFT_POETRY,贈詩、文,directed,,,0.5,primary,唐五代人交往詩索引,437,A,ASSOC_DATA,40303,679,,[n/a],447419,36130
447419,92147,SOCIAL,SO_GIFT_POETRY,收到Y的贈詩、文,directed,,,0.5,primary,唐五代人交往詩索引,438,P,ASSOC_DATA,40303,680,,[n/a],92147,447419
447419,92147,SOCIAL,SO_GIFT_POETRY,贈詩、文,directed,,,0.5,primary,唐五代人交往詩索引,437,A,ASSOC_DATA,40303,680,,[n/a],447419,92147
447419,94227,SOCIAL,SO_GIFT_POETRY,收到Y的贈詩、文,directed,,,0.5,primary,唐五代人交往詩索引,438,P,ASSOC_DATA,40303,679,,[n/a],94227,447419
447419,94227,SOCIAL,SO_GIFT_POETRY,贈詩、文,directed,,,0.5,primary,唐五代人交往詩索引,437,A,ASSOC_DATA,40303,679,,[n/a],447419,94227
447567,15161,SOCIAL,SO_GIFT_POETRY,收到Y的贈詩、文,directed,,,0.5,primary,唐五代人交往詩索引,438,P,ASSOC_DATA,40303,708,,[n/a],15161,447567
447567,15161,SOCIAL,SO_GIFT_POETRY,贈詩、文,directed,,,0.5,primary,唐五代人交往詩索引,437,A,ASSOC_DATA,40303,708,,[n/a],447567,15161
447567,21751,SOCIAL,SO_GIFT_POETRY,收到Y的贈詩、文,directed,,,0.5,primary,唐五代人交往詩索引,438,P,ASSOC_DATA,40303,711,,[n/a],21751,447567
447567,21751,SOCIAL,SO_GIFT_POETRY,贈詩、文,directed,,,0.5,primary,唐五代人交往詩索引,437,A,ASSOC_DATA,40303,711,,[n/a],447567,21751
447567,32985,SOCIAL,SO_GIFT_POETRY,收到Y的贈詩、文,directed,,,0.5,primary,唐五代人交往詩索引,438,P,ASSOC_DATA,40303,711,,[n/a],32985,447567
447567,32985,SOCIAL,SO_GIFT_POETRY,贈詩、文,directed,,,0.5,primary,唐五代人交往詩索引,437,A,ASSOC_DATA,40303,711,,[n/a],447567,32985
447567,33606,SOCIAL,SO_GIFT_POETRY,收到Y的贈詩、文,directed,,,0.5,primary,唐五代人交往詩索引,438,P,ASSOC_DATA,40303,711,,[n/a],33606,447567
447567,33606,SOCIAL,SO_GIFT_POETRY,贈詩、文,directed,,,0.5,primary,唐五代人交往詩索引,437,A,ASSOC_DATA,40303,711,,[n/a],447567,33606
448874,33649,SOCIAL,SO_GIFT_POETRY,收到Y的贈詩、文,directed,,,0.5,primary,唐五代人交往詩索引,438,P,ASSOC_DATA,40303,1074,,[n/a],33649,448874
448874,33649,SOCIAL,SO_GIFT_POETRY,贈詩、文,directed,,,0.5,primary,唐五代人交往詩索引,437,A,ASSOC_DATA,40303,1074,,[n/a],448874,33649
448874,93246,SOCIAL,SO_GIFT_POETRY,收到Y的贈詩、文,directed,,,0.5,primary,唐五代人交往詩索引,438,P,ASSOC_DATA,40303,1072,,[n/a],93246,448874
448874,93246,SOCIAL,SO_GIFT_POETRY,贈詩、文,directed,,,0.5,primary,唐五代人交往詩索引,437,A,ASSOC_DATA,40303,1072,,[n/a],448874,93246
448874,94183,SOCIAL,SO_GIFT_POETRY,收到Y的贈詩、文,directed,,,0.5,primary,唐五代人交往詩索引,438,P,ASSOC_DATA,40303,1074,,[n/a],94183,448874
448874,94183,SOCIAL,SO_GIFT_POETRY,贈詩、文,directed,,,0.5,primary,唐五代人交往詩索引,437,A,ASSOC_DATA,40303,1074,,[n/a],448874,94183
450316,94160,SOCIAL,SO_GIFT_POETRY,收到Y的贈詩、文,directed,,,0.5,primary,唐五代人交往詩索引,438,P,ASSOC_DATA,40303,1471,,[n/a],94160,450316
450316,94160,SOCIAL,SO_GIFT_POETRY,贈詩、文,directed,,,0.5,primary,唐五代人交往詩索引,437,A,ASSOC_DATA,40303,1471,,[n/a],450316,94160
