source_id,target_id,rel_type,rel_subtype,rel_desc_chn,direction,year_start,year_end,weight,evidence_level,source_ref,cbdb_assoc_code,cbdb_role_type,primary_rel,is_bridge
3036,33649,COLLEAGUE,CL_BI,為Y所辟,directed,909,,0.7,inferred,,25,P,1,1
3036,33649,SOCIAL,SO_GIFT_POETRY,收到Y的贈詩、文,directed,,,0.5,primary,textid=40303,438,P,0,1
3036,94183,SOCIAL,SO_GIFT_POETRY,收到Y的贈詩、文,directed,,,0.5,primary,textid=40303,438,P,0,1
3036,94717,SOCIAL,SO_GIFT_POETRY,收到Y的贈詩、文,directed,,,0.5,primary,textid=40303,438,P,0,1
3129,3130,SOCIAL,SO_GIFT_POETRY,收到Y的贈詩、文,directed,,,0.5,primary,textid=40303,438,P,0,1
3129,3130,KIN,K_SIBLING,兄弟,undirected,,,0.9,inferred,,118,KIN,1,1
3129,30851,COLLEAGUE,CL_RECOMMEND,被Y推薦,directed,765,,0.7,inferred,,14,P,1,1
3129,30851,SOCIAL,SO_GIFT_POETRY,收到Y的贈詩、文,directed,,,0.5,primary,textid=40303,438,P,0,1
3130,3129,SOCIAL,SO_GIFT_POETRY,贈詩、文,directed,,,0.5,primary,textid=40303,437,A,0,1
3130,11605,SOCIAL,SO_GIFT_POETRY,贈詩、文,directed,,,0.5,primary,textid=40303,437,A,1,0
3130,12261,SOCIAL,SO_CHANGHE,相唱和,undirected,737,,0.6,primary,textid=60019,114,M,1,1
3130,19244,SOCIAL,SO_GIFT_POETRY,贈詩、文,directed,,,0.5,primary,textid=40303,437,A,1,0
3130,22451,SOCIAL,SO_CHANGHE,相唱和,undirected,737,,0.6,primary,textid=60019,114,M,1,1
3130,26935,SOCIAL,SO_GIFT_POETRY,贈詩、文,directed,,,0.5,primary,textid=40303,437,A,1,0
3130,31046,SOCIAL,SO_GIFT_POETRY,贈詩、文,directed,,,0.5,primary,textid=40303,437,A,1,1
3130,31082,SOCIAL,SO_GIFT_POETRY,贈詩、文,directed,,,0.5,primary,textid=40303,437,A,1,1
3130,31407,LITERARY,LI_EPITAPH,為Y作墓誌銘,directed,732,,0.4,inferred,,44,A,1,0
3130,31407,SOCIAL,SO_GIFT_POETRY,贈詩、文,directed,,,0.5,primary,textid=40303,437,A,0,0
3130,31847,SOCIAL,SO_GIFT_POETRY,贈詩、文,directed,,,0.5,primary,textid=40303,437,A,1,1
3130,32174,COLLEAGUE,CL_RECOMMEND,推薦,directed,735,,0.7,primary,textid=60019,13,A,1,0
3130,32174,SOCIAL,SO_CHANGHE,相唱和,undirected,737,,0.6,primary,textid=60019,114,M,0,0
3130,32534,SOCIAL,SO_GIFT_POETRY,贈詩、文,directed,,,0.5,primary,textid=40303,437,A,1,0
3130,32847,POLITICAL,PO_ADMIRE,欣賞/器重,directed,732,,0.5,inferred,,18,A,1,0
3130,92076,SOCIAL,SO_GIFT_POETRY,贈詩、文,directed,,,0.5,primary,textid=40303,437,A,1,1
3130,92452,SOCIAL,SO_GIFT_POETRY,贈詩、文,directed,,,0.5,primary,textid=40303,437,A,1,0
3130,93476,SOCIAL,SO_GIFT_POETRY,贈詩、文,directed,,,0.5,primary,textid=40303,437,A,0,1
3130,94500,SOCIAL,SO_GIFT_POETRY,贈詩、文,directed,,,0.5,primary,textid=40303,437,A,1,1
3130,94870,SOCIAL,SO_GIFT_POETRY,贈詩、文,directed,,,0.5,primary,textid=40303,437,A,0,1
3130,94901,SOCIAL,SO_GIFT_POETRY,贈詩、文,directed,,,0.5,primary,textid=40303,437,A,1,1
3130,174518,SOCIAL,SO_GIFT_POETRY,贈詩、文,directed,,,0.5,primary,textid=40303,437,A,1,1
3130,339631,SOCIAL,SO_GIFT_POETRY,贈詩、文,directed,,,0.5,primary,textid=40303,437,A,1,1
3130,448894,SOCIAL,SO_GIFT_POETRY,贈詩、文,directed,,,0.5,primary,textid=40303,437,A,1,1
3130,449894,SOCIAL,SO_GIFT_POETRY,贈詩、文,directed,,,0.5,primary,textid=40303,437,A,1,1
3316,32207,SOCIAL,SO_GIFT_POETRY,收到Y的贈詩、文,directed,,,0.5,primary,textid=40303,438,P,1,1
3332,3605,SOCIAL,SO_FRIEND,友,undirected,,,0.6,primary,textid=9602,9,M,0,0
3332,3605,LITERARY,LI_EPITAPH,為Y作墓誌銘,directed,,,0.4,inferred,,44,A,0,0
3332,3605,COLLEAGUE,CL_TONGLIAO,同僚,undirected,803,,0.8,inferred,,197,M,1,0
3332,3605,SOCIAL,SO_GIFT_POETRY,贈詩、文,directed,,,0.5,primary,textid=40303,437,A,0,0
3332,3915,SOCIAL,SO_GIFT_POETRY,贈詩、文,directed,,,0.5,primary,textid=40303,437,A,1,0
3332,13575,SOCIAL,SO_FRIEND,友,undirected,,,0.6,primary,textid=9602,9,M,0,0
3332,13575,COLLEAGUE,CL_RECOMMEND,推薦,directed,824,,0.7,inferred,,13,A,0,0
3332,13575,SOCIAL,SO_GIFT_POETRY,贈詩、文,directed,,,0.5,primary,textid=40303,437,A,0,0
3332,13624,LITERARY,LI_EPITAPH,為Y作墓誌銘,directed,824,,0.4,inferred,,44,A,1,0
3332,13629,SOCIAL,SO_GIFT_POETRY,贈詩、文,directed,,,0.5,primary,textid=40303,437,A,1,1
3332,22469,SOCIAL,SO_GIFT_POETRY,贈詩、文,directed,,,0.5,primary,textid=40303,437,A,0,0
3332,22469,KIN,K_OTHER,姪女之夫,directed,,,0.7,primary,textid=24309,178,KIN,1,0
3332,22572,SOCIAL,SO_GIFT_POETRY,贈詩、文,directed,,,0.5,primary,textid=40303,437,A,1,1
3332,24654,SOCIAL,SO_GIFT_POETRY,贈詩、文,directed,,,0.5,primary,textid=40303,437,A,1,0
3332,30868,SOCIAL,SO_GIFT_POETRY,贈詩、文,directed,,,0.5,primary,textid=40303,437,A,1,1
3332,31042,SOCIAL,SO_GIFT_POETRY,贈詩、文,directed,,,0.5,primary,textid=40303,437,A,1,1
3332,32227,SOCIAL,SO_GIFT_POETRY,贈詩、文,directed,,,0.5,primary,textid=40303,437,A,1,0
3332,32248,SOCIAL,SO_FRIEND,友,undirected,,,0.6,primary,textid=9602,9,M,1,0
3332,32540,SOCIAL,SO_GIFT_POETRY,贈詩、文,directed,,,0.5,primary,textid=40303,437,A,1,0
3332,32641,SOCIAL,SO_GIFT_POETRY,贈詩、文,directed,,,0.5,primary,textid=40303,437,A,1,1
3332,32822,SOCIAL,SO_GIFT_POETRY,贈詩、文,directed,,,0.5,primary,textid=40303,437,A,1,0
3332,32940,LITERARY,LI_EPITAPH,為Y作墓誌銘,directed,824,,0.4,inferred,,44,A,1,1
3332,33153,SOCIAL,SO_GIFT_POETRY,贈詩、文,directed,,,0.5,primary,textid=40303,437,A,1,1
3332,33158,SOCIAL,SO_GIFT_POETRY,贈詩、文,directed,,,0.5,primary,textid=40303,437,A,1,1
3332,33606,SOCIAL,SO_FRIEND,友,undirected,,,0.6,primary,textid=9602,9,M,1,0
3332,91939,SOCIAL,SO_GIFT_POETRY,贈詩、文,directed,,,0.5,primary,textid=40303,437,A,1,1
3332,92047,SOCIAL,SO_GIFT_POETRY,贈詩、文,directed,,,0.5,primary,textid=40303,437,A,1,0
3332,92079,SOCIAL,SO_GIFT_POETRY,贈詩、文,directed,,,0.5,primary,textid=40303,437,A,1,1
3332,92603,SOCIAL,SO_GIFT_POETRY,贈詩、文,directed,,,0.5,primary,textid=40303,437,A,0,1
3332,93025,SOCIAL,SO_GIFT_POETRY,贈詩、文,directed,,,0.5,primary,textid=40303,437,A,1,1
3332,93063,SOCIAL,SO_GIFT_POETRY,贈詩、文,directed,,,0.5,primary,textid=40303,437,A,1,1
3332,93189,SOCIAL,SO_GIFT_POETRY,贈詩、文,directed,,,0.5,primary,textid=40303,437,A,1,1
3332,93220,SOCIAL,SO_GIFT_POETRY,贈詩、文,directed,,,0.5,primary,textid=40303,437,A,1,1
3332,93452,SOCIAL,SO_GIFT_POETRY,贈詩、文,directed,,,0.5,primary,textid=40303,437,A,1,1
3332,93476,SOCIAL,SO_GIFT_POETRY,贈詩、文,directed,,,0.5,primary,textid=40303,437,A,0,1
3332,93952,SOCIAL,SO_FRIEND,友,undirected,,,0.6,primary,textid=9602,9,M,0,0
3332,93952,LITERARY,LI_EPITAPH,為Y作墓誌銘,directed,815,,0.4,primary,韓昌黎文集校注,44,A,1,0
3332,93952,SOCIAL,SO_GIFT_POETRY,贈詩、文,directed,,,0.5,primary,textid=40303,437,A,0,0
3332,93963,SOCIAL,SO_GIFT_POETRY,贈詩、文,directed,,,0.5,primary,textid=40303,437,A,1,1
3332,94116,SOCIAL,SO_GIFT_POETRY,贈詩、文,directed,,,0.5,primary,textid=40303,437,A,0,0
3332,94227,SOCIAL,SO_FRIEND,友,undirected,,,0.6,primary,textid=9602,9,M,0,0
3332,94227,SOCIAL,SO_GIFT_POETRY,贈詩、文,directed,,,0.5,primary,textid=40303,437,A,0,0
3332,94273,SOCIAL,SO_GIFT_POETRY,贈詩、文,directed,,,0.5,primary,textid=40303,437,A,1,1
3332,94427,SOCIAL,SO_GIFT_POETRY,贈詩、文,directed,,,0.5,primary,textid=40303,437,A,1,1
3332,94722,SOCIAL,SO_GIFT_POETRY,贈詩、文,directed,,,0.5,primary,textid=40303,437,A,0,1
3332,94722,KIN,K_OTHER,孫,directed,,,0.7,primary,textid=24309,243,KIN,1,1
3332,94860,SOCIAL,SO_GIFT_POETRY,贈詩、文,directed,,,0.5,primary,textid=40303,437,A,0,1
3332,94941,SOCIAL,SO_GIFT_POETRY,贈詩、文,directed,,,0.5,primary,textid=40303,437,A,1,1
3332,156023,SOCIAL,SO_GIFT_POETRY,贈詩、文,directed,,,0.5,primary,textid=40303,437,A,1,1
3332,173741,SOCIAL,SO_GIFT_POETRY,贈詩、文,directed,,,0.5,primary,textid=40303,437,A,1,1
3332,173812,SOCIAL,SO_GIFT_POETRY,贈詩、文,directed,,,0.5,primary,textid=40303,437,A,1,1
3332,177603,SOCIAL,SO_GIFT_POETRY,贈詩、文,directed,,,0.5,primary,textid=40303,437,A,1,1
3332,179585,SOCIAL,SO_GIFT_POETRY,贈詩、文,directed,,,0.5,primary,textid=40303,437,A,1,1
3332,184921,SOCIAL,SO_GIFT_POETRY,贈詩、文,directed,,,0.5,primary,textid=40303,437,A,0,1
3332,189491,SOCIAL,SO_GIFT_POETRY,贈詩、文,directed,,,0.5,primary,textid=40303,437,A,1,1
3332,377597,SOCIAL,SO_GIFT_POETRY,贈詩、文,directed,,,0.5,primary,textid=40303,437,A,1,1
3332,382253,SOCIAL,SO_GIFT_POETRY,贈詩、文,directed,,,0.5,primary,textid=40303,437,A,1,1
3332,444850,SOCIAL,SO_GIFT_POETRY,贈詩、文,directed,,,0.5,primary,textid=40303,437,A,1,1
3332,445192,SOCIAL,SO_GIFT_POETRY,贈詩、文,directed,,,0.5,primary,textid=40303,437,A,1,1
3332,445237,SOCIAL,SO_GIFT_POETRY,贈詩、文,directed,,,0.5,primary,textid=40303,437,A,1,1
3332,445585,SOCIAL,SO_GIFT_POETRY,贈詩、文,directed,,,0.5,primary,textid=40303,437,A,1,1
3332,445983,SOCIAL,SO_GIFT_POETRY,贈詩、文,directed,,,0.5,primary,textid=40303,437,A,1,0
3332,446523,SOCIAL,SO_GIFT_POETRY,贈詩、文,directed,,,0.5,primary,textid=40303,437,A,1,1
3332,446704,SOCIAL,SO_GIFT_POETRY,贈詩、文,directed,,,0.5,primary,textid=40303,437,A,1,1
3332,447735,SOCIAL,SO_GIFT_POETRY,贈詩、文,directed,,,0.5,primary,textid=40303,437,A,1,1
3332,449112,SOCIAL,SO_GIFT_POETRY,贈詩、文,directed,,,0.5,primary,textid=40303,437,A,1,1
3332,449911,SOCIAL,SO_GIFT_POETRY,贈詩、文,directed,,,0.5,primary,textid=40303,437,A,1,1
3332,449943,SOCIAL,SO_GIFT_POETRY,贈詩、文,directed,,,0.5,primary,textid=40303,437,A,1,1
3480,3605,SOCIAL,SO_GIFT_POETRY,收到Y的贈詩、文,directed,,,0.5,primary,textid=40303,438,P,0,1
3480,13624,SOCIAL,SO_GIFT_POETRY,收到Y的贈詩、文,directed,,,0.5,primary,textid=40303,438,P,0,1
3480,15161,KIN,K_CHILD,子,directed,,,1.0,primary,textid=32033,180,KIN,0,1
3480,24654,SOCIAL,SO_GIFT_POETRY,收到Y的贈詩、文,directed,,,0.5,primary,textid=40303,438,P,1,1
3480,33606,SOCIAL,SO_GIFT_POETRY,收到Y的贈詩、文,directed,,,0.5,primary,textid=40303,438,P,0,1
3480,92047,SOCIAL,SO_GIFT_POETRY,收到Y的贈詩、文,directed,,,0.5,primary,textid=40303,438,P,0,1
3480,92516,SOCIAL,SO_GIFT_POETRY,收到Y的贈詩、文,directed,,,0.5,primary,textid=40303,438,P,0,1
3605,3480,SOCIAL,SO_GIFT_POETRY,贈詩、文,directed,,,0.5,primary,textid=40303,437,A,1,1
3605,13059,SOCIAL,SO_GIFT_POETRY,贈詩、文,directed,,,0.5,primary,textid=40303,437,A,1,0
3605,13060,SOCIAL,SO_GIFT_POETRY,贈詩、文,directed,,,0.5,primary,textid=40303,437,A,1,0
3605,13628,SOCIAL,SO_GIFT_POETRY,贈詩、文,directed,,,0.5,primary,textid=40303,437,A,1,1
3605,22436,SOCIAL,SO_GIFT_POETRY,贈詩、文,directed,,,0.5,primary,textid=40303,437,A,1,1
3605,22572,SOCIAL,SO_GIFT_POETRY,贈詩、文,directed,,,0.5,primary,textid=40303,437,A,0,1
3605,22572,KIN,K_AFFINAL,岳父,directed,,,0.7,inferred,,76,KIN,1,1
3605,24654,POLITICAL,PO_OPPOSE,忌/惡,directed,,,0.3,primary,舊唐書,83,A,0,0
3605,24654,SOCIAL,SO_GIFT_POETRY,贈詩、文,directed,,,0.5,primary,textid=40303,437,A,0,0
3605,30886,SOCIAL,SO_GIFT_POETRY,贈詩、文,directed,,,0.5,primary,textid=40303,437,A,1,1
3605,31103,SOCIAL,SO_GIFT_POETRY,贈詩、文,directed,,,0.5,primary,textid=40303,437,A,1,1
3605,31312,SOCIAL,SO_GIFT_POETRY,贈詩、文,directed,,,0.5,primary,textid=40303,437,A,1,0
3605,32248,SOCIAL,SO_GIFT_POETRY,贈詩、文,directed,,,0.5,primary,textid=40303,437,A,1,0
3605,32785,LITERARY,LI_EPITAPH,為Y作墓誌銘,directed,819,,0.4,inferred,,44,A,1,1
3605,33606,SOCIAL,SO_FRIEND,友,undirected,,,0.6,inferred,,9,M,0,0
3605,33606,COLLEAGUE,CL_TONGNIAN,同年友,undirected,,,0.7,inferred,,10,M,0,0
3605,33606,SOCIAL,SO_CHANGHE,相唱和,undirected,,,0.6,inferred,,114,M,0,0
3605,33606,COLLEAGUE,CL_TONGLIAO,同僚,undirected,,,0.8,inferred,,197,M,1,0
3605,92177,COLLEAGUE,CL_SUPERIOR,下屬為Y,directed,801,,0.8,inferred,,482,A,0,1
3605,93104,SOCIAL,SO_GIFT_POETRY,贈詩、文,directed,,,0.5,primary,textid=40303,437,A,1,1
3605,93367,SOCIAL,SO_TONGYOU,與Y遊,undirected,,,0.5,inferred,,277,M,1,1
3605,93367,SOCIAL,SO_GIFT_POETRY,贈詩、文,directed,,,0.5,primary,textid=40303,437,A,0,1
3605,93452,SOCIAL,SO_GIFT_POETRY,贈詩、文,directed,,,0.5,primary,textid=40303,437,A,1,1
3605,94576,LITERARY,LI_EULOGY,為Y作祭文,directed,,,0.4,inferred,,145,A,0,1
3605,94941,SOCIAL,SO_GIFT_POETRY,贈詩、文,directed,,,0.5,primary,textid=40303,437,A,1,1
3605,178361,SOCIAL,SO_GIFT_POETRY,贈詩、文,directed,,,0.5,primary,textid=40303,437,A,1,1
3605,377178,SOCIAL,SO_GIFT_POETRY,贈詩、文,directed,,,0.5,primary,textid=40303,437,A,1,1
3605,445237,SOCIAL,SO_TONGYOU,與Y遊,undirected,,,0.5,inferred,,277,M,1,1
3605,446711,SOCIAL,SO_GIFT_POETRY,贈詩、文,directed,,,0.5,primary,textid=40303,437,A,1,1
3605,448187,SOCIAL,SO_GIFT_POETRY,贈詩、文,directed,,,0.5,primary,textid=40303,437,A,1,1
3685,12259,SOCIAL,SO_GIFT_POETRY,贈詩、文,directed,,,0.5,primary,textid=40303,437,A,1,1
3702,15161,SOCIAL,SO_GIFT_POETRY,贈詩、文,directed,,,0.5,primary,textid=40303,437,A,1,0
3702,17130,SOCIAL,SO_GIFT_POETRY,贈詩、文,directed,,,0.5,primary,textid=40303,437,A,1,0
3702,22057,SOCIAL,SO_GIFT_POETRY,贈詩、文,directed,,,0.5,primary,textid=40303,437,A,1,0
3702,30864,SOCIAL,SO_GIFT_POETRY,贈詩、文,directed,,,0.5,primary,textid=40303,437,A,1,0
3702,32227,SOCIAL,SO_GIFT_POETRY,贈詩、文,directed,,,0.5,primary,textid=40303,437,A,1,0
3702,32540,LITERARY,LI_STYLE,稱道Y之文風,directed,,,0.4,primary,textid=26149,172,A,1,0
3702,32540,SOCIAL,SO_GIFT_POETRY,贈詩、文,directed,,,0.5,primary,textid=40303,437,A,0,0
3702,33753,SOCIAL,SO_GIFT_POETRY,贈詩、文,directed,,,0.5,primary,textid=40303,437,A,1,0
3702,33754,SOCIAL,SO_GIFT_POETRY,贈詩、文,directed,,,0.5,primary,textid=40303,437,A,1,1
3702,93476,SOCIAL,SO_GIFT_POETRY,贈詩、文,directed,,,0.5,primary,textid=40303,437,A,1,1
3702,94935,SOCIAL,SO_GIFT_POETRY,贈詩、文,directed,,,0.5,primary,textid=40303,437,A,1,1
3702,95025,SOCIAL,SO_GIFT_POETRY,贈詩、文,directed,,,0.5,primary,textid=40303,437,A,1,0
3702,445729,SOCIAL,SO_GIFT_POETRY,贈詩、文,directed,,,0.5,primary,textid=40303,437,A,1,1
3702,446262,SOCIAL,SO_GIFT_POETRY,贈詩、文,directed,,,0.5,primary,textid=40303,437,A,1,1
3702,447541,SOCIAL,SO_GIFT_POETRY,贈詩、文,directed,,,0.5,primary,textid=40303,437,A,1,1
3702,448162,SOCIAL,SO_GIFT_POETRY,贈詩、文,directed,,,0.5,primary,textid=40303,437,A,1,1
3702,449589,SOCIAL,SO_GIFT_POETRY,贈詩、文,directed,,,0.5,primary,textid=40303,437,A,1,1
3789,31275,KIN,K_OTHER,高祖;四世祖,directed,,,0.7,inferred,,39,KIN,0,1
3789,32207,SOCIAL,SO_GIFT_POETRY,收到Y的贈詩、文,directed,,,0.5,primary,textid=40303,438,P,1,1
3840,93476,SOCIAL,SO_GIFT_POETRY,贈詩、文,directed,,,0.5,primary,textid=40303,437,A,0,1
3915,3130,SOCIAL,SO_GIFT_POETRY,收到Y的贈詩、文,directed,,,0.5,primary,textid=40303,438,P,1,0
3915,15353,SOCIAL,SO_GIFT_POETRY,贈詩、文,directed,,,0.5,primary,textid=40303,437,A,1,1
3915,17137,SOCIAL,SO_GIFT_POETRY,贈詩、文,directed,,,0.5,primary,textid=40303,437,A,1,1
3915,19245,SOCIAL,SO_GIFT_POETRY,贈詩、文,directed,,,0.5,primary,textid=40303,437,A,1,1
3915,20876,SOCIAL,SO_GIFT_POETRY,贈詩、文,directed,,,0.5,primary,textid=40303,437,A,1,0
3915,30851,SOCIAL,SO_FRIEND,友,undirected,,,0.6,inferred,,9,M,1,0
3915,30851,SOCIAL,SO_GIFT_POETRY,贈詩、文,directed,,,0.5,primary,textid=40303,437,A,0,0
3915,30982,SOCIAL,SO_GIFT_POETRY,贈詩、文,directed,,,0.5,primary,textid=40303,437,A,1,0
3915,31088,SOCIAL,SO_GIFT_POETRY,贈詩、文,directed,,,0.5,primary,textid=40303,437,A,1,1
3915,31103,SOCIAL,SO_GIFT_POETRY,贈詩、文,directed,,,0.5,primary,textid=40303,437,A,1,1
3915,31110,SOCIAL,SO_GIFT_POETRY,贈詩、文,directed,,,0.5,primary,textid=40303,437,A,1,0
3915,31143,SOCIAL,SO_GIFT_POETRY,贈詩、文,directed,,,0.5,primary,textid=40303,437,A,1,0
3915,31158,SOCIAL,SO_GIFT_POETRY,贈詩、文,directed,,,0.5,primary,textid=40303,437,A,1,1
3915,31275,SOCIAL,SO_GIFT_POETRY,贈詩、文,directed,,,0.5,primary,textid=40303,437,A,1,0
3915,31322,SOCIAL,SO_GIFT_POETRY,贈詩、文,directed,,,0.5,primary,textid=40303,437,A,1,0
3915,31413,SOCIAL,SO_GIFT_POETRY,贈詩、文,directed,,,0.5,primary,textid=40303,437,A,1,1
3915,31462,SOCIAL,SO_GIFT_POETRY,贈詩、文,directed,,,0.5,primary,textid=40303,437,A,1,1
3915,31552,SOCIAL,SO_GIFT_POETRY,贈詩、文,directed,,,0.5,primary,textid=40303,437,A,1,1
3915,31560,SOCIAL,SO_GIFT_POETRY,贈詩、文,directed,,,0.5,primary,textid=40303,437,A,1,0
3915,31561,SOCIAL,SO_GIFT_POETRY,贈詩、文,directed,,,0.5,primary,textid=40303,437,A,1,1
3915,31592,SOCIAL,SO_GIFT_POETRY,贈詩、文,directed,,,0.5,primary,textid=40303,437,A,1,1
3915,32128,SOCIAL,SO_GIFT_POETRY,贈詩、文,directed,,,0.5,primary,textid=40303,437,A,1,1
3915,32174,SOCIAL,SO_GIFT_POETRY,贈詩、文,directed,,,0.5,primary,textid=40303,437,A,1,0
3915,32175,SOCIAL,SO_GIFT_POETRY,贈詩、文,directed,,,0.5,primary,textid=40303,437,A,1,1
3915,32540,SOCIAL,SO_FRIEND,友,undirected,,,0.6,inferred,,9,M,1,0
3915,32540,SOCIAL,SO_GIFT_POETRY,贈詩、文,directed,,,0.5,primary,textid=40303,437,A,0,0
3915,32540,SOCIAL,SO_TONGYOU,與Y旅遊,undirected,,,0.5,inferred,,555,M,0,0
3915,32583,SOCIAL,SO_GIFT_POETRY,贈詩、文,directed,,,0.5,primary,textid=40303,437,A,1,0
3915,32593,KIN,K_OTHER,祖父,directed,,,0.7,primary,textid=24309,62,KIN,1,0
3915,32683,SOCIAL,SO_GIFT_POETRY,贈詩、文,directed,,,0.5,primary,textid=40303,437,A,1,1
3915,32694,SOCIAL,SO_GIFT_POETRY,贈詩、文,directed,,,0.5,primary,textid=40303,437,A,1,1
3915,32847,SOCIAL,SO_GIFT_POETRY,贈詩、文,directed,,,0.5,primary,textid=40303,437,A,1,0
3915,32889,SOCIAL,SO_GIFT_POETRY,贈詩、文,directed,,,0.5,primary,textid=40303,437,A,1,0
3915,33026,SOCIAL,SO_GIFT_POETRY,贈詩、文,directed,,,0.5,primary,textid=40303,437,A,1,1
3915,33062,SOCIAL,SO_GIFT_POETRY,贈詩、文,directed,,,0.5,primary,textid=40303,437,A,1,0
3915,33638,SOCIAL,SO_GIFT_POETRY,贈詩、文,directed,,,0.5,primary,textid=40303,437,A,1,1
3915,33651,SOCIAL,SO_GIFT_POETRY,贈詩、文,directed,,,0.5,primary,textid=40303,437,A,1,0
3915,92120,SOCIAL,SO_GIFT_POETRY,贈詩、文,directed,,,0.5,primary,textid=40303,437,A,1,1
3915,92285,SOCIAL,SO_GIFT_POETRY,贈詩、文,directed,,,0.5,primary,textid=40303,437,A,0,1
3915,92463,SOCIAL,SO_GIFT_POETRY,贈詩、文,directed,,,0.5,primary,textid=40303,437,A,0,1
3915,92704,SOCIAL,SO_GIFT_POETRY,贈詩、文,directed,,,0.5,primary,textid=40303,437,A,0,1
3915,93141,SOCIAL,SO_GIFT_POETRY,贈詩、文,directed,,,0.5,primary,textid=40303,437,A,1,1
3915,93409,SOCIAL,SO_GIFT_POETRY,贈詩、文,directed,,,0.5,primary,textid=40303,437,A,1,0
3915,93452,SOCIAL,SO_GIFT_POETRY,贈詩、文,directed,,,0.5,primary,textid=40303,437,A,1,1
3915,93894,SOCIAL,SO_GIFT_POETRY,贈詩、文,directed,,,0.5,primary,textid=40303,437,A,0,1
3915,93956,SOCIAL,SO_GIFT_POETRY,贈詩、文,directed,,,0.5,primary,textid=40303,437,A,1,0
3915,94373,SOCIAL,SO_GIFT_POETRY,贈詩、文,directed,,,0.5,primary,textid=40303,437,A,1,1
3915,94771,SOCIAL,SO_GIFT_POETRY,贈詩、文,directed,,,0.5,primary,textid=40303,437,A,1,1
3915,94937,SOCIAL,SO_GIFT_POETRY,贈詩、文,directed,,,0.5,primary,textid=40303,437,A,1,1
3915,94943,SOCIAL,SO_GIFT_POETRY,贈詩、文,directed,,,0.5,primary,textid=40303,437,A,0,1
3915,145814,SOCIAL,SO_GIFT_POETRY,贈詩、文,directed,,,0.5,primary,textid=40303,437,A,1,1
3915,146097,SOCIAL,SO_GIFT_POETRY,贈詩、文,directed,,,0.5,primary,textid=40303,437,A,1,0
3915,173788,SOCIAL,SO_GIFT_POETRY,贈詩、文,directed,,,0.5,primary,textid=40303,437,A,1,1
3915,177103,SOCIAL,SO_GIFT_POETRY,贈詩、文,directed,,,0.5,primary,textid=40303,437,A,1,1
3915,179808,SOCIAL,SO_GIFT_POETRY,贈詩、文,directed,,,0.5,primary,textid=40303,437,A,1,1
3915,184603,SOCIAL,SO_GIFT_POETRY,贈詩、文,directed,,,0.5,primary,textid=40303,437,A,1,1
3915,184796,SOCIAL,SO_GIFT_POETRY,贈詩、文,directed,,,0.5,primary,textid=40303,437,A,1,1
3915,187617,SOCIAL,SO_GIFT_POETRY,贈詩、文,directed,,,0.5,primary,textid=40303,437,A,1,1
3915,188233,SOCIAL,SO_GIFT_POETRY,贈詩、文,directed,,,0.5,primary,textid=40303,437,A,1,1
3915,189016,SOCIAL,SO_GIFT_POETRY,贈詩、文,directed,,,0.5,primary,textid=40303,437,A,1,1
3915,195688,SOCIAL,SO_FRIEND,友,undirected,,,0.6,inferred,,9,M,0,1
3915,195688,COLLEAGUE,CL_MULIAO,為Y之幕僚,directed,,,0.8,inferred,,66,A,1,1
3915,195688,SOCIAL,SO_GIFT_POETRY,贈詩、文,directed,,,0.5,inferred,,437,A,0,1
3915,376309,SOCIAL,SO_GIFT_POETRY,贈詩、文,directed,,,0.5,primary,textid=40303,437,A,1,1
3915,379873,POLITICAL,PO_OPPOSE,忌/惡,directed,,,0.3,primary,textid=40303,83,A,1,0
3915,382322,SOCIAL,SO_GIFT_POETRY,贈詩、文,directed,,,0.5,primary,textid=40303,437,A,1,1
3915,445407,SOCIAL,SO_GIFT_POETRY,贈詩、文,directed,,,0.5,primary,textid=40303,437,A,1,1
3915,445481,SOCIAL,SO_GIFT_POETRY,贈詩、文,directed,,,0.5,primary,textid=40303,437,A,1,1
3915,445500,SOCIAL,SO_GIFT_POETRY,贈詩、文,directed,,,0.5,primary,textid=40303,437,A,1,1
3915,446137,SOCIAL,SO_GIFT_POETRY,贈詩、文,directed,,,0.5,primary,textid=40303,437,A,0,1
3915,446338,SOCIAL,SO_GIFT_POETRY,贈詩、文,directed,,,0.5,primary,textid=40303,437,A,1,1
3915,446647,SOCIAL,SO_GIFT_POETRY,贈詩、文,directed,,,0.5,primary,textid=40303,437,A,1,1
3915,446659,SOCIAL,SO_GIFT_POETRY,贈詩、文,directed,,,0.5,primary,textid=40303,437,A,0,1
3915,446859,SOCIAL,SO_GIFT_POETRY,贈詩、文,directed,,,0.5,primary,textid=40303,437,A,1,1
3915,447853,SOCIAL,SO_GIFT_POETRY,贈詩、文,directed,,,0.5,primary,textid=40303,437,A,1,1
3915,448317,SOCIAL,SO_GIFT_POETRY,贈詩、文,directed,,,0.5,primary,textid=40303,437,A,1,1
3915,448371,SOCIAL,SO_GIFT_POETRY,贈詩、文,directed,,,0.5,primary,textid=40303,437,A,1,1
3915,448663,SOCIAL,SO_GIFT_POETRY,贈詩、文,directed,,,0.5,primary,textid=40303,437,A,1,1
3915,448912,SOCIAL,SO_GIFT_POETRY,贈詩、文,directed,,,0.5,primary,textid=40303,437,A,1,1
3915,449143,SOCIAL,SO_GIFT_POETRY,贈詩、文,directed,,,0.5,primary,textid=40303,437,A,1,1
3915,449310,SOCIAL,SO_GIFT_POETRY,贈詩、文,directed,,,0.5,primary,textid=40303,437,A,0,1
3915,450008,SOCIAL,SO_GIFT_POETRY,贈詩、文,directed,,,0.5,primary,textid=40303,437,A,1,1
3915,450364,SOCIAL,SO_GIFT_POETRY,贈詩、文,directed,,,0.5,primary,textid=40303,437,A,1,1
3915,450631,SOCIAL,SO_GIFT_POETRY,贈詩、文,directed,,,0.5,primary,textid=40303,437,A,1,1
3927,21194,KIN,K_OTHER,孫,directed,,,0.7,primary,textid=24309,243,KIN,0,1
3927,33606,POLITICAL,PO_ENZHU,恩主是Y,directed,831,,0.5,inferred,,5,P,1,1
3927,33649,SOCIAL,SO_GIFT_POETRY,收到Y的贈詩、文,directed,,,0.5,primary,textid=40303,438,P,0,1
3927,92743,SOCIAL,SO_GIFT_POETRY,收到Y的贈詩、文,directed,,,0.5,primary,textid=40303,438,P,0,1
10649,21194,SOCIAL,SO_GIFT_POETRY,收到Y的贈詩、文,directed,,,0.5,primary,textid=40303,438,P,0,1
10649,33606,SOCIAL,SO_GIFT_POETRY,收到Y的贈詩、文,directed,,,0.5,primary,textid=40303,438,P,0,1
10649,92743,SOCIAL,SO_GIFT_POETRY,收到Y的贈詩、文,directed,,,0.5,primary,textid=40303,438,P,0,1
11524,31222,SOCIAL,SO_GIFT_POETRY,贈詩、文,directed,,,0.5,primary,textid=40303,437,A,1,0
11524,32400,SOCIAL,SO_FRIEND,友,undirected,774,,0.6,inferred,,9,M,1,1
11524,33148,COLLEAGUE,CL_RECOMMEND,推薦,directed,774,,0.7,inferred,,13,A,1,1
11524,93022,SOCIAL,SO_GIFT_POETRY,贈詩、文,directed,,,0.5,primary,textid=40303,437,A,0,1
11524,95042,KIN,K_OTHER,孫,directed,,,0.7,primary,textid=24309,243,KIN,1,1
11605,19242,SOCIAL,SO_GIFT_POETRY,贈詩、文,directed,,,0.5,primary,textid=40303,437,A,1,1
11605,19244,SOCIAL,SO_GIFT_POETRY,贈詩、文,directed,,,0.5,primary,textid=40303,437,A,1,0
11605,26935,SOCIAL,SO_GIFT_POETRY,贈詩、文,directed,,,0.5,primary,textid=40303,437,A,1,0
11605,31082,SOCIAL,SO_GIFT_POETRY,贈詩、文,directed,,,0.5,primary,textid=40303,437,A,1,1
11605,31407,SOCIAL,SO_GIFT_POETRY,贈詩、文,directed,,,0.5,primary,textid=40303,437,A,1,0
11605,31631,SOCIAL,SO_GIFT_POETRY,贈詩、文,directed,,,0.5,primary,textid=40303,437,A,1,1
11605,32540,POLITICAL,PO_ADMIRE,欣賞/器重,directed,720,,0.5,primary,textid=25640,18,A,1,0
11605,32593,SOCIAL,SO_GIFT_POETRY,贈詩、文,directed,,,0.5,primary,textid=40303,437,A,1,0
11605,94500,SOCIAL,SO_GIFT_POETRY,贈詩、文,directed,,,0.5,primary,textid=40303,437,A,1,1
11605,94714,SOCIAL,SO_GIFT_POETRY,贈詩、文,directed,,,0.5,primary,textid=40303,437,A,0,1
11605,174518,SOCIAL,SO_GIFT_POETRY,贈詩、文,directed,,,0.5,primary,textid=40303,437,A,0,1
11605,176026,SOCIAL,SO_GIFT_POETRY,贈詩、文,directed,,,0.5,primary,textid=40303,437,A,1,1
11605,179808,SOCIAL,SO_GIFT_POETRY,贈詩、文,directed,,,0.5,primary,textid=40303,437,A,1,1
11605,382589,SOCIAL,SO_GIFT_POETRY,贈詩、文,directed,,,0.5,primary,textid=40303,437,A,1,1
11605,444850,SOCIAL,SO_GIFT_POETRY,贈詩、文,directed,,,0.5,primary,textid=40303,437,A,1,1
11605,445945,SOCIAL,SO_GIFT_POETRY,贈詩、文,directed,,,0.5,primary,textid=40303,437,A,1,1
11605,447292,SOCIAL,SO_GIFT_POETRY,贈詩、文,directed,,,0.5,primary,textid=40303,437,A,1,0
11605,447332,SOCIAL,SO_GIFT_POETRY,贈詩、文,directed,,,0.5,primary,textid=40303,437,A,1,1
11605,450146,SOCIAL,SO_GIFT_POETRY,贈詩、文,directed,,,0.5,primary,textid=40303,437,A,1,1
11965,22057,KIN,K_SIBLING,弟,undirected,,,0.9,inferred,,126,KIN,1,0
11965,30885,KIN,K_CHILD,次子,directed,,,1.0,inferred,,183,KIN,1,1
12236,32207,SOCIAL,SO_GIFT_POETRY,收到Y的贈詩、文,directed,,,0.5,primary,textid=40303,438,P,0,1
12236,32540,SOCIAL,SO_GIFT_POETRY,收到Y的贈詩、文,directed,,,0.5,primary,textid=40303,438,P,1,1
12236,188616,SOCIAL,SO_GIFT_POETRY,收到Y的贈詩、文,directed,,,0.5,primary,textid=40303,438,P,1,1
12259,3685,SOCIAL,SO_GIFT_POETRY,收到Y的贈詩、文,directed,,,0.5,primary,textid=40303,438,P,0,1
12259,13060,SOCIAL,SO_GIFT_POETRY,收到Y的贈詩、文,directed,,,0.5,primary,textid=40303,438,P,0,1
12259,13060,COLLEAGUE,CL_SUPERIOR,上司為Y,directed,,,0.8,inferred,,481,P,0,1
12259,17130,SOCIAL,SO_GIFT_POETRY,收到Y的贈詩、文,directed,,,0.5,primary,textid=40303,438,P,1,1
12259,31068,SOCIAL,SO_GIFT_POETRY,收到Y的贈詩、文,directed,,,0.5,primary,textid=40303,438,P,0,1
12261,19244,SOCIAL,SO_GIFT_POETRY,收到Y的贈詩、文,directed,,,0.5,primary,textid=40303,438,P,1,1
12261,31275,SOCIAL,SO_GIFT_POETRY,收到Y的贈詩、文,directed,,,0.5,primary,textid=40303,438,P,1,1
12261,31407,SOCIAL,SO_GIFT_POETRY,收到Y的贈詩、文,directed,,,0.5,primary,textid=40303,438,P,1,1
12261,32174,SOCIAL,SO_CHANGHE,相唱和,undirected,737,,0.6,primary,textid=60019,114,M,1,1
12261,32174,SOCIAL,SO_GIFT_POETRY,收到Y的贈詩、文,directed,,,0.5,primary,textid=40303,438,P,0,1
13059,13060,SOCIAL,SO_GIFT_POETRY,贈詩、文,directed,,,0.5,primary,textid=40303,437,A,0,0
13059,13060,KIN,K_CHILD,子,directed,,,1.0,inferred,,180,KIN,1,0
13059,13626,KIN,K_CHILD,子,directed,,,1.0,inferred,,180,KIN,1,1
13059,31175,KIN,K_AFFINAL,五女婿,directed,,,0.7,inferred,,337,KIN,1,1
13059,31303,KIN,K_CHILD,次子,directed,,,1.0,inferred,,183,KIN,1,1
13059,32202,KIN,K_OTHER,從兄弟;堂兄弟,directed,,,0.7,primary,textid=24309,119,KIN,1,1
13059,92269,SOCIAL,SO_GIFT_POETRY,贈詩、文,directed,,,0.5,primary,textid=40303,437,A,0,1
13059,139803,KIN,K_OTHER,孫女,directed,,,0.7,primary,textid=32038,251,KIN,1,1
13059,140204,KIN,K_OTHER,玄孫女,directed,,,0.7,primary,textid=32038,368,KIN,1,1
13059,188233,KIN,K_CHILD,子,directed,,,1.0,primary,textid=32033,180,KIN,1,1
13060,12259,SOCIAL,SO_GIFT_POETRY,贈詩、文,directed,,,0.5,primary,textid=40303,437,A,0,1
13060,12259,COLLEAGUE,CL_SUPERIOR,下屬為Y,directed,,,0.8,inferred,,482,A,1,1
13060,13059,KIN,K_PARENT,父,directed,,,1.0,inferred,,75,KIN,0,0
13060,15610,SOCIAL,SO_GIFT_POETRY,贈詩、文,directed,,,0.5,primary,textid=40303,437,A,1,0
13060,17130,SOCIAL,SO_GIFT_POETRY,贈詩、文,directed,,,0.5,primary,textid=40303,437,A,0,0
13060,17130,COLLEAGUE,CL_SUPERIOR,下屬為Y,directed,,,0.8,inferred,,482,A,1,0
13060,18636,SOCIAL,SO_GIFT_POETRY,贈詩、文,directed,,,0.5,primary,textid=40303,437,A,0,1
13060,19241,KIN,K_CHILD,九子,directed,,,1.0,inferred,,206,KIN,1,0
13060,19756,KIN,K_CHILD,子,directed,,,1.0,inferred,,180,KIN,1,1
13060,22793,COLLEAGUE,CL_SUPERIOR,下屬為Y,directed,,,0.8,inferred,,482,A,1,0
13060,30886,POLITICAL,PO_ADMIRE,欣賞/器重,directed,,,0.5,inferred,,18,A,0,1
13060,31066,KIN,K_SPOUSE,第一任妻,undirected,,,1.0,inferred,,138,KIN,1,0
13060,31068,COLLEAGUE,CL_SUPERIOR,下屬為Y,directed,,,0.8,inferred,,482,A,1,0
13060,31175,SOCIAL,SO_GIFT_POETRY,贈詩、文,directed,,,0.5,primary,textid=40303,437,A,0,1
13060,31312,COLLEAGUE,CL_SUPERIOR,下屬為Y,directed,,,0.8,inferred,,482,A,1,0
13060,31558,KIN,K_AFFINAL,第二任女婿,directed,,,0.7,inferred,,201,KIN,1,1
13060,31628,SOCIAL,SO_GIFT_POETRY,贈詩、文,directed,,,0.5,primary,textid=40303,437,A,0,1
13060,32202,SOCIAL,SO_GIFT_POETRY,贈詩、文,directed,,,0.5,primary,textid=40303,437,A,0,1
13060,32430,COLLEAGUE,CL_SUPERIOR,下屬為Y,directed,,,0.8,inferred,,482,A,1,1
13060,32430,SOCIAL,SO_GIFT_POETRY,贈詩、文,directed,,,0.5,primary,textid=40303,437,A,0,1
13060,91930,SOCIAL,SO_GIFT_POETRY,贈詩、文,directed,,,0.5,primary,textid=40303,437,A,0,1
13060,92899,COLLEAGUE,CL_SUPERIOR,下屬為Y,directed,,,0.8,inferred,,482,A,1,0
13060,92959,KIN,K_OTHER,孫,directed,,,0.7,primary,textid=32038,243,KIN,1,1
13060,93013,KIN,K_CHILD,子,directed,,,1.0,primary,textid=24309,180,KIN,1,1
13060,93208,SOCIAL,SO_GIFT_POETRY,贈詩、文,directed,,,0.5,primary,textid=40303,437,A,1,1
13060,93663,KIN,K_SPOUSE,妻子,undirected,,,1.0,primary,舊唐書,135,KIN,1,0
13060,93663,KIN,K_AFFINAL,子婦;兒媳,directed,,,0.7,inferred,,396,KIN,0,0
13060,139803,KIN,K_CHILD,女兒,directed,,,1.0,primary,textid=32038,176,KIN,1,1
13060,140204,KIN,K_OTHER,曾孫女,directed,,,0.7,primary,textid=32038,347,KIN,1,1
13575,3332,TEACHER_STUDENT,TS_STUDENT,學生為Y,directed,797,,0.8,primary,韓昌黎文集校注,23,P,1,0
13575,3332,SOCIAL,SO_GIFT_POETRY,收到Y的贈詩、文,directed,,,0.5,primary,textid=40303,438,P,0,0
13575,22572,SOCIAL,SO_GIFT_POETRY,贈詩、文,directed,,,0.5,primary,textid=40303,437,A,1,1
13575,32227,SOCIAL,SO_GIFT_POETRY,贈詩、文,directed,,,0.5,primary,textid=40303,437,A,1,0
13575,32248,SOCIAL,SO_GIFT_POETRY,贈詩、文,directed,,,0.5,primary,textid=40303,437,A,1,0
13575,32760,SOCIAL,SO_GIFT_POETRY,贈詩、文,directed,,,0.5,primary,textid=40303,437,A,0,1
13575,32889,SOCIAL,SO_GIFT_POETRY,贈詩、文,directed,,,0.5,primary,textid=40303,437,A,1,0
13575,32980,SOCIAL,SO_GIFT_POETRY,贈詩、文,directed,,,0.5,primary,textid=40303,437,A,1,0
13575,33606,SOCIAL,SO_GIFT_POETRY,贈詩、文,directed,,,0.5,primary,textid=40303,437,A,1,0
13575,36130,SOCIAL,SO_GIFT_POETRY,贈詩、文,directed,,,0.5,primary,textid=40303,437,A,1,0
13575,91939,SOCIAL,SO_GIFT_POETRY,贈詩、文,directed,,,0.5,primary,textid=40303,437,A,1,1
13575,92047,SOCIAL,SO_GIFT_POETRY,贈詩、文,directed,,,0.5,primary,textid=40303,437,A,1,0
13575,92061,SOCIAL,SO_GIFT_POETRY,贈詩、文,directed,,,0.5,primary,textid=40303,437,A,1,1
13575,92136,SOCIAL,SO_GIFT_POETRY,贈詩、文,directed,,,0.5,primary,textid=40303,437,A,1,1
13575,92154,SOCIAL,SO_GIFT_POETRY,贈詩、文,directed,,,0.5,primary,textid=40303,437,A,1,1
13575,92533,SOCIAL,SO_GIFT_POETRY,贈詩、文,directed,,,0.5,primary,textid=40303,437,A,0,1
13575,93025,SOCIAL,SO_GIFT_POETRY,贈詩、文,directed,,,0.5,primary,textid=40303,437,A,1,1
13575,93071,SOCIAL,SO_GIFT_POETRY,贈詩、文,directed,,,0.5,primary,textid=40303,437,A,1,1
13575,93104,SOCIAL,SO_GIFT_POETRY,贈詩、文,directed,,,0.5,primary,textid=40303,437,A,1,1
13575,93139,SOCIAL,SO_GIFT_POETRY,贈詩、文,directed,,,0.5,primary,textid=40303,437,A,1,1
13575,93543,SOCIAL,SO_GIFT_POETRY,贈詩、文,directed,,,0.5,primary,textid=40303,437,A,1,1
13575,93952,SOCIAL,SO_GIFT_POETRY,贈詩、文,directed,,,0.5,primary,textid=40303,437,A,1,0
13575,94227,SOCIAL,SO_FRIEND,友,undirected,,,0.6,primary,textid=9602,9,M,1,0
13575,94227,SOCIAL,SO_GIFT_POETRY,贈詩、文,directed,,,0.5,primary,textid=40303,437,A,0,0
13575,94941,SOCIAL,SO_GIFT_POETRY,贈詩、文,directed,,,0.5,primary,textid=40303,437,A,1,1
13575,95068,SOCIAL,SO_CHANGHE,相唱和,undirected,,,0.6,primary,textid=9601,114,M,1,0
13575,118199,SOCIAL,SO_GIFT_POETRY,贈詩、文,directed,,,0.5,primary,textid=40303,437,A,1,1
13575,188190,SOCIAL,SO_GIFT_POETRY,贈詩、文,directed,,,0.5,primary,textid=40303,437,A,1,1
13575,194588,SOCIAL,SO_GIFT_POETRY,贈詩、文,directed,,,0.5,primary,textid=40303,437,A,1,1
13575,382368,SOCIAL,SO_GIFT_POETRY,贈詩、文,directed,,,0.5,primary,textid=40303,437,A,1,1
13575,445700,SOCIAL,SO_GIFT_POETRY,贈詩、文,directed,,,0.5,primary,textid=40303,437,A,1,1
13575,445983,SOCIAL,SO_GIFT_POETRY,贈詩、文,directed,,,0.5,primary,textid=40303,437,A,1,0
13575,446244,SOCIAL,SO_GIFT_POETRY,贈詩、文,directed,,,0.5,primary,textid=40303,437,A,1,1
13575,446704,SOCIAL,SO_GIFT_POETRY,贈詩、文,directed,,,0.5,primary,textid=40303,437,A,0,1
13575,446797,SOCIAL,SO_GIFT_POETRY,贈詩、文,directed,,,0.5,primary,textid=40303,437,A,1,1
13575,446872,SOCIAL,SO_GIFT_POETRY,贈詩、文,directed,,,0.5,primary,textid=40303,437,A,0,1
13575,447478,SOCIAL,SO_GIFT_POETRY,贈詩、文,directed,,,0.5,primary,textid=40303,437,A,1,1
13575,447535,SOCIAL,SO_GIFT_POETRY,贈詩、文,directed,,,0.5,primary,textid=40303,437,A,1,1
13575,447735,SOCIAL,SO_GIFT_POETRY,贈詩、文,directed,,,0.5,primary,textid=40303,437,A,1,1
13575,448280,SOCIAL,SO_GIFT_POETRY,贈詩、文,directed,,,0.5,primary,textid=40303,437,A,1,1
13575,449911,SOCIAL,SO_GIFT_POETRY,贈詩、文,directed,,,0.5,primary,textid=40303,437,A,1,1
13575,450027,SOCIAL,SO_GIFT_POETRY,贈詩、文,directed,,,0.5,primary,textid=40303,437,A,1,1
13624,3130,SOCIAL,SO_GIFT_POETRY,收到Y的贈詩、文,directed,,,0.5,primary,textid=40303,438,P,1,0
13624,3332,SOCIAL,SO_GIFT_POETRY,收到Y的贈詩、文,directed,,,0.5,primary,textid=40303,438,P,0,0
13624,3480,SOCIAL,SO_GIFT_POETRY,贈詩、文,directed,,,0.5,primary,textid=40303,437,A,1,1
13624,13060,SOCIAL,SO_GIFT_POETRY,收到Y的贈詩、文,directed,,,0.5,primary,textid=40303,438,P,1,0
13624,13628,SOCIAL,SO_GIFT_POETRY,贈詩、文,directed,,,0.5,primary,textid=40303,437,A,1,1
13624,21187,SOCIAL,SO_GIFT_POETRY,贈詩、文,directed,,,0.5,primary,textid=40303,437,A,1,1
13624,22436,SOCIAL,SO_GIFT_POETRY,贈詩、文,directed,,,0.5,primary,textid=40303,437,A,0,1
13624,24654,SOCIAL,SO_GIFT_POETRY,贈詩、文,directed,,,0.5,primary,textid=40303,437,A,1,0
13624,24691,LITERARY,LI_EPITAPH,為Y作墓誌銘,directed,818,,0.4,inferred,,44,A,1,1
13624,24691,SOCIAL,SO_GIFT_POETRY,贈詩、文,directed,,,0.5,primary,textid=40303,437,A,0,1
13624,30976,SOCIAL,SO_GIFT_POETRY,贈詩、文,directed,,,0.5,primary,textid=40303,437,A,1,1
13624,31592,SOCIAL,SO_GIFT_POETRY,贈詩、文,directed,,,0.5,primary,textid=40303,437,A,1,1
13624,32019,SOCIAL,SO_GIFT_POETRY,贈詩、文,directed,,,0.5,primary,textid=40303,437,A,1,1
13624,32400,KIN,K_AFFINAL,岳父,directed,,,0.7,inferred,,76,KIN,1,1
13624,32641,SOCIAL,SO_GIFT_POETRY,贈詩、文,directed,,,0.5,primary,textid=40303,437,A,1,1
13624,32940,KIN,K_AFFINAL,女婿,directed,,,0.7,primary,textid=24309,181,KIN,1,1
13624,33153,SOCIAL,SO_GIFT_POETRY,贈詩、文,directed,,,0.5,primary,textid=40303,437,A,1,1
13624,33705,LITERARY,LI_PREAMBLE,為Y所著書作序,directed,818,,0.4,inferred,,32,A,1,1
13624,33859,SOCIAL,SO_GIFT_POETRY,贈詩、文,directed,,,0.5,primary,textid=40303,437,A,1,0
13624,92153,SOCIAL,SO_GIFT_POETRY,贈詩、文,directed,,,0.5,primary,textid=40303,437,A,1,1
13624,92177,SOCIAL,SO_GIFT_POETRY,贈詩、文,directed,,,0.5,primary,textid=40303,437,A,1,1
13624,92180,SOCIAL,SO_GIFT_POETRY,贈詩、文,directed,,,0.5,primary,textid=40303,437,A,1,1
13624,92328,SOCIAL,SO_GIFT_POETRY,贈詩、文,directed,,,0.5,primary,textid=40303,437,A,1,1
13624,92411,SOCIAL,SO_GIFT_POETRY,贈詩、文,directed,,,0.5,primary,textid=40303,437,A,1,1
13624,92999,SOCIAL,SO_GIFT_POETRY,贈詩、文,directed,,,0.5,primary,textid=40303,437,A,1,1
13624,93139,SOCIAL,SO_GIFT_POETRY,贈詩、文,directed,,,0.5,primary,textid=40303,437,A,0,1
13624,93141,SOCIAL,SO_GIFT_POETRY,贈詩、文,directed,,,0.5,primary,textid=40303,437,A,1,1
13624,93367,SOCIAL,SO_GIFT_POETRY,贈詩、文,directed,,,0.5,primary,textid=40303,437,A,1,1
13624,93452,SOCIAL,SO_GIFT_POETRY,贈詩、文,directed,,,0.5,primary,textid=40303,437,A,1,1
13624,95042,SOCIAL,SO_GIFT_POETRY,贈詩、文,directed,,,0.5,primary,textid=40303,437,A,1,1
13624,145814,LITERARY,LI_STELE,為Y作神道碑,directed,809,,0.4,primary,權載之文集,406,A,1,1
13624,146237,SOCIAL,SO_GIFT_POETRY,贈詩、文,directed,,,0.5,primary,textid=40303,437,A,1,1
13624,171253,SOCIAL,SO_GIFT_POETRY,贈詩、文,directed,,,0.5,primary,textid=40303,437,A,1,1
13624,177603,SOCIAL,SO_GIFT_POETRY,贈詩、文,directed,,,0.5,primary,textid=40303,437,A,1,1
13624,179585,SOCIAL,SO_GIFT_POETRY,贈詩、文,directed,,,0.5,primary,textid=40303,437,A,1,1
13624,189569,SOCIAL,SO_GIFT_POETRY,贈詩、文,directed,,,0.5,primary,textid=40303,437,A,1,1
13624,190786,SOCIAL,SO_GIFT_POETRY,贈詩、文,directed,,,0.5,primary,textid=40303,437,A,1,1
13624,381573,SOCIAL,SO_GIFT_POETRY,贈詩、文,directed,,,0.5,primary,textid=40303,437,A,1,1
13624,445220,SOCIAL,SO_GIFT_POETRY,贈詩、文,directed,,,0.5,primary,textid=40303,437,A,1,1
13624,445237,SOCIAL,SO_GIFT_POETRY,贈詩、文,directed,,,0.5,primary,textid=40303,437,A,1,1
13624,445530,SOCIAL,SO_GIFT_POETRY,贈詩、文,directed,,,0.5,primary,textid=40303,437,A,1,1
13624,445585,SOCIAL,SO_GIFT_POETRY,贈詩、文,directed,,,0.5,primary,textid=40303,437,A,1,1
13624,446168,SOCIAL,SO_GIFT_POETRY,贈詩、文,directed,,,0.5,primary,textid=40303,437,A,1,1
13624,446244,SOCIAL,SO_GIFT_POETRY,贈詩、文,directed,,,0.5,primary,textid=40303,437,A,1,1
13624,446786,SOCIAL,SO_GIFT_POETRY,贈詩、文,directed,,,0.5,primary,textid=40303,437,A,1,1
13624,447594,SOCIAL,SO_GIFT_POETRY,贈詩、文,directed,,,0.5,primary,textid=40303,437,A,1,1
13624,447735,SOCIAL,SO_GIFT_POETRY,贈詩、文,directed,,,0.5,primary,textid=40303,437,A,1,1
13624,447753,SOCIAL,SO_GIFT_POETRY,贈詩、文,directed,,,0.5,primary,textid=40303,437,A,1,1
13624,448470,SOCIAL,SO_GIFT_POETRY,贈詩、文,directed,,,0.5,primary,textid=40303,437,A,1,1
13624,448568,SOCIAL,SO_GIFT_POETRY,贈詩、文,directed,,,0.5,primary,textid=40303,437,A,1,1
13624,448799,SOCIAL,SO_GIFT_POETRY,贈詩、文,directed,,,0.5,primary,textid=40303,437,A,1,1
13624,448969,SOCIAL,SO_GIFT_POETRY,贈詩、文,directed,,,0.5,primary,textid=40303,437,A,1,1
13624,448985,SOCIAL,SO_GIFT_POETRY,贈詩、文,directed,,,0.5,primary,textid=40303,437,A,1,1
13624,449024,SOCIAL,SO_GIFT_POETRY,贈詩、文,directed,,,0.5,primary,textid=40303,437,A,1,1
13624,449848,SOCIAL,SO_GIFT_POETRY,贈詩、文,directed,,,0.5,primary,textid=40303,437,A,1,1
13624,450208,SOCIAL,SO_GIFT_POETRY,贈詩、文,directed,,,0.5,primary,textid=40303,437,A,1,1
13626,13059,KIN,K_PARENT,父,directed,,,1.0,inferred,,75,KIN,0,1
13626,33485,KIN,K_OTHER,直系後裔,directed,,,0.7,inferred,,303,KIN,0,1
13628,3605,SOCIAL,SO_GIFT_POETRY,收到Y的贈詩、文,directed,,,0.5,primary,textid=40303,438,P,0,1
13628,13624,SOCIAL,SO_GIFT_POETRY,收到Y的贈詩、文,directed,,,0.5,primary,textid=40303,438,P,0,1
13628,24654,SOCIAL,SO_GIFT_POETRY,收到Y的贈詩、文,directed,,,0.5,primary,textid=40303,438,P,1,1
13628,32227,SOCIAL,SO_GIFT_POETRY,收到Y的贈詩、文,directed,,,0.5,primary,textid=40303,438,P,0,1
13628,32248,SOCIAL,SO_GIFT_POETRY,收到Y的贈詩、文,directed,,,0.5,primary,textid=40303,438,P,0,1
13628,92743,SOCIAL,SO_GIFT_POETRY,收到Y的贈詩、文,directed,,,0.5,primary,textid=40303,438,P,0,1
13629,3332,SOCIAL,SO_GIFT_POETRY,收到Y的贈詩、文,directed,,,0.5,primary,textid=40303,438,P,0,1
13629,24654,SOCIAL,SO_GIFT_POETRY,收到Y的贈詩、文,directed,,,0.5,primary,textid=40303,438,P,0,1
13629,32054,SOCIAL,SO_FRIEND,友,undirected,,,0.6,primary,textid=9602,9,M,1,1
13629,32227,SOCIAL,SO_GIFT_POETRY,收到Y的贈詩、文,directed,,,0.5,primary,textid=40303,438,P,0,1
13629,32248,SOCIAL,SO_GIFT_POETRY,收到Y的贈詩、文,directed,,,0.5,primary,textid=40303,438,P,0,1
13629,92147,SOCIAL,SO_GIFT_POETRY,收到Y的贈詩、文,directed,,,0.5,primary,textid=40303,438,P,0,1
15161,3480,KIN,K_PARENT,父,directed,,,1.0,primary,textid=24309,75,KIN,1,1
15161,17137,SOCIAL,SO_GIFT_POETRY,贈詩、文,directed,,,0.5,primary,textid=40303,437,A,1,1
15161,30868,SOCIAL,SO_GIFT_POETRY,贈詩、文,directed,,,0.5,primary,textid=40303,437,A,1,1
15161,32019,COLLEAGUE,CL_MULIAO,為Y之幕僚,directed,817,,0.8,primary,舊唐書,66,A,1,1
15161,32019,SOCIAL,SO_GIFT_POETRY,贈詩、文,directed,,,0.5,primary,textid=40303,437,A,0,1
15161,32114,SOCIAL,SO_GIFT_POETRY,贈詩、文,directed,,,0.5,primary,textid=40303,437,A,1,1
15161,32248,SOCIAL,SO_FRIEND,友,undirected,,,0.6,primary,textid=9602,9,M,1,0
15161,32248,SOCIAL,SO_GIFT_POETRY,贈詩、文,directed,,,0.5,primary,textid=40303,437,A,0,0
15161,33158,SOCIAL,SO_GIFT_POETRY,贈詩、文,directed,,,0.5,primary,textid=40303,437,A,0,1
15161,92061,SOCIAL,SO_GIFT_POETRY,贈詩、文,directed,,,0.5,primary,textid=40303,437,A,1,1
15161,92109,SOCIAL,SO_GIFT_POETRY,贈詩、文,directed,,,0.5,primary,textid=40303,437,A,1,1
15161,92154,SOCIAL,SO_GIFT_POETRY,贈詩、文,directed,,,0.5,primary,textid=40303,437,A,1,1
15161,93476,SOCIAL,SO_GIFT_POETRY,贈詩、文,directed,,,0.5,primary,textid=40303,437,A,0,1
15161,94018,SOCIAL,SO_GIFT_POETRY,贈詩、文,directed,,,0.5,primary,textid=40303,437,A,0,1
15161,95025,SOCIAL,SO_GIFT_POETRY,贈詩、文,directed,,,0.5,primary,textid=40303,437,A,1,0
15161,446872,SOCIAL,SO_GIFT_POETRY,贈詩、文,directed,,,0.5,primary,textid=40303,437,A,0,1
15161,446959,SOCIAL,SO_GIFT_POETRY,贈詩、文,directed,,,0.5,primary,textid=40303,437,A,1,1
15161,447213,SOCIAL,SO_GIFT_POETRY,贈詩、文,directed,,,0.5,primary,textid=40303,437,A,0,1
15161,447485,SOCIAL,SO_GIFT_POETRY,贈詩、文,directed,,,0.5,primary,textid=40303,437,A,1,1
15161,447541,SOCIAL,SO_GIFT_POETRY,贈詩、文,directed,,,0.5,primary,textid=40303,437,A,1,1
15161,447719,SOCIAL,SO_GIFT_POETRY,贈詩、文,directed,,,0.5,primary,textid=40303,437,A,1,1
15161,448287,SOCIAL,SO_GIFT_POETRY,贈詩、文,directed,,,0.5,primary,textid=40303,437,A,1,1
15161,449065,SOCIAL,SO_GIFT_POETRY,贈詩、文,directed,,,0.5,primary,textid=40303,437,A,0,1
15161,450597,SOCIAL,SO_GIFT_POETRY,贈詩、文,directed,,,0.5,primary,textid=40303,437,A,1,1
15353,3915,SOCIAL,SO_GIFT_POETRY,收到Y的贈詩、文,directed,,,0.5,primary,textid=40303,438,P,0,1
15353,19244,SOCIAL,SO_GIFT_POETRY,收到Y的贈詩、文,directed,,,0.5,primary,textid=40303,438,P,1,1
15353,31407,SOCIAL,SO_GIFT_POETRY,收到Y的贈詩、文,directed,,,0.5,primary,textid=40303,438,P,1,1
15353,32534,SOCIAL,SO_GIFT_POETRY,收到Y的贈詩、文,directed,,,0.5,primary,textid=40303,438,P,0,1
15353,32540,POLITICAL,PO_ADMIRE,被Y欣賞/器重,directed,742,,0.5,primary,textid=25640,17,P,1,1
15353,32540,SOCIAL,SO_GIFT_POETRY,收到Y的贈詩、文,directed,,,0.5,primary,textid=40303,438,P,0,1
15353,33606,SOCIAL,SO_GIFT_POETRY,收到Y的贈詩、文,directed,,,0.5,primary,textid=40303,438,P,0,1
15353,93956,SOCIAL,SO_GIFT_POETRY,收到Y的贈詩、文,directed,,,0.5,primary,textid=40303,438,P,0,1
15353,447567,SOCIAL,SO_GIFT_POETRY,收到Y的贈詩、文,directed,,,0.5,primary,textid=40303,438,P,0,1
15610,11965,TEACHER_STUDENT,TS_STUDENT,學生為Y,directed,,,0.8,primary,textid=9602,23,P,1,0
15610,13059,COLLEAGUE,CL_BUJIANG,部將為Y,directed,626,,0.8,inferred,,65,P,1,0
15610,30886,LITERARY,LI_EPITAPH,為Y作墓誌銘,directed,639,,0.4,inferred,,44,A,1,1
17029,21751,SOCIAL,SO_GIFT_POETRY,贈詩、文,directed,,,0.5,primary,textid=40303,437,A,1,0
17029,34916,SOCIAL,SO_GIFT_POETRY,贈詩、文,directed,,,0.5,primary,textid=40303,437,A,1,0
17029,92147,SOCIAL,SO_GIFT_POETRY,贈詩、文,directed,,,0.5,primary,textid=40303,437,A,1,0
17029,92285,SOCIAL,SO_GIFT_POETRY,贈詩、文,directed,,,0.5,primary,textid=40303,437,A,0,1
17029,92704,SOCIAL,SO_GIFT_POETRY,贈詩、文,directed,,,0.5,primary,textid=40303,437,A,0,1
17029,92743,SOCIAL,SO_GIFT_POETRY,贈詩、文,directed,,,0.5,primary,textid=40303,437,A,1,0
17029,92864,SOCIAL,SO_GIFT_POETRY,贈詩、文,directed,,,0.5,primary,textid=40303,437,A,0,1
17029,93080,SOCIAL,SO_GIFT_POETRY,贈詩、文,directed,,,0.5,primary,textid=40303,437,A,1,0
17029,93093,SOCIAL,SO_GIFT_POETRY,贈詩、文,directed,,,0.5,primary,textid=40303,437,A,1,1
17029,93627,SOCIAL,SO_GIFT_POETRY,贈詩、文,directed,,,0.5,primary,textid=40303,437,A,1,1
17029,93785,SOCIAL,SO_GIFT_POETRY,贈詩、文,directed,,,0.5,primary,textid=40303,437,A,1,0
17029,94160,SOCIAL,SO_GIFT_POETRY,贈詩、文,directed,,,0.5,primary,textid=40303,437,A,1,0
17029,94227,SOCIAL,SO_GIFT_POETRY,贈詩、文,directed,,,0.5,primary,textid=40303,437,A,1,0
17029,94475,SOCIAL,SO_GIFT_POETRY,贈詩、文,directed,,,0.5,primary,textid=40303,437,A,0,1
17029,94484,SOCIAL,SO_GIFT_POETRY,贈詩、文,directed,,,0.5,primary,textid=40303,437,A,0,1
17029,94740,SOCIAL,SO_GIFT_POETRY,贈詩、文,directed,,,0.5,primary,textid=40303,437,A,1,1
17029,146237,SOCIAL,SO_GIFT_POETRY,贈詩、文,directed,,,0.5,primary,textid=40303,437,A,1,1
17029,177429,SOCIAL,SO_GIFT_POETRY,贈詩、文,directed,,,0.5,primary,textid=40303,437,A,0,1
17029,177679,SOCIAL,SO_GIFT_POETRY,贈詩、文,directed,,,0.5,primary,textid=40303,437,A,1,1
17029,187089,SOCIAL,SO_GIFT_POETRY,贈詩、文,directed,,,0.5,primary,textid=40303,437,A,1,1
17029,381233,SOCIAL,SO_GIFT_POETRY,贈詩、文,directed,,,0.5,primary,textid=40303,437,A,1,1
17029,439055,SOCIAL,SO_FRIEND,友,undirected,,,0.6,primary,textid=9602,9,M,1,1
17029,445798,SOCIAL,SO_GIFT_POETRY,贈詩、文,directed,,,0.5,primary,textid=40303,437,A,1,1
17029,446262,SOCIAL,SO_GIFT_POETRY,贈詩、文,directed,,,0.5,primary,textid=40303,437,A,1,1
17029,447213,SOCIAL,SO_GIFT_POETRY,贈詩、文,directed,,,0.5,primary,textid=40303,437,A,1,1
17029,449610,SOCIAL,SO_GIFT_POETRY,贈詩、文,directed,,,0.5,primary,textid=40303,437,A,1,1
17029,450312,SOCIAL,SO_GIFT_POETRY,贈詩、文,directed,,,0.5,primary,textid=40303,437,A,1,1
17029,450457,SOCIAL,SO_GIFT_POETRY,贈詩、文,directed,,,0.5,primary,textid=40303,437,A,0,1
17130,12259,SOCIAL,SO_GIFT_POETRY,贈詩、文,directed,,,0.5,primary,textid=40303,437,A,0,1
17130,32202,SOCIAL,SO_GIFT_POETRY,贈詩、文,directed,,,0.5,primary,textid=40303,437,A,0,1
17130,94871,SOCIAL,SO_GIFT_POETRY,贈詩、文,directed,,,0.5,primary,textid=40303,437,A,0,1
17137,3915,SOCIAL,SO_GIFT_POETRY,收到Y的贈詩、文,directed,,,0.5,primary,textid=40303,438,P,0,1
17137,15161,SOCIAL,SO_GIFT_POETRY,收到Y的贈詩、文,directed,,,0.5,primary,textid=40303,438,P,0,1
17137,30851,SOCIAL,SO_GIFT_POETRY,收到Y的贈詩、文,directed,,,0.5,primary,textid=40303,438,P,0,1
17137,32174,SOCIAL,SO_GIFT_POETRY,收到Y的贈詩、文,directed,,,0.5,primary,textid=40303,438,P,0,1
17137,33606,SOCIAL,SO_GIFT_POETRY,收到Y的贈詩、文,directed,,,0.5,primary,textid=40303,438,P,0,1
17137,93956,SOCIAL,SO_GIFT_POETRY,收到Y的贈詩、文,directed,,,0.5,primary,textid=40303,438,P,0,1
17137,195105,SOCIAL,SO_GIFT_POETRY,收到Y的贈詩、文,directed,,,0.5,primary,textid=40303,438,P,0,1
18636,13060,SOCIAL,SO_GIFT_POETRY,收到Y的贈詩、文,directed,,,0.5,primary,textid=40303,438,P,1,1
18636,19241,SOCIAL,SO_GIFT_POETRY,收到Y的贈詩、文,directed,,,0.5,primary,textid=40303,438,P,1,1
18636,139166,LITERARY,LI_EPITAPH,墓誌銘由Y所作,directed,645,,0.4,inferred,,43,P,1,1
19214,24645,SOCIAL,SO_GIFT_POETRY,贈詩、文,directed,,,0.5,primary,textid=40303,437,A,1,1
19214,450412,SOCIAL,SO_GIFT_POETRY,贈詩、文,directed,,,0.5,primary,textid=40303,437,A,0,1
19241,13060,KIN,K_PARENT,父,directed,,,1.0,inferred,,75,KIN,0,0
19241,18636,SOCIAL,SO_GIFT_POETRY,贈詩、文,directed,,,0.5,primary,textid=40303,437,A,0,1
19241,19242,KIN,K_CHILD,子,directed,,,1.0,inferred,,180,KIN,1,1
19241,19243,KIN,K_CHILD,子,directed,,,1.0,primary,textid=24309,180,KIN,1,1
19241,31066,KIN,K_PARENT,母,directed,,,1.0,inferred,,111,KIN,1,0
19241,31303,SOCIAL,SO_GIFT_POETRY,贈詩、文,directed,,,0.5,primary,textid=40303,437,A,0,1
19241,33859,SOCIAL,SO_GIFT_POETRY,贈詩、文,directed,,,0.5,primary,textid=40303,437,A,1,0
19241,92541,SOCIAL,SO_GIFT_POETRY,贈詩、文,directed,,,0.5,primary,textid=40303,437,A,1,1
19241,92577,SOCIAL,SO_GIFT_POETRY,贈詩、文,directed,,,0.5,primary,textid=40303,437,A,0,1
19241,92959,KIN,K_CHILD,子,directed,,,1.0,primary,textid=24309,180,KIN,1,1
19241,93663,KIN,K_SPOUSE,妻子,undirected,,,1.0,primary,舊唐書,135,KIN,1,0
19241,140204,KIN,K_OTHER,孫女,directed,,,0.7,primary,textid=32038,251,KIN,1,1
19241,187617,SOCIAL,SO_GIFT_POETRY,贈詩、文,directed,,,0.5,primary,textid=40303,437,A,0,1
19241,444850,SOCIAL,SO_GIFT_POETRY,贈詩、文,directed,,,0.5,primary,textid=40303,437,A,0,1
19241,444850,KIN,K_CHILD,女兒,directed,,,1.0,primary,舊唐書,176,KIN,1,1
19241,446768,SOCIAL,SO_GIFT_POETRY,贈詩、文,directed,,,0.5,primary,textid=40303,437,A,1,1
19241,450208,KIN,K_CHILD,女兒,directed,,,1.0,primary,新唐書,176,KIN,1,1
19242,11605,SOCIAL,SO_GIFT_POETRY,收到Y的贈詩、文,directed,,,0.5,primary,textid=40303,438,P,0,1
19242,19241,KIN,K_PARENT,父,directed,,,1.0,inferred,,75,KIN,0,1
19242,31407,SOCIAL,SO_GIFT_POETRY,收到Y的贈詩、文,directed,,,0.5,primary,textid=40303,438,P,0,1
19242,31560,SOCIAL,SO_GIFT_POETRY,收到Y的贈詩、文,directed,,,0.5,primary,textid=40303,438,P,0,1
19242,31575,SOCIAL,SO_GIFT_POETRY,收到Y的贈詩、文,directed,,,0.5,primary,textid=40303,438,P,0,1
19242,32198,SOCIAL,SO_GIFT_POETRY,收到Y的贈詩、文,directed,,,0.5,primary,textid=40303,438,P,0,1
19242,32593,SOCIAL,SO_GIFT_POETRY,收到Y的贈詩、文,directed,,,0.5,primary,textid=40303,438,P,0,1
19242,91931,SOCIAL,SO_GIFT_POETRY,收到Y的贈詩、文,directed,,,0.5,primary,textid=40303,438,P,0,1
19242,93663,KIN,K_PARENT,母,directed,,,1.0,inferred,,111,KIN,0,1
19242,444817,KIN,K_SPOUSE,丈夫,undirected,,,1.0,primary,舊唐書,134,KIN,1,1
19242,447292,SOCIAL,SO_GIFT_POETRY,收到Y的贈詩、文,directed,,,0.5,primary,textid=40303,438,P,0,1
19242,447292,KIN,K_CHILD,女兒,directed,,,1.0,primary,textid=40303,176,KIN,0,1
19243,19241,KIN,K_PARENT,父,directed,,,1.0,primary,textid=24309,75,KIN,0,1
19243,19244,KIN,K_CHILD,三子,directed,,,1.0,inferred,,184,KIN,0,1
19243,32198,SOCIAL,SO_GIFT_POETRY,收到Y的贈詩、文,directed,,,0.5,primary,textid=40303,438,P,0,1
19243,93663,POLITICAL,PO_SUPPORT,得到Y的擁立,directed,684,,0.5,primary,資治通鑑,263,P,0,1
19243,93663,KIN,K_PARENT,母,directed,,,1.0,inferred,,111,KIN,0,1
19244,12261,SOCIAL,SO_GIFT_POETRY,贈詩、文,directed,,,0.5,primary,textid=40303,437,A,0,1
19244,13060,SOCIAL,SO_GIFT_POETRY,收到Y的贈詩、文,directed,,,0.5,primary,textid=40303,438,P,1,0
19244,15353,SOCIAL,SO_GIFT_POETRY,贈詩、文,directed,,,0.5,primary,textid=40303,437,A,0,1
19244,19243,KIN,K_PARENT,父,directed,,,1.0,inferred,,75,KIN,1,1
19244,19245,KIN,K_CHILD,子,directed,,,1.0,inferred,,180,KIN,1,1
19244,22451,SOCIAL,SO_GIFT_POETRY,贈詩、文,directed,,,0.5,primary,textid=40303,437,A,0,1
19244,30846,SOCIAL,SO_GIFT_POETRY,贈詩、文,directed,,,0.5,primary,textid=40303,437,A,0,1
19244,31042,SOCIAL,SO_GIFT_POETRY,贈詩、文,directed,,,0.5,primary,textid=40303,437,A,0,1
19244,31046,SOCIAL,SO_GIFT_POETRY,贈詩、文,directed,,,0.5,primary,textid=40303,437,A,0,1
19244,31088,SOCIAL,SO_GIFT_POETRY,贈詩、文,directed,,,0.5,primary,textid=40303,437,A,0,1
19244,31158,SOCIAL,SO_GIFT_POETRY,贈詩、文,directed,,,0.5,primary,textid=40303,437,A,0,1
19244,31220,KIN,K_OTHER,妾之父,directed,,,0.7,inferred,,100,KIN,1,1
19244,31222,SOCIAL,SO_GIFT_POETRY,贈詩、文,directed,,,0.5,primary,textid=40303,437,A,0,0
19244,31222,KIN,K_OTHER,妾,directed,,,0.7,inferred,,168,KIN,0,0
19244,31222,KIN,K_SPOUSE,丈夫,undirected,,,1.0,inferred,,134,KIN,1,0
19244,31275,SOCIAL,SO_GIFT_POETRY,贈詩、文,directed,,,0.5,primary,textid=40303,437,A,1,0
19244,31321,SOCIAL,SO_GIFT_POETRY,贈詩、文,directed,,,0.5,primary,textid=40303,437,A,0,1
19244,31368,SOCIAL,SO_GIFT_POETRY,贈詩、文,directed,,,0.5,primary,textid=40303,437,A,0,1
19244,31369,SOCIAL,SO_GIFT_POETRY,贈詩、文,directed,,,0.5,primary,textid=40303,437,A,0,1
19244,31407,SOCIAL,SO_GIFT_POETRY,贈詩、文,directed,,,0.5,primary,textid=40303,437,A,1,0
19244,31453,SOCIAL,SO_GIFT_POETRY,贈詩、文,directed,,,0.5,primary,textid=40303,437,A,0,1
19244,31462,SOCIAL,SO_GIFT_POETRY,贈詩、文,directed,,,0.5,primary,textid=40303,437,A,0,1
19244,31592,SOCIAL,SO_GIFT_POETRY,贈詩、文,directed,,,0.5,primary,textid=40303,437,A,1,1
19244,31847,SOCIAL,SO_GIFT_POETRY,贈詩、文,directed,,,0.5,primary,textid=40303,437,A,1,1
19244,32085,SOCIAL,SO_GIFT_POETRY,贈詩、文,directed,,,0.5,primary,textid=40303,437,A,0,1
19244,32136,SOCIAL,SO_GIFT_POETRY,贈詩、文,directed,,,0.5,primary,textid=40303,437,A,0,1
19244,32189,SOCIAL,SO_GIFT_POETRY,贈詩、文,directed,,,0.5,primary,textid=40303,437,A,0,1
19244,32404,SOCIAL,SO_GIFT_POETRY,贈詩、文,directed,,,0.5,primary,textid=40303,437,A,0,1
19244,32540,POLITICAL,PO_ADMIRE,欣賞/器重,directed,,,0.5,primary,textid=25640,18,A,1,0
19244,32562,SOCIAL,SO_GIFT_POETRY,贈詩、文,directed,,,0.5,primary,textid=40303,437,A,0,1
19244,33026,SOCIAL,SO_GIFT_POETRY,贈詩、文,directed,,,0.5,primary,textid=40303,437,A,0,1
19244,92076,SOCIAL,SO_GIFT_POETRY,贈詩、文,directed,,,0.5,primary,textid=40303,437,A,1,1
19244,92120,SOCIAL,SO_GIFT_POETRY,贈詩、文,directed,,,0.5,primary,textid=40303,437,A,0,1
19244,92452,SOCIAL,SO_GIFT_POETRY,贈詩、文,directed,,,0.5,primary,textid=40303,437,A,1,0
19244,93476,SOCIAL,SO_GIFT_POETRY,贈詩、文,directed,,,0.5,primary,textid=40303,437,A,0,1
19244,93522,SOCIAL,SO_GIFT_POETRY,贈詩、文,directed,,,0.5,primary,textid=40303,437,A,0,1
19244,93603,SOCIAL,SO_GIFT_POETRY,贈詩、文,directed,,,0.5,primary,textid=40303,437,A,0,1
19244,93663,KIN,K_OTHER,祖母,directed,,,0.7,inferred,,370,KIN,1,0
19244,94475,SOCIAL,SO_GIFT_POETRY,贈詩、文,directed,,,0.5,primary,textid=40303,437,A,0,1
19244,94500,SOCIAL,SO_GIFT_POETRY,贈詩、文,directed,,,0.5,primary,textid=40303,437,A,0,1
19244,94549,SOCIAL,SO_GIFT_POETRY,贈詩、文,directed,,,0.5,primary,textid=40303,437,A,0,1
19244,94870,SOCIAL,SO_GIFT_POETRY,贈詩、文,directed,,,0.5,primary,textid=40303,437,A,0,1
19244,172582,KIN,K_AFFINAL,女婿,directed,,,0.7,primary,textid=32033,181,KIN,1,1
19244,174518,SOCIAL,SO_GIFT_POETRY,贈詩、文,directed,,,0.5,primary,textid=40303,437,A,0,1
19244,177103,KIN,K_AFFINAL,女婿,directed,,,0.7,primary,textid=32033,181,KIN,1,1
19244,179256,SOCIAL,SO_GIFT_POETRY,贈詩、文,directed,,,0.5,primary,textid=40303,437,A,0,1
19244,339631,SOCIAL,SO_GIFT_POETRY,贈詩、文,directed,,,0.5,primary,textid=40303,437,A,1,1
19244,376309,SOCIAL,SO_GIFT_POETRY,贈詩、文,directed,,,0.5,primary,textid=40303,437,A,1,1
19244,382863,SOCIAL,SO_GIFT_POETRY,贈詩、文,directed,,,0.5,primary,textid=40303,437,A,1,1
19244,445874,SOCIAL,SO_GIFT_POETRY,贈詩、文,directed,,,0.5,primary,textid=40303,437,A,0,1
19244,446517,SOCIAL,SO_GIFT_POETRY,贈詩、文,directed,,,0.5,primary,textid=40303,437,A,0,1
19244,446859,SOCIAL,SO_GIFT_POETRY,贈詩、文,directed,,,0.5,primary,textid=40303,437,A,0,1
19244,448226,SOCIAL,SO_GIFT_POETRY,贈詩、文,directed,,,0.5,primary,textid=40303,437,A,1,1
19244,448454,KIN,K_PARENT,父,directed,,,1.0,primary,textid=40303,75,KIN,1,1
19244,448463,SOCIAL,SO_GIFT_POETRY,贈詩、文,directed,,,0.5,primary,textid=40303,437,A,1,1
19244,448894,SOCIAL,SO_GIFT_POETRY,贈詩、文,directed,,,0.5,primary,textid=40303,437,A,0,1
19244,449754,SOCIAL,SO_GIFT_POETRY,贈詩、文,directed,,,0.5,primary,textid=40303,437,A,0,1
19245,3915,SOCIAL,SO_GIFT_POETRY,收到Y的贈詩、文,directed,,,0.5,primary,textid=40303,438,P,0,1
19245,19244,KIN,K_PARENT,父,directed,,,1.0,inferred,,75,KIN,0,1
19245,32174,POLITICAL,PO_ADMIRE,被Y欣賞/器重,directed,,,0.5,primary,舊唐書,17,P,1,1
19245,32847,SOCIAL,SO_GIFT_POETRY,收到Y的贈詩、文,directed,,,0.5,primary,textid=40303,438,P,1,1
19254,32114,SOCIAL,SO_GIFT_POETRY,贈詩、文,directed,,,0.5,primary,textid=40303,437,A,1,1
19254,32225,SOCIAL,SO_GIFT_POETRY,贈詩、文,directed,,,0.5,primary,textid=40303,437,A,0,1
19254,32227,SOCIAL,SO_GIFT_POETRY,贈詩、文,directed,,,0.5,primary,textid=40303,437,A,1,0
19254,93894,KIN,K_AFFINAL,女婿,directed,,,0.7,primary,textid=32033,181,KIN,1,1
19254,95066,SOCIAL,SO_GIFT_POETRY,贈詩、文,directed,,,0.5,primary,textid=40303,437,A,0,1
19254,176037,SOCIAL,SO_GIFT_POETRY,贈詩、文,directed,,,0.5,primary,textid=40303,437,A,0,1
19254,176815,SOCIAL,SO_GIFT_POETRY,贈詩、文,directed,,,0.5,primary,textid=40303,437,A,0,1
19254,184921,SOCIAL,SO_GIFT_POETRY,贈詩、文,directed,,,0.5,primary,textid=40303,437,A,0,1
19756,13060,KIN,K_PARENT,父,directed,,,1.0,inferred,,75,KIN,0,1
19756,188616,KIN,K_CHILD,子,directed,,,1.0,primary,textid=32033,180,KIN,0,1
20876,32672,SOCIAL,SO_GIFT_POETRY,贈詩、文,directed,,,0.5,primary,textid=40303,437,A,1,1
20879,21194,SOCIAL,SO_GIFT_POETRY,收到Y的贈詩、文,directed,,,0.5,primary,textid=40303,438,P,0,1
20879,32583,SOCIAL,SO_GIFT_POETRY,收到Y的贈詩、文,directed,,,0.5,primary,textid=40303,438,P,0,1
21187,13624,SOCIAL,SO_GIFT_POETRY,收到Y的贈詩、文,directed,,,0.5,primary,textid=40303,438,P,0,1
21187,94271,SOCIAL,SO_GIFT_POETRY,收到Y的贈詩、文,directed,,,0.5,primary,textid=40303,438,P,0,1
21194,3332,SOCIAL,SO_GIFT_POETRY,收到Y的贈詩、文,directed,,,0.5,primary,textid=40303,438,P,1,0
21194,3915,SOCIAL,SO_GIFT_POETRY,收到Y的贈詩、文,directed,,,0.5,primary,textid=40303,438,P,1,0
21194,3927,KIN,K_OTHER,祖父,directed,,,0.7,primary,textid=24309,62,KIN,1,1
21194,10649,SOCIAL,SO_GIFT_POETRY,贈詩、文,directed,,,0.5,primary,textid=40303,437,A,1,1
21194,15161,SOCIAL,SO_GIFT_POETRY,收到Y的贈詩、文,directed,,,0.5,primary,textid=40303,438,P,1,0
21194,15610,SOCIAL,SO_GIFT_POETRY,收到Y的贈詩、文,directed,,,0.5,primary,textid=40303,438,P,1,0
21194,19254,SOCIAL,SO_GIFT_POETRY,收到Y的贈詩、文,directed,,,0.5,primary,textid=40303,438,P,1,0
21194,20879,SOCIAL,SO_GIFT_POETRY,贈詩、文,directed,,,0.5,primary,textid=40303,437,A,1,1
21194,31999,SOCIAL,SO_GIFT_POETRY,贈詩、文,directed,,,0.5,primary,textid=40303,437,A,1,1
21194,32054,LITERARY,LI_EPITAPH,為Y作墓誌銘,directed,852,,0.4,inferred,,44,A,1,0
21194,32054,SOCIAL,SO_GIFT_POETRY,贈詩、文,directed,,,0.5,primary,textid=40303,437,A,0,0
21194,32114,SOCIAL,SO_GIFT_POETRY,贈詩、文,directed,,,0.5,primary,textid=40303,437,A,1,1
21194,32225,SOCIAL,SO_GIFT_POETRY,贈詩、文,directed,,,0.5,primary,textid=40303,437,A,1,1
21194,32644,COLLEAGUE,CL_MULIAO,為Y之幕僚,directed,,,0.8,inferred,,66,A,1,1
21194,32644,SOCIAL,SO_GIFT_POETRY,贈詩、文,directed,,,0.5,primary,textid=40303,437,A,0,1
21194,33485,LITERARY,LI_PREAMBLE,為Y所著書作序,directed,852,,0.4,inferred,,32,A,1,0
21194,34916,KIN,K_CHILD,子,directed,,,1.0,inferred,,180,KIN,1,0
21194,92061,SOCIAL,SO_GIFT_POETRY,贈詩、文,directed,,,0.5,primary,textid=40303,437,A,1,1
21194,92133,SOCIAL,SO_GIFT_POETRY,贈詩、文,directed,,,0.5,primary,textid=40303,437,A,1,1
21194,92743,SOCIAL,SO_GIFT_POETRY,贈詩、文,directed,,,0.5,primary,textid=40303,437,A,1,0
21194,93093,SOCIAL,SO_GIFT_POETRY,贈詩、文,directed,,,0.5,primary,textid=40303,437,A,1,1
21194,93104,SOCIAL,SO_GIFT_POETRY,贈詩、文,directed,,,0.5,primary,textid=40303,437,A,1,1
21194,93311,SOCIAL,SO_GIFT_POETRY,贈詩、文,directed,,,0.5,primary,textid=40303,437,A,1,1
21194,93476,SOCIAL,SO_GIFT_POETRY,贈詩、文,directed,,,0.5,primary,textid=40303,437,A,1,1
21194,94018,SOCIAL,SO_GIFT_POETRY,贈詩、文,directed,,,0.5,primary,textid=40303,437,A,1,1
21194,94860,SOCIAL,SO_GIFT_POETRY,贈詩、文,directed,,,0.5,primary,textid=40303,437,A,1,1
21194,94935,SOCIAL,SO_GIFT_POETRY,贈詩、文,directed,,,0.5,primary,textid=40303,437,A,1,1
21194,95068,SOCIAL,SO_CHANGHE,相唱和,undirected,,,0.6,primary,textid=9601,114,M,1,0
21194,169209,SOCIAL,SO_GIFT_POETRY,贈詩、文,directed,,,0.5,primary,textid=40303,437,A,1,1
21194,173741,SOCIAL,SO_GIFT_POETRY,贈詩、文,directed,,,0.5,primary,textid=40303,437,A,1,1
21194,175289,SOCIAL,SO_GIFT_POETRY,贈詩、文,directed,,,0.5,primary,textid=40303,437,A,1,1
21194,175810,SOCIAL,SO_GIFT_POETRY,贈詩、文,directed,,,0.5,primary,textid=40303,437,A,1,1
21194,176037,SOCIAL,SO_GIFT_POETRY,贈詩、文,directed,,,0.5,primary,textid=40303,437,A,1,1
21194,176815,SOCIAL,SO_GIFT_POETRY,贈詩、文,directed,,,0.5,primary,textid=40303,437,A,1,1
21194,177429,SOCIAL,SO_GIFT_POETRY,贈詩、文,directed,,,0.5,primary,textid=40303,437,A,0,1
21194,186899,SOCIAL,SO_GIFT_POETRY,贈詩、文,directed,,,0.5,primary,textid=40303,437,A,1,1
21194,187046,SOCIAL,SO_GIFT_POETRY,贈詩、文,directed,,,0.5,primary,textid=40303,437,A,1,1
21194,187089,SOCIAL,SO_GIFT_POETRY,贈詩、文,directed,,,0.5,primary,textid=40303,437,A,1,1
21194,188499,SOCIAL,SO_GIFT_POETRY,贈詩、文,directed,,,0.5,primary,textid=40303,437,A,1,1
21194,380654,SOCIAL,SO_GIFT_POETRY,贈詩、文,directed,,,0.5,primary,textid=40303,437,A,1,1
21194,439055,SOCIAL,SO_FRIEND,友,undirected,,,0.6,primary,textid=9602,9,M,1,1
21194,446168,SOCIAL,SO_GIFT_POETRY,贈詩、文,directed,,,0.5,primary,textid=40303,437,A,1,1
21194,446206,SOCIAL,SO_GIFT_POETRY,贈詩、文,directed,,,0.5,primary,textid=40303,437,A,1,1
21194,446579,SOCIAL,SO_GIFT_POETRY,贈詩、文,directed,,,0.5,primary,textid=40303,437,A,1,1
21194,446704,SOCIAL,SO_GIFT_POETRY,贈詩、文,directed,,,0.5,primary,textid=40303,437,A,1,1
21194,447485,SOCIAL,SO_GIFT_POETRY,贈詩、文,directed,,,0.5,primary,textid=40303,437,A,1,1
21194,447489,SOCIAL,SO_GIFT_POETRY,贈詩、文,directed,,,0.5,primary,textid=40303,437,A,1,1
21194,447701,SOCIAL,SO_GIFT_POETRY,贈詩、文,directed,,,0.5,primary,textid=40303,437,A,1,1
21194,447721,SOCIAL,SO_GIFT_POETRY,贈詩、文,directed,,,0.5,primary,textid=40303,437,A,1,1
21194,448033,SOCIAL,SO_GIFT_POETRY,贈詩、文,directed,,,0.5,primary,textid=40303,437,A,1,1
21194,449589,SOCIAL,SO_GIFT_POETRY,贈詩、文,directed,,,0.5,primary,textid=40303,437,A,1,1
21194,450314,SOCIAL,SO_GIFT_POETRY,贈詩、文,directed,,,0.5,primary,textid=40303,437,A,1,1
21194,450670,SOCIAL,SO_GIFT_POETRY,贈詩、文,directed,,,0.5,primary,textid=40303,437,A,1,1
21751,30978,SOCIAL,SO_GIFT_POETRY,贈詩、文,directed,,,0.5,primary,textid=40303,437,A,1,1
21751,33606,SOCIAL,SO_GIFT_POETRY,贈詩、文,directed,,,0.5,primary,textid=40303,437,A,1,0
21751,92196,SOCIAL,SO_GIFT_POETRY,贈詩、文,directed,,,0.5,primary,textid=40303,437,A,1,1
21751,92751,SOCIAL,SO_GIFT_POETRY,贈詩、文,directed,,,0.5,primary,textid=40303,437,A,0,1
21751,93093,SOCIAL,SO_GIFT_POETRY,贈詩、文,directed,,,0.5,primary,textid=40303,437,A,1,1
21751,439055,SOCIAL,SO_FRIEND,友,undirected,,,0.6,primary,textid=9602,9,M,1,1
21751,447567,SOCIAL,SO_GIFT_POETRY,贈詩、文,directed,,,0.5,primary,textid=40303,437,A,1,0
21751,450035,SOCIAL,SO_GIFT_POETRY,贈詩、文,directed,,,0.5,primary,textid=40303,437,A,1,1
22057,17130,SOCIAL,SO_GIFT_POETRY,收到Y的贈詩、文,directed,,,0.5,primary,textid=40303,438,P,1,0
22057,446062,SOCIAL,SO_GIFT_POETRY,贈詩、文,directed,,,0.5,primary,textid=40303,437,A,1,1
22436,3605,SOCIAL,SO_GIFT_POETRY,收到Y的贈詩、文,directed,,,0.5,primary,textid=40303,438,P,0,1
22436,13624,SOCIAL,SO_GIFT_POETRY,收到Y的贈詩、文,directed,,,0.5,primary,textid=40303,438,P,1,1
22436,22469,LITERARY,LI_EPITAPH,墓誌銘由Y所作,directed,821,,0.4,inferred,,43,P,0,1
22436,24654,SOCIAL,SO_GIFT_POETRY,收到Y的贈詩、文,directed,,,0.5,primary,textid=40303,438,P,0,1
22436,32227,SOCIAL,SO_GIFT_POETRY,收到Y的贈詩、文,directed,,,0.5,primary,textid=40303,438,P,0,1
22436,33566,SOCIAL,SO_GIFT_POETRY,收到Y的贈詩、文,directed,,,0.5,primary,textid=40303,438,P,0,1
22436,33606,SOCIAL,SO_GIFT_POETRY,收到Y的贈詩、文,directed,,,0.5,primary,textid=40303,438,P,0,1
22436,92743,SOCIAL,SO_GIFT_POETRY,收到Y的贈詩、文,directed,,,0.5,primary,textid=40303,438,P,0,1
22451,19244,SOCIAL,SO_GIFT_POETRY,收到Y的贈詩、文,directed,,,0.5,primary,textid=40303,438,P,1,1
22451,31407,SOCIAL,SO_GIFT_POETRY,收到Y的贈詩、文,directed,,,0.5,primary,textid=40303,438,P,1,1
22451,32174,SOCIAL,SO_CHANGHE,相唱和,undirected,737,,0.6,primary,textid=60019,114,M,1,1
22469,3332,TEACHER_STUDENT,TS_STUDENT,學生為Y,directed,,,0.8,primary,textid=9602,23,P,0,0
22469,3332,KIN,K_OTHER,妻之叔伯,directed,,,0.7,primary,textid=24309,80,KIN,0,0
22469,22436,LITERARY,LI_EPITAPH,為Y作墓誌銘,directed,835,,0.4,inferred,,44,A,1,1
22469,24655,LITERARY,LI_EPITAPH,為Y作墓誌銘,directed,835,,0.4,inferred,,44,A,1,1
22469,32937,LITERARY,LI_EPITAPH,為Y作墓誌銘,directed,835,,0.4,inferred,,44,A,1,1
22469,93071,SOCIAL,SO_GIFT_POETRY,贈詩、文,directed,,,0.5,primary,textid=40303,437,A,1,1
22469,93952,SOCIAL,SO_GIFT_POETRY,贈詩、文,directed,,,0.5,primary,textid=40303,437,A,1,0
22469,94324,SOCIAL,SO_GIFT_POETRY,贈詩、文,directed,,,0.5,primary,textid=40303,437,A,0,1
22469,184472,SOCIAL,SO_GIFT_POETRY,贈詩、文,directed,,,0.5,primary,textid=40303,437,A,0,1
22469,446450,SOCIAL,SO_GIFT_POETRY,贈詩、文,directed,,,0.5,primary,textid=40303,437,A,1,1
22559,24412,SOCIAL,SO_GIFT_POETRY,收到Y的贈詩、文,directed,,,0.5,primary,textid=40303,438,P,0,1
22559,24654,SOCIAL,SO_GIFT_POETRY,收到Y的贈詩、文,directed,,,0.5,primary,textid=40303,438,P,1,1
22559,32227,SOCIAL,SO_GIFT_POETRY,收到Y的贈詩、文,directed,,,0.5,primary,textid=40303,438,P,0,1
22559,32227,KIN,K_OTHER,妹夫,directed,,,0.7,primary,textid=24860,159,KIN,0,1
22559,33606,SOCIAL,SO_GIFT_POETRY,收到Y的贈詩、文,directed,,,0.5,primary,textid=40303,438,P,0,1
22559,94160,SOCIAL,SO_GIFT_POETRY,收到Y的贈詩、文,directed,,,0.5,primary,textid=40303,438,P,0,1
22559,94227,SOCIAL,SO_GIFT_POETRY,收到Y的贈詩、文,directed,,,0.5,primary,textid=40303,438,P,0,1
22560,24412,SOCIAL,SO_GIFT_POETRY,收到Y的贈詩、文,directed,,,0.5,primary,textid=40303,438,P,0,1
22560,32227,SOCIAL,SO_FRIEND,友,undirected,,,0.6,primary,白氏長慶集,9,M,0,1
22560,32227,LITERARY,LI_LETTER,被致書由Y,directed,816,,0.4,inferred,,430,P,0,1
22560,32227,SOCIAL,SO_GIFT_POETRY,收到Y的贈詩、文,directed,,,0.5,primary,textid=40303,438,P,0,1
22560,32227,KIN,K_OTHER,族姊妹之夫,directed,,,0.7,primary,白氏長慶集,321,KIN,0,1
22560,33606,SOCIAL,SO_GIFT_POETRY,收到Y的贈詩、文,directed,,,0.5,primary,textid=40303,438,P,0,1
22560,92743,SOCIAL,SO_GIFT_POETRY,收到Y的贈詩、文,directed,,,0.5,primary,textid=40303,438,P,0,1
22560,94160,SOCIAL,SO_GIFT_POETRY,收到Y的贈詩、文,directed,,,0.5,primary,textid=40303,438,P,0,1
22572,3332,SOCIAL,SO_GIFT_POETRY,收到Y的贈詩、文,directed,,,0.5,primary,textid=40303,438,P,0,1
22572,3605,SOCIAL,SO_GIFT_POETRY,收到Y的贈詩、文,directed,,,0.5,primary,textid=40303,438,P,0,1
22572,3605,KIN,K_AFFINAL,女婿,directed,,,0.7,inferred,,181,KIN,0,1
22572,13575,SOCIAL,SO_GIFT_POETRY,收到Y的贈詩、文,directed,,,0.5,primary,textid=40303,438,P,0,1
22572,33606,SOCIAL,SO_GIFT_POETRY,收到Y的贈詩、文,directed,,,0.5,primary,textid=40303,438,P,0,1
22572,92516,SOCIAL,SO_GIFT_POETRY,收到Y的贈詩、文,directed,,,0.5,primary,textid=40303,438,P,0,1
22572,95025,SOCIAL,SO_GIFT_POETRY,收到Y的贈詩、文,directed,,,0.5,primary,textid=40303,438,P,1,1
22793,13060,SOCIAL,SO_GIFT_POETRY,收到Y的贈詩、文,directed,,,0.5,primary,textid=40303,438,P,0,0
22793,92269,KIN,K_OTHER,妹夫,directed,,,0.7,primary,textid=24309,159,KIN,1,1
22793,93013,SOCIAL,SO_GIFT_POETRY,贈詩、文,directed,,,0.5,primary,textid=40303,437,A,1,1
24412,3332,SOCIAL,SO_GIFT_POETRY,收到Y的贈詩、文,directed,,,0.5,primary,textid=40303,438,P,1,0
24412,3915,SOCIAL,SO_GIFT_POETRY,收到Y的贈詩、文,directed,,,0.5,primary,textid=40303,438,P,1,0
24412,15161,SOCIAL,SO_GIFT_POETRY,收到Y的贈詩、文,directed,,,0.5,primary,textid=40303,438,P,1,0
24412,21194,SOCIAL,SO_GIFT_POETRY,收到Y的贈詩、文,directed,,,0.5,primary,textid=40303,438,P,1,0
24412,22559,SOCIAL,SO_GIFT_POETRY,贈詩、文,directed,,,0.5,primary,textid=40303,437,A,1,1
24412,22560,SOCIAL,SO_GIFT_POETRY,贈詩、文,directed,,,0.5,primary,textid=40303,437,A,1,1
24412,32054,SOCIAL,SO_GIFT_POETRY,贈詩、文,directed,,,0.5,primary,textid=40303,437,A,1,0
24412,32227,LITERARY,LI_EPITAPH,為Y作墓誌銘,directed,858,,0.4,inferred,,44,A,1,0
24412,32980,SOCIAL,SO_GIFT_POETRY,贈詩、文,directed,,,0.5,primary,textid=40303,437,A,1,0
24412,32985,SOCIAL,SO_GIFT_POETRY,贈詩、文,directed,,,0.5,primary,textid=40303,437,A,1,0
24412,33485,SOCIAL,SO_GIFT_POETRY,贈詩、文,directed,,,0.5,primary,textid=40303,437,A,1,0
24412,92196,SOCIAL,SO_GIFT_POETRY,贈詩、文,directed,,,0.5,primary,textid=40303,437,A,1,1
24412,93189,SOCIAL,SO_GIFT_POETRY,贈詩、文,directed,,,0.5,primary,textid=40303,437,A,1,1
24412,93311,SOCIAL,SO_GIFT_POETRY,贈詩、文,directed,,,0.5,primary,textid=40303,437,A,1,1
24412,94714,SOCIAL,SO_GIFT_POETRY,贈詩、文,directed,,,0.5,primary,textid=40303,437,A,1,1
24412,94717,SOCIAL,SO_GIFT_POETRY,贈詩、文,directed,,,0.5,primary,textid=40303,437,A,1,0
24412,94740,SOCIAL,SO_GIFT_POETRY,贈詩、文,directed,,,0.5,primary,textid=40303,437,A,0,1
24412,95066,SOCIAL,SO_GIFT_POETRY,贈詩、文,directed,,,0.5,primary,textid=40303,437,A,0,1
24412,175493,SOCIAL,SO_GIFT_POETRY,贈詩、文,directed,,,0.5,primary,textid=40303,437,A,1,1
24412,176037,SOCIAL,SO_GIFT_POETRY,贈詩、文,directed,,,0.5,primary,textid=40303,437,A,1,1
24412,178775,SOCIAL,SO_GIFT_POETRY,贈詩、文,directed,,,0.5,primary,textid=40303,437,A,1,1
24412,183943,SOCIAL,SO_GIFT_POETRY,贈詩、文,directed,,,0.5,primary,textid=40303,437,A,1,1
24412,187089,SOCIAL,SO_GIFT_POETRY,贈詩、文,directed,,,0.5,primary,textid=40303,437,A,0,1
24412,188499,SOCIAL,SO_GIFT_POETRY,贈詩、文,directed,,,0.5,primary,textid=40303,437,A,1,1
24412,189491,SOCIAL,SO_GIFT_POETRY,贈詩、文,directed,,,0.5,primary,textid=40303,437,A,1,1
24412,445603,SOCIAL,SO_GIFT_POETRY,贈詩、文,directed,,,0.5,primary,textid=40303,437,A,1,1
24412,446307,SOCIAL,SO_GIFT_POETRY,贈詩、文,directed,,,0.5,primary,textid=40303,437,A,1,1
24412,446812,SOCIAL,SO_GIFT_POETRY,贈詩、文,directed,,,0.5,primary,textid=40303,437,A,1,1
24412,447567,SOCIAL,SO_GIFT_POETRY,贈詩、文,directed,,,0.5,primary,textid=40303,437,A,1,0
24412,447701,SOCIAL,SO_GIFT_POETRY,贈詩、文,directed,,,0.5,primary,textid=40303,437,A,1,1
24412,447721,SOCIAL,SO_GIFT_POETRY,贈詩、文,directed,,,0.5,primary,textid=40303,437,A,1,1
24412,447952,SOCIAL,SO_GIFT_POETRY,贈詩、文,directed,,,0.5,primary,textid=40303,437,A,1,1
24412,448287,SOCIAL,SO_GIFT_POETRY,贈詩、文,directed,,,0.5,primary,textid=40303,437,A,1,1
24412,448454,SOCIAL,SO_GIFT_POETRY,贈詩、文,directed,,,0.5,primary,textid=40303,437,A,1,1
24412,448620,SOCIAL,SO_GIFT_POETRY,贈詩、文,directed,,,0.5,primary,textid=40303,437,A,1,1
24412,448891,SOCIAL,SO_GIFT_POETRY,贈詩、文,directed,,,0.5,primary,textid=40303,437,A,1,1
24412,448972,SOCIAL,SO_GIFT_POETRY,贈詩、文,directed,,,0.5,primary,textid=40303,437,A,1,1
24412,449121,SOCIAL,SO_GIFT_POETRY,贈詩、文,directed,,,0.5,primary,textid=40303,437,A,1,1
24412,449434,SOCIAL,SO_GIFT_POETRY,贈詩、文,directed,,,0.5,primary,textid=40303,437,A,1,1
24412,449791,SOCIAL,SO_GIFT_POETRY,贈詩、文,directed,,,0.5,primary,textid=40303,437,A,1,1
24412,450264,SOCIAL,SO_GIFT_POETRY,贈詩、文,directed,,,0.5,primary,textid=40303,437,A,1,1
24412,450650,SOCIAL,SO_GIFT_POETRY,贈詩、文,directed,,,0.5,primary,textid=40303,437,A,1,1
24412,450665,SOCIAL,SO_GIFT_POETRY,贈詩、文,directed,,,0.5,primary,textid=40303,437,A,1,1
24645,19214,SOCIAL,SO_GIFT_POETRY,收到Y的贈詩、文,directed,,,0.5,primary,textid=40303,438,P,0,1
24645,31322,SOCIAL,SO_GIFT_POETRY,收到Y的贈詩、文,directed,,,0.5,primary,textid=40303,438,P,0,1
24645,31367,SOCIAL,SO_GIFT_POETRY,收到Y的贈詩、文,directed,,,0.5,primary,textid=40303,438,P,0,1
24645,31407,SOCIAL,SO_GIFT_POETRY,收到Y的贈詩、文,directed,,,0.5,primary,textid=40303,438,P,0,1
24645,31560,SOCIAL,SO_GIFT_POETRY,收到Y的贈詩、文,directed,,,0.5,primary,textid=40303,438,P,0,1
24645,31575,SOCIAL,SO_GIFT_POETRY,收到Y的贈詩、文,directed,,,0.5,primary,textid=40303,438,P,0,1
24645,32198,SOCIAL,SO_GIFT_POETRY,收到Y的贈詩、文,directed,,,0.5,primary,textid=40303,438,P,0,1
24645,93663,KIN,K_UNCLE_AUNT,姑母,directed,,,0.7,primary,textid=24309,331,KIN,0,1
24654,3480,SOCIAL,SO_GIFT_POETRY,贈詩、文,directed,,,0.5,primary,textid=40303,437,A,0,1
24654,3605,COLLEAGUE,CL_SUPERIOR,上司為Y,directed,804,,0.8,inferred,,481,P,1,0
24654,13628,SOCIAL,SO_GIFT_POETRY,贈詩、文,directed,,,0.5,primary,textid=40303,437,A,0,1
24654,13629,SOCIAL,SO_GIFT_POETRY,贈詩、文,directed,,,0.5,primary,textid=40303,437,A,1,1
24654,22436,SOCIAL,SO_GIFT_POETRY,贈詩、文,directed,,,0.5,primary,textid=40303,437,A,1,1
24654,22559,SOCIAL,SO_GIFT_POETRY,贈詩、文,directed,,,0.5,primary,textid=40303,437,A,0,1
24654,24655,KIN,K_OTHER,從弟,directed,,,0.7,primary,textid=24309,130,KIN,1,1
24654,30976,SOCIAL,SO_GIFT_POETRY,贈詩、文,directed,,,0.5,primary,textid=40303,437,A,1,1
24654,32641,SOCIAL,SO_GIFT_POETRY,贈詩、文,directed,,,0.5,primary,textid=40303,437,A,1,1
24654,32760,SOCIAL,SO_GIFT_POETRY,贈詩、文,directed,,,0.5,primary,textid=40303,437,A,1,1
24654,33104,SOCIAL,SO_GIFT_POETRY,贈詩、文,directed,,,0.5,primary,textid=40303,437,A,0,1
24654,33153,SOCIAL,SO_GIFT_POETRY,贈詩、文,directed,,,0.5,primary,textid=40303,437,A,0,1
24654,33487,SOCIAL,SO_GIFT_POETRY,贈詩、文,directed,,,0.5,primary,textid=40303,437,A,0,1
24654,33588,SOCIAL,SO_GIFT_POETRY,贈詩、文,directed,,,0.5,primary,textid=40303,437,A,1,1
24654,92541,SOCIAL,SO_GIFT_POETRY,贈詩、文,directed,,,0.5,primary,textid=40303,437,A,1,1
24654,92814,SOCIAL,SO_GIFT_POETRY,贈詩、文,directed,,,0.5,primary,textid=40303,437,A,1,1
24654,92999,SOCIAL,SO_GIFT_POETRY,贈詩、文,directed,,,0.5,primary,textid=40303,437,A,1,1
24654,93139,SOCIAL,SO_GIFT_POETRY,贈詩、文,directed,,,0.5,primary,textid=40303,437,A,0,1
24654,93189,SOCIAL,SO_GIFT_POETRY,贈詩、文,directed,,,0.5,primary,textid=40303,437,A,0,1
24654,93671,SOCIAL,SO_GIFT_POETRY,贈詩、文,directed,,,0.5,primary,textid=40303,437,A,1,1
24654,94888,SOCIAL,SO_GIFT_POETRY,贈詩、文,directed,,,0.5,primary,textid=40303,437,A,1,1
24654,94941,SOCIAL,SO_GIFT_POETRY,贈詩、文,directed,,,0.5,primary,textid=40303,437,A,1,1
24654,156023,SOCIAL,SO_GIFT_POETRY,贈詩、文,directed,,,0.5,primary,textid=40303,437,A,1,1
24654,189569,SOCIAL,SO_GIFT_POETRY,贈詩、文,directed,,,0.5,primary,textid=40303,437,A,1,1
24654,382253,SOCIAL,SO_GIFT_POETRY,贈詩、文,directed,,,0.5,primary,textid=40303,437,A,1,1
24654,445530,SOCIAL,SO_GIFT_POETRY,贈詩、文,directed,,,0.5,primary,textid=40303,437,A,1,1
24654,447735,SOCIAL,SO_GIFT_POETRY,贈詩、文,directed,,,0.5,primary,textid=40303,437,A,1,1
24654,448900,SOCIAL,SO_GIFT_POETRY,贈詩、文,directed,,,0.5,primary,textid=40303,437,A,1,1
24654,449569,SOCIAL,SO_GIFT_POETRY,贈詩、文,directed,,,0.5,primary,textid=40303,437,A,1,1
24655,22469,LITERARY,LI_EPITAPH,墓誌銘由Y所作,directed,824,,0.4,inferred,,43,P,0,1
24655,24654,KIN,K_OTHER,從兄,directed,,,0.7,primary,textid=24309,131,KIN,0,1
24691,13624,LITERARY,LI_EPITAPH,墓誌銘由Y所作,directed,759,,0.4,inferred,,43,P,0,1
24691,13624,SOCIAL,SO_GIFT_POETRY,收到Y的贈詩、文,directed,,,0.5,primary,textid=40303,438,P,0,1
24691,32248,SOCIAL,SO_GIFT_POETRY,收到Y的贈詩、文,directed,,,0.5,primary,textid=40303,438,P,0,1
24691,32917,SOCIAL,SO_GIFT_POETRY,收到Y的贈詩、文,directed,,,0.5,primary,textid=40303,438,P,0,1
24691,93246,SOCIAL,SO_GIFT_POETRY,收到Y的贈詩、文,directed,,,0.5,primary,textid=40303,438,P,0,1
24691,94271,SOCIAL,SO_GIFT_POETRY,收到Y的贈詩、文,directed,,,0.5,primary,textid=40303,438,P,0,1
26935,19244,SOCIAL,SO_GIFT_POETRY,收到Y的贈詩、文,directed,,,0.5,primary,textid=40303,438,P,1,0
26935,32404,SOCIAL,SO_GIFT_POETRY,贈詩、文,directed,,,0.5,primary,textid=40303,437,A,0,1
26935,94160,KIN,K_OTHER,孫,directed,,,0.7,primary,textid=24309,243,KIN,1,0
30586,139166,KIN,K_PARENT,父,directed,,,1.0,inferred,,75,KIN,0,1
30846,19244,SOCIAL,SO_GIFT_POETRY,收到Y的贈詩、文,directed,,,0.5,primary,textid=40303,438,P,1,1
30846,31222,SOCIAL,SO_GIFT_POETRY,收到Y的贈詩、文,directed,,,0.5,primary,textid=40303,438,P,1,1
30846,33566,SOCIAL,SO_GIFT_POETRY,收到Y的贈詩、文,directed,,,0.5,primary,textid=40303,438,P,1,1
30851,3129,SOCIAL,SO_GIFT_POETRY,贈詩、文,directed,,,0.5,primary,textid=40303,437,A,0,1
30851,3129,COLLEAGUE,CL_RECOMMEND,推薦,directed,749,,0.7,inferred,,13,A,0,1
30851,3840,SOCIAL,SO_GIFT_POETRY,收到Y的贈詩、文,directed,,,0.5,primary,textid=40303,438,P,1,0
30851,3915,SOCIAL,SO_GIFT_POETRY,收到Y的贈詩、文,directed,,,0.5,primary,textid=40303,438,P,0,0
30851,15610,SOCIAL,SO_GIFT_POETRY,收到Y的贈詩、文,directed,,,0.5,primary,textid=40303,438,P,1,0
30851,17137,SOCIAL,SO_GIFT_POETRY,贈詩、文,directed,,,0.5,primary,textid=40303,437,A,1,1
30851,31088,SOCIAL,SO_GIFT_POETRY,贈詩、文,directed,,,0.5,primary,textid=40303,437,A,1,1
30851,31592,SOCIAL,SO_GIFT_POETRY,贈詩、文,directed,,,0.5,primary,textid=40303,437,A,1,1
30851,32165,SOCIAL,SO_GIFT_POETRY,贈詩、文,directed,,,0.5,primary,textid=40303,437,A,1,1
30851,32534,SOCIAL,SO_GIFT_POETRY,贈詩、文,directed,,,0.5,primary,textid=40303,437,A,1,0
30851,32540,SOCIAL,SO_TONGYOU,與Y旅遊,undirected,,,0.5,inferred,,555,M,1,0
30851,32562,SOCIAL,SO_GIFT_POETRY,贈詩、文,directed,,,0.5,primary,textid=40303,437,A,1,1
30851,32575,SOCIAL,SO_GIFT_POETRY,贈詩、文,directed,,,0.5,primary,textid=40303,437,A,1,1
30851,32694,SOCIAL,SO_GIFT_POETRY,贈詩、文,directed,,,0.5,primary,textid=40303,437,A,0,1
30851,33062,SOCIAL,SO_GIFT_POETRY,贈詩、文,directed,,,0.5,primary,textid=40303,437,A,1,0
30851,33638,SOCIAL,SO_GIFT_POETRY,贈詩、文,directed,,,0.5,primary,textid=40303,437,A,1,1
30851,92665,SOCIAL,SO_GIFT_POETRY,贈詩、文,directed,,,0.5,primary,textid=40303,437,A,1,1
30851,93022,SOCIAL,SO_GIFT_POETRY,贈詩、文,directed,,,0.5,primary,textid=40303,437,A,1,1
30851,93409,SOCIAL,SO_GIFT_POETRY,贈詩、文,directed,,,0.5,primary,textid=40303,437,A,1,0
30851,93603,SOCIAL,SO_GIFT_POETRY,贈詩、文,directed,,,0.5,primary,textid=40303,437,A,1,1
30851,94109,SOCIAL,SO_GIFT_POETRY,贈詩、文,directed,,,0.5,primary,textid=40303,437,A,0,1
30851,94305,SOCIAL,SO_GIFT_POETRY,贈詩、文,directed,,,0.5,primary,textid=40303,437,A,1,1
30851,94771,SOCIAL,SO_GIFT_POETRY,贈詩、文,directed,,,0.5,primary,textid=40303,437,A,0,1
30851,94901,SOCIAL,SO_GIFT_POETRY,贈詩、文,directed,,,0.5,primary,textid=40303,437,A,1,1
30851,95025,SOCIAL,SO_GIFT_POETRY,贈詩、文,directed,,,0.5,primary,textid=40303,437,A,1,0
30851,174518,SOCIAL,SO_GIFT_POETRY,贈詩、文,directed,,,0.5,primary,textid=40303,437,A,0,1
30851,187242,SOCIAL,SO_GIFT_POETRY,贈詩、文,directed,,,0.5,primary,textid=40303,437,A,1,1
30851,439016,SOCIAL,SO_FRIEND,友,undirected,,,0.6,primary,textid=9602,9,M,1,1
30851,445110,SOCIAL,SO_GIFT_POETRY,贈詩、文,directed,,,0.5,primary,textid=40303,437,A,1,1
30851,445343,SOCIAL,SO_GIFT_POETRY,贈詩、文,directed,,,0.5,primary,textid=40303,437,A,1,1
30851,445425,SOCIAL,SO_GIFT_POETRY,贈詩、文,directed,,,0.5,primary,textid=40303,437,A,1,1
30851,446145,SOCIAL,SO_GIFT_POETRY,贈詩、文,directed,,,0.5,primary,textid=40303,437,A,1,1
30851,446659,SOCIAL,SO_GIFT_POETRY,贈詩、文,directed,,,0.5,primary,textid=40303,437,A,1,1
30851,447478,SOCIAL,SO_GIFT_POETRY,贈詩、文,directed,,,0.5,primary,textid=40303,437,A,1,1
30851,447853,SOCIAL,SO_GIFT_POETRY,贈詩、文,directed,,,0.5,primary,textid=40303,437,A,1,1
30851,448069,SOCIAL,SO_GIFT_POETRY,贈詩、文,directed,,,0.5,primary,textid=40303,437,A,1,1
30851,449660,SOCIAL,SO_GIFT_POETRY,贈詩、文,directed,,,0.5,primary,textid=40303,437,A,1,1
30851,450008,SOCIAL,SO_GIFT_POETRY,贈詩、文,directed,,,0.5,primary,textid=40303,437,A,1,1
30864,94871,SOCIAL,SO_GIFT_POETRY,贈詩、文,directed,,,0.5,primary,textid=40303,437,A,0,1
30868,3332,SOCIAL,SO_GIFT_POETRY,收到Y的贈詩、文,directed,,,0.5,primary,textid=40303,438,P,0,1
30868,15161,SOCIAL,SO_GIFT_POETRY,收到Y的贈詩、文,directed,,,0.5,primary,textid=40303,438,P,0,1
30868,32227,COLLEAGUE,CL_TONGNIAN,同年友,undirected,,,0.7,inferred,,10,M,1,1
30868,32227,SOCIAL,SO_GIFT_POETRY,收到Y的贈詩、文,directed,,,0.5,primary,textid=40303,438,P,0,1
30868,32248,SOCIAL,SO_GIFT_POETRY,收到Y的贈詩、文,directed,,,0.5,primary,textid=40303,438,P,0,1
30868,92047,SOCIAL,SO_GIFT_POETRY,收到Y的贈詩、文,directed,,,0.5,primary,textid=40303,438,P,0,1
30868,95068,SOCIAL,SO_GIFT_POETRY,收到Y的贈詩、文,directed,,,0.5,primary,textid=40303,438,P,0,1
30885,11965,KIN,K_PARENT,父,directed,,,1.0,inferred,,75,KIN,0,1
30885,30982,KIN,K_CHILD,三子,directed,,,1.0,inferred,,184,KIN,0,1
30886,3605,SOCIAL,SO_GIFT_POETRY,收到Y的贈詩、文,directed,,,0.5,primary,textid=40303,438,P,0,1
30886,13060,POLITICAL,PO_ADMIRE,被Y欣賞/器重,directed,,,0.5,inferred,,17,P,1,1
30886,15610,LITERARY,LI_EPITAPH,墓誌銘由Y所作,directed,618,,0.4,inferred,,43,P,0,1
30938,13060,SOCIAL,SO_GIFT_POETRY,收到Y的贈詩、文,directed,,,0.5,primary,textid=40303,438,P,1,0
30938,31175,SOCIAL,SO_GIFT_POETRY,贈詩、文,directed,,,0.5,primary,textid=40303,437,A,0,1
30938,31628,SOCIAL,SO_GIFT_POETRY,贈詩、文,directed,,,0.5,primary,textid=40303,437,A,1,1
30947,139166,KIN,K_CHILD,子,directed,,,1.0,primary,textid=32038,180,KIN,0,1
30976,13624,SOCIAL,SO_GIFT_POETRY,收到Y的贈詩、文,directed,,,0.5,primary,textid=40303,438,P,0,1
30976,24654,SOCIAL,SO_GIFT_POETRY,收到Y的贈詩、文,directed,,,0.5,primary,textid=40303,438,P,0,1
30976,33606,SOCIAL,SO_GIFT_POETRY,收到Y的贈詩、文,directed,,,0.5,primary,textid=40303,438,P,0,1
30976,94595,SOCIAL,SO_GIFT_POETRY,收到Y的贈詩、文,directed,,,0.5,primary,textid=40303,438,P,0,1
30976,95025,SOCIAL,SO_GIFT_POETRY,收到Y的贈詩、文,directed,,,0.5,primary,textid=40303,438,P,1,1
30977,33485,SOCIAL,SO_GIFT_POETRY,收到Y的贈詩、文,directed,,,0.5,primary,textid=40303,438,P,0,1
30977,33606,SOCIAL,SO_GIFT_POETRY,收到Y的贈詩、文,directed,,,0.5,primary,textid=40303,438,P,0,1
30977,92982,SOCIAL,SO_GIFT_POETRY,收到Y的贈詩、文,directed,,,0.5,primary,textid=40303,438,P,0,1
30977,93785,SOCIAL,SO_GIFT_POETRY,收到Y的贈詩、文,directed,,,0.5,primary,textid=40303,438,P,0,1
30978,21751,SOCIAL,SO_GIFT_POETRY,收到Y的贈詩、文,directed,,,0.5,primary,textid=40303,438,P,0,1
30978,32054,KIN,K_AFFINAL,岳父,directed,,,0.7,inferred,,76,KIN,0,1
30982,30885,KIN,K_PARENT,父,directed,,,1.0,primary,textid=24309,75,KIN,1,1
30982,31162,KIN,K_OTHER,族父,directed,,,0.7,primary,textid=24309,97,KIN,1,1
30982,445579,SOCIAL,SO_GIFT_POETRY,贈詩、文,directed,,,0.5,primary,textid=40303,437,A,1,1
30982,448894,SOCIAL,SO_GIFT_POETRY,贈詩、文,directed,,,0.5,primary,textid=40303,437,A,0,1
31042,3332,SOCIAL,SO_GIFT_POETRY,收到Y的贈詩、文,directed,,,0.5,primary,textid=40303,438,P,0,1
31042,19244,SOCIAL,SO_GIFT_POETRY,收到Y的贈詩、文,directed,,,0.5,primary,textid=40303,438,P,1,1
31042,31407,SOCIAL,SO_GIFT_POETRY,收到Y的贈詩、文,directed,,,0.5,primary,textid=40303,438,P,0,1
31046,3130,SOCIAL,SO_GIFT_POETRY,收到Y的贈詩、文,directed,,,0.5,primary,textid=40303,438,P,0,1
31046,19244,SOCIAL,SO_GIFT_POETRY,收到Y的贈詩、文,directed,,,0.5,primary,textid=40303,438,P,1,1
31046,31407,SOCIAL,SO_GIFT_POETRY,收到Y的贈詩、文,directed,,,0.5,primary,textid=40303,438,P,1,1
31046,32174,SOCIAL,SO_VISIT,受到Y拜訪,directed,726,,0.4,primary,textid=60019,340,P,0,1
31046,32174,SOCIAL,SO_GIFT_POETRY,收到Y的贈詩、文,directed,726,,0.5,primary,textid=60019,438,P,0,1
31066,19241,KIN,K_CHILD,子,directed,,,1.0,inferred,,180,KIN,0,0
31066,31068,KIN,K_SIBLING,兄弟,undirected,,,0.9,primary,textid=9601,118,KIN,1,0
31066,93013,KIN,K_CHILD,子,directed,,,1.0,primary,舊唐書,180,KIN,1,1
31068,3685,SOCIAL,SO_GIFT_POETRY,收到Y的贈詩、文,directed,,,0.5,primary,textid=40303,438,P,1,0
31068,12259,SOCIAL,SO_GIFT_POETRY,贈詩、文,directed,,,0.5,primary,textid=40303,437,A,1,1
31068,13060,SOCIAL,SO_GIFT_POETRY,收到Y的贈詩、文,directed,,,0.5,primary,textid=40303,438,P,0,0
31068,17130,SOCIAL,SO_GIFT_POETRY,收到Y的贈詩、文,directed,,,0.5,primary,textid=40303,438,P,1,0
31068,32202,SOCIAL,SO_GIFT_POETRY,贈詩、文,directed,,,0.5,primary,textid=40303,437,A,0,1
31068,139803,KIN,K_NEPHEW_NIECE,甥女,directed,,,0.7,primary,textid=32038,366,KIN,1,1
31082,3130,SOCIAL,SO_GIFT_POETRY,收到Y的贈詩、文,directed,,,0.5,primary,textid=40303,438,P,0,1
31082,11605,SOCIAL,SO_GIFT_POETRY,收到Y的贈詩、文,directed,,,0.5,primary,textid=40303,438,P,0,1
31082,31407,SOCIAL,SO_GIFT_POETRY,收到Y的贈詩、文,directed,,,0.5,primary,textid=40303,438,P,0,1
31082,31407,LITERARY,LI_EPITAPH,墓誌銘由Y所作,directed,719,,0.4,inferred,,43,P,0,1
31082,31560,SOCIAL,SO_GIFT_POETRY,收到Y的贈詩、文,directed,,,0.5,primary,textid=40303,438,P,0,1
31082,31575,SOCIAL,SO_GIFT_POETRY,收到Y的贈詩、文,directed,,,0.5,primary,textid=40303,438,P,0,1
31082,32198,SOCIAL,SO_GIFT_POETRY,收到Y的贈詩、文,directed,,,0.5,primary,textid=40303,438,P,0,1
31088,3915,SOCIAL,SO_GIFT_POETRY,收到Y的贈詩、文,directed,,,0.5,primary,textid=40303,438,P,0,1
31088,19244,SOCIAL,SO_GIFT_POETRY,收到Y的贈詩、文,directed,,,0.5,primary,textid=40303,438,P,1,1
31088,30851,SOCIAL,SO_GIFT_POETRY,收到Y的贈詩、文,directed,,,0.5,primary,textid=40303,438,P,0,1
31088,32174,SOCIAL,SO_GIFT_POETRY,收到Y的贈詩、文,directed,,,0.5,primary,textid=40303,438,P,0,1
31103,3605,SOCIAL,SO_GIFT_POETRY,收到Y的贈詩、文,directed,,,0.5,primary,textid=40303,438,P,0,1
31103,3915,SOCIAL,SO_GIFT_POETRY,收到Y的贈詩、文,directed,,,0.5,primary,textid=40303,438,P,0,1
31103,32593,SOCIAL,SO_GIFT_POETRY,收到Y的贈詩、文,directed,,,0.5,primary,textid=40303,438,P,0,1
31110,31560,COLLEAGUE,CL_TONGLIAO,同僚,undirected,,,0.8,primary,舊唐書,197,M,1,0
31110,95047,COLLEAGUE,CL_RECOMMEND,推薦,directed,,,0.7,inferred,,13,A,0,1
31110,380654,SOCIAL,SO_GIFT_POETRY,贈詩、文,directed,,,0.5,primary,textid=40303,437,A,1,1
31143,31560,SOCIAL,SO_GIFT_POETRY,贈詩、文,directed,,,0.5,primary,textid=40303,437,A,1,0
31143,93663,POLITICAL,PO_OPPOSE,反對/不支持Y的政策,directed,,,0.3,primary,資治通鑑,136,A,1,0
31143,173516,SOCIAL,SO_GIFT_POETRY,贈詩、文,directed,,,0.5,primary,textid=40303,437,A,1,1
31158,3915,SOCIAL,SO_GIFT_POETRY,收到Y的贈詩、文,directed,,,0.5,primary,textid=40303,438,P,0,1
31158,19244,SOCIAL,SO_GIFT_POETRY,收到Y的贈詩、文,directed,,,0.5,primary,textid=40303,438,P,1,1
31158,31407,SOCIAL,SO_GIFT_POETRY,收到Y的贈詩、文,directed,,,0.5,primary,textid=40303,438,P,1,1
31162,30982,KIN,K_OTHER,族子,directed,,,0.7,primary,textid=24309,210,KIN,0,1
31162,31560,SOCIAL,SO_GIFT_POETRY,收到Y的贈詩、文,directed,,,0.5,primary,textid=40303,438,P,0,1
31175,13059,KIN,K_AFFINAL,岳父,directed,,,0.7,inferred,,76,KIN,0,1
31175,13060,SOCIAL,SO_GIFT_POETRY,收到Y的贈詩、文,directed,,,0.5,primary,textid=40303,438,P,1,1
31175,30938,SOCIAL,SO_GIFT_POETRY,收到Y的贈詩、文,directed,,,0.5,primary,textid=40303,438,P,1,1
31175,92899,SOCIAL,SO_GIFT_POETRY,收到Y的贈詩、文,directed,,,0.5,primary,textid=40303,438,P,0,1
31220,19244,KIN,K_AFFINAL,女婿,directed,,,0.7,inferred,,181,KIN,0,1
31220,31221,KIN,K_CHILD,子,directed,,,1.0,primary,textid=32033,180,KIN,0,1
31221,31220,KIN,K_PARENT,父,directed,,,1.0,inferred,,75,KIN,1,1
31221,32847,POLITICAL,PO_OPPOSE,忌/惡,directed,756,,0.3,inferred,,83,A,1,0
31221,172582,KIN,K_CHILD,子,directed,,,1.0,primary,textid=32033,180,KIN,1,1
31222,30846,SOCIAL,SO_GIFT_POETRY,贈詩、文,directed,,,0.5,primary,textid=40303,437,A,0,1
31222,93476,SOCIAL,SO_GIFT_POETRY,贈詩、文,directed,,,0.5,primary,textid=40303,437,A,0,1
31222,94870,SOCIAL,SO_GIFT_POETRY,贈詩、文,directed,,,0.5,primary,textid=40303,437,A,0,1
31275,3789,KIN,K_OTHER,玄孫;四世孫,directed,,,0.7,inferred,,263,KIN,1,1
31275,11605,SOCIAL,SO_GIFT_POETRY,收到Y的贈詩、文,directed,,,0.5,primary,textid=40303,438,P,1,0
31275,12261,SOCIAL,SO_GIFT_POETRY,贈詩、文,directed,,,0.5,primary,textid=40303,437,A,0,1
31275,19244,SOCIAL,SO_GIFT_POETRY,收到Y的贈詩、文,directed,,,0.5,primary,textid=40303,438,P,0,0
31275,31407,SOCIAL,SO_GIFT_POETRY,贈詩、文,directed,,,0.5,primary,textid=40303,437,A,1,0
31275,31847,SOCIAL,SO_GIFT_POETRY,贈詩、文,directed,,,0.5,primary,textid=40303,437,A,1,1
31275,32189,SOCIAL,SO_GIFT_POETRY,贈詩、文,directed,,,0.5,primary,textid=40303,437,A,0,1
31275,92120,SOCIAL,SO_GIFT_POETRY,贈詩、文,directed,,,0.5,primary,textid=40303,437,A,1,1
31275,446859,SOCIAL,SO_GIFT_POETRY,贈詩、文,directed,,,0.5,primary,textid=40303,437,A,1,1
31303,13059,KIN,K_PARENT,父,directed,,,1.0,inferred,,75,KIN,0,1
31303,19241,SOCIAL,SO_GIFT_POETRY,收到Y的贈詩、文,directed,,,0.5,primary,textid=40303,438,P,1,1
31312,11965,TEACHER_STUDENT,TS_STUDENT,學生為Y,directed,,,0.8,primary,textid=9602,23,P,1,0
31321,19244,SOCIAL,SO_GIFT_POETRY,收到Y的贈詩、文,directed,,,0.5,primary,textid=40303,438,P,1,1
31321,32198,SOCIAL,SO_GIFT_POETRY,收到Y的贈詩、文,directed,,,0.5,primary,textid=40303,438,P,0,1
31321,447292,SOCIAL,SO_GIFT_POETRY,收到Y的贈詩、文,directed,,,0.5,primary,textid=40303,438,P,1,1
31322,24645,SOCIAL,SO_GIFT_POETRY,贈詩、文,directed,,,0.5,primary,textid=40303,437,A,1,1
31322,31367,SOCIAL,SO_GIFT_POETRY,贈詩、文,directed,,,0.5,primary,textid=40303,437,A,1,0
31322,31542,SOCIAL,SO_GIFT_POETRY,贈詩、文,directed,,,0.5,primary,textid=40303,437,A,0,1
31322,31542,LITERARY,LI_BIOGRAPHY,為Y作傳,directed,713,,0.4,inferred,,133,A,0,1
31322,31560,SOCIAL,SO_FRIEND,友,undirected,,,0.6,primary,新唐書,9,M,1,0
31322,31560,SOCIAL,SO_GIFT_POETRY,贈詩、文,directed,,,0.5,primary,textid=40303,437,A,0,0
31322,94549,SOCIAL,SO_GIFT_POETRY,贈詩、文,directed,,,0.5,primary,textid=40303,437,A,1,1
31322,173383,SOCIAL,SO_GIFT_POETRY,贈詩、文,directed,,,0.5,primary,textid=40303,437,A,1,1
31322,446436,SOCIAL,SO_GIFT_POETRY,贈詩、文,directed,,,0.5,primary,textid=40303,437,A,1,1
31322,449660,SOCIAL,SO_GIFT_POETRY,贈詩、文,directed,,,0.5,primary,textid=40303,437,A,1,1
31367,24645,SOCIAL,SO_GIFT_POETRY,贈詩、文,directed,,,0.5,primary,textid=40303,437,A,1,1
31367,31368,KIN,K_CHILD,子,directed,,,1.0,primary,textid=32033,180,KIN,1,1
31367,31369,KIN,K_CHILD,子,directed,,,1.0,primary,textid=32033,180,KIN,1,1
31367,95047,COLLEAGUE,CL_RECOMMEND,推薦,directed,,,0.7,inferred,,13,A,0,1
31367,146237,SOCIAL,SO_GIFT_POETRY,贈詩、文,directed,,,0.5,primary,textid=40303,437,A,0,1
31368,19244,SOCIAL,SO_GIFT_POETRY,收到Y的贈詩、文,directed,,,0.5,primary,textid=40303,438,P,1,1
31368,31367,KIN,K_PARENT,父,directed,,,1.0,inferred,,75,KIN,0,1
31368,31407,SOCIAL,SO_GIFT_POETRY,收到Y的贈詩、文,directed,,,0.5,primary,textid=40303,438,P,1,1
31369,19244,SOCIAL,SO_GIFT_POETRY,收到Y的贈詩、文,directed,,,0.5,primary,textid=40303,438,P,1,1
31369,31367,KIN,K_PARENT,父,directed,,,1.0,inferred,,75,KIN,0,1
31369,31407,SOCIAL,SO_GIFT_POETRY,收到Y的贈詩、文,directed,,,0.5,primary,textid=40303,438,P,1,1
31407,12261,SOCIAL,SO_GIFT_POETRY,贈詩、文,directed,,,0.5,primary,textid=40303,437,A,0,1
31407,15353,SOCIAL,SO_GIFT_POETRY,贈詩、文,directed,,,0.5,primary,textid=40303,437,A,0,1
31407,19242,SOCIAL,SO_GIFT_POETRY,贈詩、文,directed,,,0.5,primary,textid=40303,437,A,1,1
31407,22451,SOCIAL,SO_GIFT_POETRY,贈詩、文,directed,,,0.5,primary,textid=40303,437,A,0,1
31407,24645,SOCIAL,SO_GIFT_POETRY,贈詩、文,directed,,,0.5,primary,textid=40303,437,A,1,1
31407,26935,LITERARY,LI_EPITAPH,墓誌銘由Y所作,directed,710,,0.4,inferred,,43,P,1,0
31407,31042,SOCIAL,SO_GIFT_POETRY,贈詩、文,directed,,,0.5,primary,textid=40303,437,A,1,1
31407,31046,SOCIAL,SO_GIFT_POETRY,贈詩、文,directed,,,0.5,primary,textid=40303,437,A,0,1
31407,31082,LITERARY,LI_EPITAPH,為Y作墓誌銘,directed,726,,0.4,inferred,,44,A,1,1
31407,31082,SOCIAL,SO_GIFT_POETRY,贈詩、文,directed,,,0.5,primary,textid=40303,437,A,0,1
31407,31110,SOCIAL,SO_GIFT_POETRY,收到Y的贈詩、文,directed,,,0.5,primary,textid=9601,438,P,1,0
31407,31158,SOCIAL,SO_GIFT_POETRY,贈詩、文,directed,,,0.5,primary,textid=40303,437,A,0,1
31407,31367,SOCIAL,SO_GIFT_POETRY,收到Y的贈詩、文,directed,,,0.5,primary,textid=40303,438,P,1,0
31407,31368,SOCIAL,SO_GIFT_POETRY,贈詩、文,directed,,,0.5,primary,textid=40303,437,A,0,1
31407,31369,SOCIAL,SO_GIFT_POETRY,贈詩、文,directed,,,0.5,primary,textid=40303,437,A,0,1
31407,31413,SOCIAL,SO_GIFT_POETRY,贈詩、文,directed,,,0.5,primary,textid=40303,437,A,0,1
31407,31413,KIN,K_CHILD,子,directed,,,1.0,primary,textid=32033,180,KIN,1,1
31407,31453,SOCIAL,SO_GIFT_POETRY,贈詩、文,directed,,,0.5,primary,textid=40303,437,A,0,1
31407,31462,SOCIAL,SO_GIFT_POETRY,贈詩、文,directed,,,0.5,primary,textid=40303,437,A,1,1
31407,31575,SOCIAL,SO_GIFT_POETRY,贈詩、文,directed,,,0.5,primary,textid=40303,437,A,1,0
31407,31631,SOCIAL,SO_GIFT_POETRY,贈詩、文,directed,,,0.5,primary,textid=40303,437,A,1,1
31407,31640,SOCIAL,SO_GIFT_POETRY,贈詩、文,directed,,,0.5,primary,textid=40303,437,A,1,1
31407,31847,SOCIAL,SO_GIFT_POETRY,贈詩、文,directed,,,0.5,primary,textid=40303,437,A,0,1
31407,32085,SOCIAL,SO_GIFT_POETRY,贈詩、文,directed,,,0.5,primary,textid=40303,437,A,0,1
31407,32136,SOCIAL,SO_GIFT_POETRY,贈詩、文,directed,,,0.5,primary,textid=40303,437,A,0,1
31407,32189,SOCIAL,SO_GIFT_POETRY,贈詩、文,directed,,,0.5,primary,textid=40303,437,A,0,1
31407,91931,LITERARY,LI_PREAMBLE,為Y所著書作序,directed,,,0.4,primary,textid=9601,32,A,1,0
31407,92076,SOCIAL,SO_GIFT_POETRY,贈詩、文,directed,,,0.5,primary,textid=40303,437,A,1,1
31407,92084,SOCIAL,SO_GIFT_POETRY,贈詩、文,directed,,,0.5,primary,textid=40303,437,A,1,1
31407,92120,SOCIAL,SO_GIFT_POETRY,贈詩、文,directed,,,0.5,primary,textid=40303,437,A,0,1
31407,92452,SOCIAL,SO_GIFT_POETRY,贈詩、文,directed,,,0.5,primary,textid=40303,437,A,1,0
31407,92577,SOCIAL,SO_GIFT_POETRY,贈詩、文,directed,,,0.5,primary,textid=40303,437,A,0,1
31407,92999,SOCIAL,SO_GIFT_POETRY,贈詩、文,directed,,,0.5,primary,textid=40303,437,A,1,1
31407,93096,SOCIAL,SO_GIFT_POETRY,贈詩、文,directed,,,0.5,primary,textid=40303,437,A,0,1
31407,93543,KIN,K_OTHER,孫,directed,,,0.7,primary,textid=24309,243,KIN,1,1
31407,94500,SOCIAL,SO_GIFT_POETRY,贈詩、文,directed,,,0.5,primary,textid=40303,437,A,0,1
31407,94549,SOCIAL,SO_GIFT_POETRY,贈詩、文,directed,,,0.5,primary,textid=40303,437,A,0,1
31407,94941,SOCIAL,SO_GIFT_POETRY,贈詩、文,directed,,,0.5,primary,textid=40303,437,A,0,1
31407,173383,SOCIAL,SO_GIFT_POETRY,贈詩、文,directed,,,0.5,primary,textid=40303,437,A,1,1
31407,176026,SOCIAL,SO_GIFT_POETRY,贈詩、文,directed,,,0.5,primary,textid=40303,437,A,1,1
31407,179808,SOCIAL,SO_GIFT_POETRY,贈詩、文,directed,,,0.5,primary,textid=40303,437,A,1,1
31407,188925,SOCIAL,SO_GIFT_POETRY,贈詩、文,directed,,,0.5,primary,textid=40303,437,A,1,1
31407,189016,SOCIAL,SO_GIFT_POETRY,贈詩、文,directed,,,0.5,primary,textid=40303,437,A,1,1
31407,339631,SOCIAL,SO_GIFT_POETRY,贈詩、文,directed,,,0.5,primary,textid=40303,437,A,1,1
31407,382589,SOCIAL,SO_GIFT_POETRY,贈詩、文,directed,,,0.5,primary,textid=40303,437,A,1,1
31407,445425,SOCIAL,SO_GIFT_POETRY,贈詩、文,directed,,,0.5,primary,textid=40303,437,A,1,1
31407,446859,SOCIAL,SO_GIFT_POETRY,贈詩、文,directed,,,0.5,primary,textid=40303,437,A,0,1
31407,448507,SOCIAL,SO_GIFT_POETRY,贈詩、文,directed,,,0.5,primary,textid=40303,437,A,1,1
31407,448894,SOCIAL,SO_GIFT_POETRY,贈詩、文,directed,,,0.5,primary,textid=40303,437,A,1,1
31407,450146,SOCIAL,SO_GIFT_POETRY,贈詩、文,directed,,,0.5,primary,textid=40303,437,A,1,1
31407,450412,SOCIAL,SO_GIFT_POETRY,贈詩、文,directed,,,0.5,primary,textid=40303,437,A,1,1
31407,512425,KIN,K_OTHER,孫,directed,,,0.7,inferred,,243,KIN,1,1
31413,3915,SOCIAL,SO_GIFT_POETRY,收到Y的贈詩、文,directed,,,0.5,primary,textid=40303,438,P,0,1
31413,31407,SOCIAL,SO_GIFT_POETRY,收到Y的贈詩、文,directed,,,0.5,primary,textid=40303,438,P,0,1
31413,31407,KIN,K_PARENT,父,directed,,,1.0,primary,textid=24309,75,KIN,0,1
31453,19244,SOCIAL,SO_GIFT_POETRY,收到Y的贈詩、文,directed,,,0.5,primary,textid=40303,438,P,1,1
31453,31407,SOCIAL,SO_GIFT_POETRY,收到Y的贈詩、文,directed,,,0.5,primary,textid=40303,438,P,1,1
31453,32534,SOCIAL,SO_GIFT_POETRY,收到Y的贈詩、文,directed,,,0.5,primary,textid=40303,438,P,0,1
31462,3915,SOCIAL,SO_GIFT_POETRY,收到Y的贈詩、文,directed,,,0.5,primary,textid=40303,438,P,0,1
31462,19244,SOCIAL,SO_GIFT_POETRY,收到Y的贈詩、文,directed,,,0.5,primary,textid=40303,438,P,1,1
31462,31407,SOCIAL,SO_GIFT_POETRY,收到Y的贈詩、文,directed,,,0.5,primary,textid=40303,438,P,0,1
31542,31322,LITERARY,LI_BIOGRAPHY,傳記作者為Y,directed,699,,0.4,inferred,,132,P,1,1
31542,31322,SOCIAL,SO_GIFT_POETRY,收到Y的贈詩、文,directed,,,0.5,primary,textid=40303,438,P,0,1
31542,31560,SOCIAL,SO_FRIEND,友,undirected,,,0.6,primary,新唐書,9,M,1,1
31542,31560,SOCIAL,SO_GIFT_POETRY,收到Y的贈詩、文,directed,,,0.5,primary,textid=40303,438,P,0,1
31542,447292,SOCIAL,SO_GIFT_POETRY,收到Y的贈詩、文,directed,,,0.5,primary,textid=40303,438,P,1,1
31552,3915,SOCIAL,SO_GIFT_POETRY,收到Y的贈詩、文,directed,,,0.5,primary,textid=40303,438,P,0,1
31552,31560,COLLEAGUE,CL_TONGLIAO,同僚,undirected,,,0.8,primary,舊唐書,197,M,1,1
31552,447292,SOCIAL,SO_GIFT_POETRY,收到Y的贈詩、文,directed,,,0.5,primary,textid=40303,438,P,1,1
31558,13060,KIN,K_AFFINAL,岳父,directed,,,0.7,inferred,,76,KIN,0,1
31558,92452,SOCIAL,SO_GIFT_POETRY,收到Y的贈詩、文,directed,,,0.5,primary,textid=40303,438,P,1,1
31560,11605,SOCIAL,SO_GIFT_POETRY,收到Y的贈詩、文,directed,,,0.5,primary,textid=40303,438,P,1,0
31560,19242,SOCIAL,SO_GIFT_POETRY,贈詩、文,directed,,,0.5,primary,textid=40303,437,A,1,1
31560,24645,SOCIAL,SO_GIFT_POETRY,贈詩、文,directed,,,0.5,primary,textid=40303,437,A,1,1
31560,31082,SOCIAL,SO_GIFT_POETRY,贈詩、文,directed,,,0.5,primary,textid=40303,437,A,1,1
31560,31110,SOCIAL,SO_GIFT_POETRY,收到Y的贈詩、文,directed,,,0.5,primary,textid=40303,438,P,0,0
31560,31143,SOCIAL,SO_GIFT_POETRY,收到Y的贈詩、文,directed,,,0.5,primary,textid=40303,438,P,0,0
31560,31162,SOCIAL,SO_GIFT_POETRY,贈詩、文,directed,,,0.5,primary,textid=40303,437,A,1,1
31560,31367,SOCIAL,SO_GIFT_POETRY,收到Y的贈詩、文,directed,,,0.5,primary,textid=40303,438,P,1,0
31560,31542,SOCIAL,SO_GIFT_POETRY,贈詩、文,directed,,,0.5,primary,textid=40303,437,A,0,1
31560,31561,KIN,K_SIBLING,弟,undirected,,,0.9,inferred,,126,KIN,1,1
31560,31640,LITERARY,LI_EDIT,編輯Y之詩/文,directed,,,0.4,primary,舊唐書,341,A,0,1
31560,32085,SOCIAL,SO_GIFT_POETRY,贈詩、文,directed,,,0.5,primary,textid=40303,437,A,0,1
31560,32189,SOCIAL,SO_GIFT_POETRY,贈詩、文,directed,,,0.5,primary,textid=40303,437,A,0,1
31560,32198,SOCIAL,SO_GIFT_POETRY,贈詩、文,directed,,,0.5,primary,textid=40303,437,A,1,0
31560,32593,SOCIAL,SO_FRIEND,友,undirected,,,0.6,primary,新唐書,9,M,0,0
31560,32593,COLLEAGUE,CL_TONGLIAO,同僚,undirected,,,0.8,primary,舊唐書,197,M,1,0
31560,32593,SOCIAL,SO_GIFT_POETRY,贈詩、文,directed,,,0.5,primary,textid=40303,437,A,0,0
31560,92076,SOCIAL,SO_GIFT_POETRY,贈詩、文,directed,,,0.5,primary,textid=40303,437,A,1,1
31560,92423,SOCIAL,SO_GIFT_POETRY,贈詩、文,directed,,,0.5,primary,textid=40303,437,A,1,1
31560,92452,SOCIAL,SO_FRIEND,友,undirected,,,0.6,primary,新唐書,9,M,1,0
31560,92452,SOCIAL,SO_GIFT_POETRY,贈詩、文,directed,,,0.5,primary,textid=40303,437,A,0,0
31560,92999,SOCIAL,SO_GIFT_POETRY,贈詩、文,directed,,,0.5,primary,textid=40303,437,A,0,1
31560,93208,SOCIAL,SO_GIFT_POETRY,贈詩、文,directed,,,0.5,primary,textid=40303,437,A,1,1
31560,93522,SOCIAL,SO_GIFT_POETRY,贈詩、文,directed,,,0.5,primary,textid=40303,437,A,0,1
31560,174518,SOCIAL,SO_GIFT_POETRY,贈詩、文,directed,,,0.5,primary,textid=40303,437,A,0,1
31560,379430,SOCIAL,SO_GIFT_POETRY,贈詩、文,directed,,,0.5,primary,textid=40303,437,A,0,1
31560,444850,SOCIAL,SO_GIFT_POETRY,贈詩、文,directed,,,0.5,primary,textid=40303,437,A,1,1
31560,445874,SOCIAL,SO_GIFT_POETRY,贈詩、文,directed,,,0.5,primary,textid=40303,437,A,0,1
31560,446241,SOCIAL,SO_GIFT_POETRY,贈詩、文,directed,,,0.5,primary,textid=40303,437,A,1,1
31560,447292,SOCIAL,SO_GIFT_POETRY,贈詩、文,directed,,,0.5,primary,textid=40303,437,A,1,0
31560,447631,SOCIAL,SO_GIFT_POETRY,贈詩、文,directed,,,0.5,primary,textid=40303,437,A,1,1
31560,448226,SOCIAL,SO_GIFT_POETRY,贈詩、文,directed,,,0.5,primary,textid=40303,437,A,1,1
31560,448507,SOCIAL,SO_GIFT_POETRY,贈詩、文,directed,,,0.5,primary,textid=40303,437,A,1,1
31561,3915,SOCIAL,SO_GIFT_POETRY,收到Y的贈詩、文,directed,,,0.5,primary,textid=40303,438,P,0,1
31561,32540,SOCIAL,SO_GIFT_POETRY,收到Y的贈詩、文,directed,,,0.5,primary,textid=40303,438,P,0,1
31575,19241,SOCIAL,SO_GIFT_POETRY,收到Y的贈詩、文,directed,,,0.5,primary,textid=40303,438,P,1,0
31575,19242,SOCIAL,SO_GIFT_POETRY,贈詩、文,directed,,,0.5,primary,textid=40303,437,A,1,1
31575,24645,SOCIAL,SO_GIFT_POETRY,贈詩、文,directed,,,0.5,primary,textid=40303,437,A,1,1
31575,31082,SOCIAL,SO_GIFT_POETRY,贈詩、文,directed,,,0.5,primary,textid=40303,437,A,1,1
31575,31143,SOCIAL,SO_GIFT_POETRY,收到Y的贈詩、文,directed,,,0.5,primary,textid=40303,438,P,1,0
31575,31592,SOCIAL,SO_GIFT_POETRY,贈詩、文,directed,,,0.5,primary,textid=40303,437,A,1,1
31575,32593,SOCIAL,SO_GIFT_POETRY,贈詩、文,directed,,,0.5,primary,textid=40303,437,A,1,0
31575,92423,SOCIAL,SO_GIFT_POETRY,贈詩、文,directed,,,0.5,primary,textid=40303,437,A,1,1
31575,92452,SOCIAL,SO_GIFT_POETRY,贈詩、文,directed,,,0.5,primary,textid=40303,437,A,1,0
31575,94549,SOCIAL,SO_GIFT_POETRY,贈詩、文,directed,,,0.5,primary,textid=40303,437,A,0,1
31575,174518,SOCIAL,SO_GIFT_POETRY,贈詩、文,directed,,,0.5,primary,textid=40303,437,A,0,1
31575,379430,SOCIAL,SO_GIFT_POETRY,贈詩、文,directed,,,0.5,primary,textid=40303,437,A,0,1
31575,444827,SOCIAL,SO_GIFT_POETRY,贈詩、文,directed,,,0.5,primary,textid=40303,437,A,1,1
31575,444850,SOCIAL,SO_GIFT_POETRY,贈詩、文,directed,,,0.5,primary,textid=40303,437,A,1,1
31575,445945,SOCIAL,SO_GIFT_POETRY,贈詩、文,directed,,,0.5,primary,textid=40303,437,A,1,1
31575,446241,SOCIAL,SO_GIFT_POETRY,贈詩、文,directed,,,0.5,primary,textid=40303,437,A,1,1
31575,446436,SOCIAL,SO_GIFT_POETRY,贈詩、文,directed,,,0.5,primary,textid=40303,437,A,0,1
31575,447631,SOCIAL,SO_GIFT_POETRY,贈詩、文,directed,,,0.5,primary,textid=40303,437,A,1,1
31575,450146,SOCIAL,SO_GIFT_POETRY,贈詩、文,directed,,,0.5,primary,textid=40303,437,A,1,1
31592,3915,SOCIAL,SO_GIFT_POETRY,收到Y的贈詩、文,directed,,,0.5,primary,textid=40303,438,P,0,1
31592,13624,SOCIAL,SO_GIFT_POETRY,收到Y的贈詩、文,directed,,,0.5,primary,textid=40303,438,P,0,1
31592,19244,SOCIAL,SO_GIFT_POETRY,收到Y的贈詩、文,directed,,,0.5,primary,textid=40303,438,P,0,1
31592,30851,SOCIAL,SO_GIFT_POETRY,收到Y的贈詩、文,directed,,,0.5,primary,textid=40303,438,P,0,1
31592,31575,SOCIAL,SO_GIFT_POETRY,收到Y的贈詩、文,directed,,,0.5,primary,textid=40303,438,P,0,1
31592,32540,LITERARY,LI_LETTER,被致書由Y,directed,,,0.4,primary,textid=40303,430,P,0,1
31592,92035,SOCIAL,SO_GIFT_POETRY,收到Y的贈詩、文,directed,,,0.5,primary,textid=40303,438,P,0,1
31628,13060,SOCIAL,SO_GIFT_POETRY,收到Y的贈詩、文,directed,,,0.5,primary,textid=40303,438,P,1,1
31628,30938,SOCIAL,SO_GIFT_POETRY,收到Y的贈詩、文,directed,,,0.5,primary,textid=40303,438,P,0,1
31628,32583,KIN,K_OTHER,孫,directed,,,0.7,primary,textid=24309,243,KIN,0,1
31628,92899,SOCIAL,SO_GIFT_POETRY,收到Y的贈詩、文,directed,,,0.5,primary,textid=40303,438,P,0,1
31631,11605,SOCIAL,SO_GIFT_POETRY,收到Y的贈詩、文,directed,,,0.5,primary,textid=40303,438,P,0,1
31631,31407,SOCIAL,SO_GIFT_POETRY,收到Y的贈詩、文,directed,,,0.5,primary,textid=40303,438,P,0,1
31631,32198,SOCIAL,SO_GIFT_POETRY,收到Y的贈詩、文,directed,,,0.5,primary,textid=40303,438,P,0,1
31631,32583,KIN,K_OTHER,孫,directed,,,0.7,primary,textid=24309,243,KIN,0,1
31631,447292,SOCIAL,SO_GIFT_POETRY,收到Y的贈詩、文,directed,,,0.5,primary,textid=40303,438,P,1,1
31640,31407,SOCIAL,SO_GIFT_POETRY,收到Y的贈詩、文,directed,,,0.5,primary,textid=40303,438,P,0,1
31640,31560,LITERARY,LI_EDIT,詩/文由Y編輯,directed,,,0.4,primary,舊唐書,342,P,1,1
31640,447292,SOCIAL,SO_GIFT_POETRY,收到Y的贈詩、文,directed,,,0.5,primary,textid=40303,438,P,1,1
31847,3130,SOCIAL,SO_GIFT_POETRY,收到Y的贈詩、文,directed,,,0.5,primary,textid=40303,438,P,0,1
31847,19244,SOCIAL,SO_GIFT_POETRY,收到Y的贈詩、文,directed,,,0.5,primary,textid=40303,438,P,0,1
31847,31275,SOCIAL,SO_GIFT_POETRY,收到Y的贈詩、文,directed,,,0.5,primary,textid=40303,438,P,0,1
31847,31407,SOCIAL,SO_GIFT_POETRY,收到Y的贈詩、文,directed,,,0.5,primary,textid=40303,438,P,1,1
31999,21194,SOCIAL,SO_GIFT_POETRY,收到Y的贈詩、文,directed,,,0.5,primary,textid=40303,438,P,0,1
31999,95025,SOCIAL,SO_GIFT_POETRY,收到Y的贈詩、文,directed,,,0.5,primary,textid=40303,438,P,0,1
32019,13624,SOCIAL,SO_GIFT_POETRY,收到Y的贈詩、文,directed,,,0.5,primary,textid=40303,438,P,0,1
32019,15161,COLLEAGUE,CL_MULIAO,幕僚為Y,directed,817,,0.8,primary,舊唐書,67,P,0,1
32019,15161,SOCIAL,SO_GIFT_POETRY,收到Y的贈詩、文,directed,,,0.5,primary,textid=40303,438,P,0,1
32019,92047,SOCIAL,SO_GIFT_POETRY,收到Y的贈詩、文,directed,,,0.5,primary,textid=40303,438,P,0,1
32019,92516,SOCIAL,SO_GIFT_POETRY,收到Y的贈詩、文,directed,,,0.5,primary,textid=40303,438,P,0,1
32054,30978,KIN,K_AFFINAL,三女婿,directed,,,0.7,inferred,,338,KIN,1,1
32054,32227,SOCIAL,SO_GIFT_POETRY,贈詩、文,directed,,,0.5,primary,textid=40303,437,A,1,0
32054,92366,SOCIAL,SO_GIFT_POETRY,贈詩、文,directed,,,0.5,primary,textid=40303,437,A,0,1
32054,93476,SOCIAL,SO_GIFT_POETRY,贈詩、文,directed,,,0.5,primary,textid=40303,437,A,0,1
32054,94112,SOCIAL,SO_GIFT_POETRY,贈詩、文,directed,,,0.5,primary,textid=40303,437,A,0,1
32054,95068,SOCIAL,SO_CHANGHE,相唱和,undirected,,,0.6,primary,textid=9601,114,M,1,0
32054,447783,SOCIAL,SO_GIFT_POETRY,贈詩、文,directed,,,0.5,primary,textid=40303,437,A,0,1
32054,448033,SOCIAL,SO_GIFT_POETRY,贈詩、文,directed,,,0.5,primary,textid=40303,437,A,1,1
32054,449550,SOCIAL,SO_GIFT_POETRY,贈詩、文,directed,,,0.5,primary,textid=40303,437,A,0,1
32061,32174,LITERARY,LI_EPITAPH,墓誌銘由Y所作,directed,745,,0.4,inferred,,43,P,0,1
32061,32534,SOCIAL,SO_GIFT_POETRY,收到Y的贈詩、文,directed,,,0.5,primary,textid=40303,438,P,0,1
32061,32540,LITERARY,LI_LETTER,被致書由Y,directed,734,,0.4,primary,textid=25640,430,P,0,1
32061,93956,SOCIAL,SO_GIFT_POETRY,收到Y的贈詩、文,directed,,,0.5,primary,textid=40303,438,P,0,1
32085,19244,SOCIAL,SO_GIFT_POETRY,收到Y的贈詩、文,directed,,,0.5,primary,textid=40303,438,P,1,1
32085,31407,SOCIAL,SO_GIFT_POETRY,收到Y的贈詩、文,directed,,,0.5,primary,textid=40303,438,P,1,1
32085,31560,SOCIAL,SO_GIFT_POETRY,收到Y的贈詩、文,directed,,,0.5,primary,textid=40303,438,P,1,1
32109,32227,SOCIAL,SO_FRIEND,友,undirected,,,0.6,inferred,,9,M,0,1
32109,32227,LITERARY,LI_EPITAPH,墓誌銘由Y所作,directed,,,0.4,inferred,,43,P,0,1
32109,32227,SOCIAL,SO_GIFT_POETRY,收到Y的贈詩、文,directed,,,0.5,primary,textid=40303,438,P,0,1
32109,32248,SOCIAL,SO_GIFT_POETRY,收到Y的贈詩、文,directed,,,0.5,primary,textid=40303,438,P,0,1
32109,33606,SOCIAL,SO_GIFT_POETRY,收到Y的贈詩、文,directed,,,0.5,primary,textid=40303,438,P,0,1
32109,94160,SOCIAL,SO_GIFT_POETRY,收到Y的贈詩、文,directed,,,0.5,primary,textid=40303,438,P,0,1
32114,15161,SOCIAL,SO_GIFT_POETRY,收到Y的贈詩、文,directed,,,0.5,primary,textid=40303,438,P,0,1
32114,19254,SOCIAL,SO_GIFT_POETRY,收到Y的贈詩、文,directed,,,0.5,primary,textid=40303,438,P,0,1
32114,21194,SOCIAL,SO_GIFT_POETRY,收到Y的贈詩、文,directed,,,0.5,primary,textid=40303,438,P,0,1
32114,33649,SOCIAL,SO_GIFT_POETRY,收到Y的贈詩、文,directed,,,0.5,primary,textid=40303,438,P,0,1
32128,3915,SOCIAL,SO_GIFT_POETRY,收到Y的贈詩、文,directed,,,0.5,primary,textid=40303,438,P,0,1
32128,33859,SOCIAL,SO_GIFT_POETRY,收到Y的贈詩、文,directed,,,0.5,primary,textid=40303,438,P,0,1
32128,94595,SOCIAL,SO_GIFT_POETRY,收到Y的贈詩、文,directed,,,0.5,primary,textid=40303,438,P,0,1
32128,95025,SOCIAL,SO_GIFT_POETRY,收到Y的贈詩、文,directed,,,0.5,primary,textid=40303,438,P,0,1
32136,19244,SOCIAL,SO_GIFT_POETRY,收到Y的贈詩、文,directed,,,0.5,primary,textid=40303,438,P,1,1
32136,31407,SOCIAL,SO_GIFT_POETRY,收到Y的贈詩、文,directed,,,0.5,primary,textid=40303,438,P,1,1
32136,32534,SOCIAL,SO_GIFT_POETRY,收到Y的贈詩、文,directed,,,0.5,primary,textid=40303,438,P,1,1
32162,32169,SOCIAL,SO_GIFT_POETRY,收到Y的贈詩、文,directed,,,0.5,primary,textid=40303,438,P,1,1
32162,32540,LITERARY,LI_EPITAPH,墓誌銘由Y所作,directed,,,0.4,primary,textid=25640,43,P,1,1
32162,32540,SOCIAL,SO_GIFT_POETRY,收到Y的贈詩、文,directed,,,0.5,primary,textid=40303,438,P,0,1
32165,30851,SOCIAL,SO_GIFT_POETRY,收到Y的贈詩、文,directed,,,0.5,primary,textid=40303,438,P,0,1
32165,32174,SOCIAL,SO_GIFT_POETRY,收到Y的贈詩、文,directed,,,0.5,primary,textid=40303,438,P,0,1
32168,32169,KIN,K_OTHER,七世孫;仍孫,directed,,,0.7,inferred,,277,KIN,0,1
32169,32162,SOCIAL,SO_GIFT_POETRY,贈詩、文,directed,,,0.5,primary,textid=40303,437,A,0,1
32169,32168,KIN,K_OTHER,七世祖;太曾祖,directed,,,0.7,inferred,,31,KIN,1,1
32169,92608,SOCIAL,SO_GIFT_POETRY,贈詩、文,directed,,,0.5,primary,textid=40303,437,A,1,1
32169,93485,SOCIAL,SO_GIFT_POETRY,贈詩、文,directed,,,0.5,primary,textid=40303,437,A,1,1
32169,94055,KIN,K_AFFINAL,女婿,directed,,,0.7,primary,textid=24309,181,KIN,1,1
32169,145566,KIN,K_CHILD,子,directed,,,1.0,primary,textid=32033,180,KIN,1,1
32169,173145,SOCIAL,SO_GIFT_POETRY,贈詩、文,directed,,,0.5,primary,textid=40303,437,A,0,1
32169,181936,SOCIAL,SO_GIFT_POETRY,贈詩、文,directed,,,0.5,primary,textid=40303,437,A,0,1
32169,194122,KIN,K_PARENT,父,directed,,,1.0,primary,textid=32033,75,KIN,1,1
32169,445729,SOCIAL,SO_GIFT_POETRY,贈詩、文,directed,,,0.5,primary,textid=40303,437,A,1,1
32169,445755,SOCIAL,SO_GIFT_POETRY,贈詩、文,directed,,,0.5,primary,textid=40303,437,A,0,1
32169,445857,SOCIAL,SO_GIFT_POETRY,贈詩、文,directed,,,0.5,primary,textid=40303,437,A,1,1
32169,446030,SOCIAL,SO_GIFT_POETRY,贈詩、文,directed,,,0.5,primary,textid=40303,437,A,1,1
32169,446392,SOCIAL,SO_GIFT_POETRY,贈詩、文,directed,,,0.5,primary,textid=40303,437,A,1,1
32169,446982,SOCIAL,SO_GIFT_POETRY,贈詩、文,directed,,,0.5,primary,textid=40303,437,A,0,1
32169,447124,SOCIAL,SO_GIFT_POETRY,贈詩、文,directed,,,0.5,primary,textid=40303,437,A,0,1
32169,447143,SOCIAL,SO_GIFT_POETRY,贈詩、文,directed,,,0.5,primary,textid=40303,437,A,0,1
32169,447149,SOCIAL,SO_GIFT_POETRY,贈詩、文,directed,,,0.5,primary,textid=40303,437,A,1,1
32169,447260,SOCIAL,SO_GIFT_POETRY,贈詩、文,directed,,,0.5,primary,textid=40303,437,A,0,1
32169,447728,SOCIAL,SO_GIFT_POETRY,贈詩、文,directed,,,0.5,primary,textid=40303,437,A,1,1
32169,449246,SOCIAL,SO_GIFT_POETRY,贈詩、文,directed,,,0.5,primary,textid=40303,437,A,1,1
32169,449314,SOCIAL,SO_GIFT_POETRY,贈詩、文,directed,,,0.5,primary,textid=40303,437,A,1,1
32169,449744,SOCIAL,SO_GIFT_POETRY,贈詩、文,directed,,,0.5,primary,textid=40303,437,A,0,1
32169,449774,SOCIAL,SO_GIFT_POETRY,贈詩、文,directed,,,0.5,primary,textid=40303,437,A,0,1
32169,449892,SOCIAL,SO_GIFT_POETRY,贈詩、文,directed,,,0.5,primary,textid=40303,437,A,1,1
32169,449907,SOCIAL,SO_GIFT_POETRY,贈詩、文,directed,,,0.5,primary,textid=40303,437,A,1,1
32169,450533,SOCIAL,SO_GIFT_POETRY,贈詩、文,directed,,,0.5,primary,textid=40303,437,A,1,1
32169,450651,SOCIAL,SO_GIFT_POETRY,贈詩、文,directed,,,0.5,primary,textid=40303,437,A,0,1
32174,3130,SOCIAL,SO_GIFT_POETRY,收到Y的贈詩、文,directed,734,,0.5,primary,textid=60019,438,P,0,0
32174,12261,SOCIAL,SO_GIFT_POETRY,贈詩、文,directed,,,0.5,primary,textid=40303,437,A,0,1
32174,17137,SOCIAL,SO_GIFT_POETRY,贈詩、文,directed,,,0.5,primary,textid=40303,437,A,1,1
32174,19244,SOCIAL,SO_GIFT_POETRY,收到Y的贈詩、文,directed,,,0.5,primary,textid=40303,438,P,1,0
32174,19245,POLITICAL,PO_ADMIRE,欣賞/器重,directed,,,0.5,primary,舊唐書,18,A,0,1
32174,31046,SOCIAL,SO_VISIT,拜訪,directed,726,,0.4,primary,textid=60019,339,A,0,1
32174,31046,SOCIAL,SO_GIFT_POETRY,贈詩、文,directed,726,,0.5,primary,textid=60019,437,A,1,1
32174,31088,SOCIAL,SO_GIFT_POETRY,贈詩、文,directed,,,0.5,primary,textid=40303,437,A,1,1
32174,31221,SOCIAL,SO_GIFT_POETRY,收到Y的贈詩、文,directed,,,0.5,primary,textid=40303,438,P,1,0
32174,32061,LITERARY,LI_EPITAPH,為Y作墓誌銘,directed,758,,0.4,inferred,,44,A,1,1
32174,32165,SOCIAL,SO_GIFT_POETRY,贈詩、文,directed,,,0.5,primary,textid=40303,437,A,1,1
32174,32175,LITERARY,LI_EDIT,編輯Y之詩/文,directed,,,0.4,primary,舊唐書,341,A,0,1
32174,32175,SOCIAL,SO_GIFT_POETRY,贈詩、文,directed,,,0.5,primary,textid=40303,437,A,0,1
32174,32175,KIN,K_SIBLING,弟,undirected,,,0.9,primary,textid=24309,126,KIN,1,1
32174,32534,SOCIAL,SO_GIFT_POETRY,贈詩、文,directed,,,0.5,primary,textid=40303,437,A,1,0
32174,32672,SOCIAL,SO_GIFT_POETRY,贈詩、文,directed,,,0.5,primary,textid=40303,437,A,1,1
32174,32694,SOCIAL,SO_GIFT_POETRY,贈詩、文,directed,,,0.5,primary,textid=40303,437,A,0,1
32174,33638,SOCIAL,SO_GIFT_POETRY,贈詩、文,directed,,,0.5,primary,textid=40303,437,A,1,1
32174,92446,SOCIAL,SO_GIFT_POETRY,贈詩、文,directed,,,0.5,primary,textid=40303,437,A,0,1
32174,93022,SOCIAL,SO_GIFT_POETRY,贈詩、文,directed,735,,0.5,primary,textid=40303,437,A,1,1
32174,93476,SOCIAL,SO_GIFT_POETRY,贈詩、文,directed,,,0.5,primary,textid=40303,437,A,0,1
32174,93503,SOCIAL,SO_GIFT_POETRY,贈詩、文,directed,,,0.5,primary,textid=40303,437,A,1,1
32174,93603,SOCIAL,SO_GIFT_POETRY,贈詩、文,directed,,,0.5,primary,textid=40303,437,A,1,1
32174,93956,SOCIAL,SO_GIFT_POETRY,贈詩、文,directed,729,,0.5,primary,textid=60019,437,A,1,0
32174,94109,SOCIAL,SO_GIFT_POETRY,贈詩、文,directed,,,0.5,primary,textid=40303,437,A,0,1
32174,94204,SOCIAL,SO_GIFT_POETRY,贈詩、文,directed,,,0.5,primary,textid=40303,437,A,0,1
32174,94771,SOCIAL,SO_GIFT_POETRY,贈詩、文,directed,,,0.5,primary,textid=40303,437,A,1,1
32174,94901,SOCIAL,SO_GIFT_POETRY,贈詩、文,directed,,,0.5,primary,textid=40303,437,A,1,1
32174,94937,SOCIAL,SO_FRIEND,友,undirected,,,0.6,primary,舊唐書,9,M,1,1
32174,94937,SOCIAL,SO_GIFT_POETRY,贈詩、文,directed,,,0.5,primary,textid=40303,437,A,0,1
32174,177103,SOCIAL,SO_GIFT_POETRY,贈詩、文,directed,,,0.5,primary,textid=40303,437,A,1,1
32174,187242,SOCIAL,SO_GIFT_POETRY,贈詩、文,directed,,,0.5,primary,textid=40303,437,A,1,1
32174,189016,TEACHER_STUDENT,TS_CONGYOU,從Y遊,directed,719,,0.7,primary,textid=60019,49,A,1,1
32174,189016,SOCIAL,SO_GIFT_POETRY,贈詩、文,directed,,,0.5,primary,textid=40303,437,A,0,1
32174,195688,SOCIAL,SO_GIFT_POETRY,贈詩、文,directed,,,0.5,primary,textid=40303,437,A,1,1
32174,339631,TEACHER_STUDENT,TS_CONGYOU,從Y遊,directed,719,,0.7,primary,textid=60019,49,A,1,1
32174,339631,SOCIAL,SO_GIFT_POETRY,贈詩、文,directed,,,0.5,primary,textid=40303,437,A,0,1
32174,382863,SOCIAL,SO_GIFT_POETRY,贈詩、文,directed,,,0.5,primary,textid=40303,437,A,1,1
32174,445110,SOCIAL,SO_GIFT_POETRY,贈詩、文,directed,,,0.5,primary,textid=40303,437,A,1,1
32174,445425,SOCIAL,SO_GIFT_POETRY,贈詩、文,directed,,,0.5,primary,textid=40303,437,A,1,1
32174,445518,SOCIAL,SO_GIFT_POETRY,贈詩、文,directed,,,0.5,primary,textid=40303,437,A,1,1
32174,446517,SOCIAL,SO_GIFT_POETRY,贈詩、文,directed,,,0.5,primary,textid=40303,437,A,0,1
32174,446768,SOCIAL,SO_GIFT_POETRY,贈詩、文,directed,,,0.5,primary,textid=40303,437,A,1,1
32174,446821,SOCIAL,SO_GIFT_POETRY,贈詩、文,directed,,,0.5,primary,textid=40303,437,A,1,1
32174,446880,SOCIAL,SO_GIFT_POETRY,贈詩、文,directed,,,0.5,primary,textid=40303,437,A,0,1
32174,448946,SOCIAL,SO_GIFT_POETRY,贈詩、文,directed,,,0.5,primary,textid=40303,437,A,1,1
32174,449290,SOCIAL,SO_GIFT_POETRY,贈詩、文,directed,,,0.5,primary,textid=40303,437,A,1,1
32174,449867,SOCIAL,SO_GIFT_POETRY,贈詩、文,directed,,,0.5,primary,textid=40303,437,A,0,1
32175,3915,SOCIAL,SO_GIFT_POETRY,收到Y的贈詩、文,directed,,,0.5,primary,textid=40303,438,P,0,1
32175,32174,LITERARY,LI_EDIT,詩/文由Y編輯,directed,,,0.4,primary,舊唐書,342,P,0,1
32175,32174,SOCIAL,SO_GIFT_POETRY,收到Y的贈詩、文,directed,,,0.5,primary,textid=40303,438,P,0,1
32175,33566,SOCIAL,SO_GIFT_POETRY,收到Y的贈詩、文,directed,,,0.5,primary,textid=40303,438,P,0,1
32175,92035,SOCIAL,SO_GIFT_POETRY,收到Y的贈詩、文,directed,,,0.5,primary,textid=40303,438,P,1,1
32175,94271,SOCIAL,SO_GIFT_POETRY,收到Y的贈詩、文,directed,,,0.5,primary,textid=40303,438,P,0,1
32189,19244,SOCIAL,SO_GIFT_POETRY,收到Y的贈詩、文,directed,,,0.5,primary,textid=40303,438,P,1,1
32189,31275,SOCIAL,SO_GIFT_POETRY,收到Y的贈詩、文,directed,,,0.5,primary,textid=40303,438,P,1,1
32189,31407,SOCIAL,SO_GIFT_POETRY,收到Y的贈詩、文,directed,,,0.5,primary,textid=40303,438,P,1,1
32189,31560,SOCIAL,SO_GIFT_POETRY,收到Y的贈詩、文,directed,,,0.5,primary,textid=40303,438,P,1,1
32198,19214,SOCIAL,SO_GIFT_POETRY,收到Y的贈詩、文,directed,,,0.5,primary,textid=40303,438,P,1,0
32198,19241,SOCIAL,SO_GIFT_POETRY,收到Y的贈詩、文,directed,,,0.5,primary,textid=40303,438,P,1,0
32198,19242,SOCIAL,SO_GIFT_POETRY,贈詩、文,directed,,,0.5,primary,textid=40303,437,A,1,1
32198,19243,SOCIAL,SO_GIFT_POETRY,贈詩、文,directed,,,0.5,primary,textid=40303,437,A,1,1
32198,24645,SOCIAL,SO_GIFT_POETRY,贈詩、文,directed,,,0.5,primary,textid=40303,437,A,1,1
32198,31082,SOCIAL,SO_GIFT_POETRY,贈詩、文,directed,,,0.5,primary,textid=40303,437,A,1,1
32198,31321,SOCIAL,SO_GIFT_POETRY,贈詩、文,directed,,,0.5,primary,textid=40303,437,A,1,1
32198,31367,SOCIAL,SO_GIFT_POETRY,收到Y的贈詩、文,directed,,,0.5,primary,textid=40303,438,P,1,0
32198,31631,SOCIAL,SO_GIFT_POETRY,贈詩、文,directed,,,0.5,primary,textid=40303,437,A,1,1
32198,32593,SOCIAL,SO_GIFT_POETRY,贈詩、文,directed,,,0.5,primary,textid=40303,437,A,1,0
32198,92452,SOCIAL,SO_GIFT_POETRY,贈詩、文,directed,,,0.5,primary,textid=40303,437,A,1,0
32198,92959,SOCIAL,SO_GIFT_POETRY,贈詩、文,directed,,,0.5,primary,textid=40303,437,A,1,1
32198,92999,SOCIAL,SO_GIFT_POETRY,贈詩、文,directed,,,0.5,primary,textid=40303,437,A,1,1
32198,94500,SOCIAL,SO_GIFT_POETRY,贈詩、文,directed,,,0.5,primary,textid=40303,437,A,1,1
32198,176026,SOCIAL,SO_GIFT_POETRY,贈詩、文,directed,,,0.5,primary,textid=40303,437,A,1,1
32198,188925,SOCIAL,SO_GIFT_POETRY,贈詩、文,directed,,,0.5,primary,textid=40303,437,A,1,1
32198,382589,SOCIAL,SO_GIFT_POETRY,贈詩、文,directed,,,0.5,primary,textid=40303,437,A,1,1
32198,444850,SOCIAL,SO_GIFT_POETRY,贈詩、文,directed,,,0.5,primary,textid=40303,437,A,1,1
32198,446436,SOCIAL,SO_GIFT_POETRY,贈詩、文,directed,,,0.5,primary,textid=40303,437,A,1,1
32198,447292,SOCIAL,SO_GIFT_POETRY,贈詩、文,directed,,,0.5,primary,textid=40303,437,A,1,0
32198,447332,SOCIAL,SO_GIFT_POETRY,贈詩、文,directed,,,0.5,primary,textid=40303,437,A,1,1
32198,450146,SOCIAL,SO_GIFT_POETRY,贈詩、文,directed,,,0.5,primary,textid=40303,437,A,1,1
32202,13059,KIN,K_OTHER,從兄弟;堂兄弟,directed,,,0.7,primary,textid=24309,119,KIN,0,1
32202,13060,SOCIAL,SO_GIFT_POETRY,收到Y的贈詩、文,directed,,,0.5,primary,textid=40303,438,P,1,1
32202,17130,SOCIAL,SO_GIFT_POETRY,收到Y的贈詩、文,directed,,,0.5,primary,textid=40303,438,P,1,1
32202,31068,SOCIAL,SO_GIFT_POETRY,收到Y的贈詩、文,directed,,,0.5,primary,textid=40303,438,P,1,1
32206,32207,KIN,K_CHILD,長子; 第一子,directed,,,1.0,inferred,,182,KIN,0,1
32207,3316,SOCIAL,SO_GIFT_POETRY,贈詩、文,directed,,,0.5,primary,textid=40303,437,A,0,1
32207,3789,SOCIAL,SO_GIFT_POETRY,贈詩、文,directed,,,0.5,primary,textid=40303,437,A,0,1
32207,12236,SOCIAL,SO_GIFT_POETRY,贈詩、文,directed,,,0.5,primary,textid=40303,437,A,1,1
32207,32206,KIN,K_PARENT,父,directed,,,1.0,inferred,,75,KIN,1,1
32207,32208,KIN,K_CHILD,長子; 第一子,directed,,,1.0,inferred,,182,KIN,1,1
32207,33094,SOCIAL,SO_GIFT_POETRY,贈詩、文,directed,,,0.5,primary,textid=40303,437,A,1,1
32207,92389,SOCIAL,SO_GIFT_POETRY,贈詩、文,directed,,,0.5,primary,textid=40303,437,A,0,1
32207,93031,SOCIAL,SO_GIFT_POETRY,贈詩、文,directed,,,0.5,primary,textid=40303,437,A,0,1
32207,445628,SOCIAL,SO_GIFT_POETRY,贈詩、文,directed,,,0.5,primary,textid=40303,437,A,0,1
32207,447783,SOCIAL,SO_GIFT_POETRY,贈詩、文,directed,,,0.5,primary,textid=40303,437,A,1,1
32207,448124,SOCIAL,SO_GIFT_POETRY,贈詩、文,directed,,,0.5,primary,textid=40303,437,A,0,1
32207,448189,SOCIAL,SO_GIFT_POETRY,贈詩、文,directed,,,0.5,primary,textid=40303,437,A,1,1
32207,448191,SOCIAL,SO_GIFT_POETRY,贈詩、文,directed,,,0.5,primary,textid=40303,437,A,1,1
32207,448192,SOCIAL,SO_GIFT_POETRY,贈詩、文,directed,,,0.5,primary,textid=40303,437,A,0,1
32207,450002,SOCIAL,SO_GIFT_POETRY,贈詩、文,directed,,,0.5,primary,textid=40303,437,A,0,1
32208,32207,KIN,K_PARENT,父,directed,,,1.0,inferred,,75,KIN,0,1
32225,19254,SOCIAL,SO_GIFT_POETRY,收到Y的贈詩、文,directed,,,0.5,primary,textid=40303,438,P,1,1
32225,21194,SOCIAL,SO_GIFT_POETRY,收到Y的贈詩、文,directed,,,0.5,primary,textid=40303,438,P,0,1
32225,32227,SOCIAL,SO_GIFT_POETRY,收到Y的贈詩、文,directed,,,0.5,primary,textid=40303,438,P,0,1
32225,32227,KIN,K_OTHER,從兄弟;堂兄弟,directed,,,0.7,primary,textid=24309,119,KIN,0,1
32225,33649,SOCIAL,SO_GIFT_POETRY,收到Y的贈詩、文,directed,,,0.5,primary,textid=40303,438,P,0,1
32227,3915,SOCIAL,SO_GIFT_POETRY,收到Y的贈詩、文,directed,,,0.5,primary,textid=40303,438,P,1,0
32227,13575,SOCIAL,SO_GIFT_POETRY,收到Y的贈詩、文,directed,,,0.5,primary,textid=40303,438,P,0,0
32227,13628,SOCIAL,SO_GIFT_POETRY,贈詩、文,directed,,,0.5,primary,textid=40303,437,A,1,1
32227,13629,SOCIAL,SO_GIFT_POETRY,贈詩、文,directed,,,0.5,primary,textid=40303,437,A,1,1
32227,15161,SOCIAL,SO_GIFT_POETRY,收到Y的贈詩、文,directed,,,0.5,primary,textid=40303,438,P,1,0
32227,22436,SOCIAL,SO_GIFT_POETRY,贈詩、文,directed,,,0.5,primary,textid=40303,437,A,1,1
32227,22559,SOCIAL,SO_GIFT_POETRY,贈詩、文,directed,,,0.5,primary,textid=40303,437,A,0,1
32227,22559,KIN,K_AFFINAL,妻兄,directed,,,0.7,primary,textid=24860,137,KIN,1,1
32227,22560,LITERARY,LI_LETTER,致書Y,directed,816,,0.4,inferred,,429,A,0,1
32227,22560,SOCIAL,SO_GIFT_POETRY,贈詩、文,directed,,,0.5,primary,textid=40303,437,A,0,1
32227,22560,KIN,K_OTHER,妻之族兄弟姊妹,directed,,,0.7,primary,白氏長慶集,320,KIN,1,1
32227,24654,SOCIAL,SO_GIFT_POETRY,收到Y的贈詩、文,directed,,,0.5,primary,textid=40303,438,P,1,0
32227,30868,SOCIAL,SO_GIFT_POETRY,贈詩、文,directed,,,0.5,primary,textid=40303,437,A,0,1
32227,32054,SOCIAL,SO_GIFT_POETRY,收到Y的贈詩、文,directed,,,0.5,primary,textid=40303,438,P,0,0
32227,32109,LITERARY,LI_EPITAPH,為Y作墓誌銘,directed,,,0.4,inferred,,44,A,1,1
32227,32109,SOCIAL,SO_GIFT_POETRY,贈詩、文,directed,,,0.5,primary,textid=40303,437,A,0,1
32227,32225,SOCIAL,SO_GIFT_POETRY,贈詩、文,directed,,,0.5,primary,textid=40303,437,A,0,1
32227,32225,KIN,K_OTHER,從兄弟;堂兄弟,directed,,,0.7,primary,textid=24309,119,KIN,1,1
32227,32248,SOCIAL,SO_FRIEND,友,undirected,,,0.6,inferred,,9,M,0,0
32227,32248,COLLEAGUE,CL_TONGNIAN,同年友,undirected,,,0.7,primary,舊唐書,10,M,1,0
32227,32248,LITERARY,LI_EPITAPH,為Y作墓誌銘,directed,831,,0.4,inferred,,44,A,0,0
32227,32248,LITERARY,LI_EULOGY,為Y作祭文,directed,,,0.4,inferred,,145,A,0,0
32227,32248,LITERARY,LI_LETTER,致書Y,directed,,,0.4,inferred,,429,A,0,0
32227,32248,SOCIAL,SO_GIFT_POETRY,贈詩、文,directed,,,0.5,primary,textid=40303,437,A,0,0
32227,32540,SOCIAL,SO_GIFT_POETRY,贈詩、文,directed,,,0.5,primary,textid=40303,437,A,1,0
32227,32575,SOCIAL,SO_GIFT_POETRY,贈詩、文,directed,,,0.5,primary,textid=40303,437,A,1,1
32227,32644,SOCIAL,SO_GIFT_POETRY,贈詩、文,directed,,,0.5,primary,textid=40303,437,A,1,1
32227,32760,LITERARY,LI_EULOGY,為Y作祭文,directed,,,0.4,inferred,,145,A,1,1
32227,32760,SOCIAL,SO_GIFT_POETRY,贈詩、文,directed,,,0.5,primary,textid=40303,437,A,0,1
32227,32785,LITERARY,LI_LETTER,致書Y,directed,,,0.4,inferred,,429,A,1,1
32227,32822,SOCIAL,SO_GIFT_POETRY,贈詩、文,directed,,,0.5,primary,textid=40303,437,A,1,0
32227,32980,SOCIAL,SO_GIFT_POETRY,贈詩、文,directed,,,0.5,primary,textid=40303,437,A,1,0
32227,33104,LITERARY,LI_EPITAPH,為Y作墓誌銘,directed,831,,0.4,inferred,,44,A,0,1
32227,33104,COLLEAGUE,CL_TONGLIAO,同僚,undirected,,,0.8,inferred,,197,M,1,1
32227,33104,SOCIAL,SO_GIFT_POETRY,贈詩、文,directed,,,0.5,primary,textid=40303,437,A,0,1
32227,33148,COLLEAGUE,CL_EXAMINER,為Y之考官,directed,,,0.8,primary,白氏長慶集,558,A,0,1
32227,33158,SOCIAL,SO_GIFT_POETRY,贈詩、文,directed,,,0.5,primary,textid=40303,437,A,1,1
32227,33487,SOCIAL,SO_GIFT_POETRY,贈詩、文,directed,,,0.5,primary,textid=40303,437,A,1,1
32227,33589,SOCIAL,SO_GIFT_POETRY,贈詩、文,directed,,,0.5,primary,textid=40303,437,A,1,0
32227,33606,SOCIAL,SO_FRIEND,友,undirected,,,0.6,inferred,,9,M,0,0
32227,33606,LITERARY,LI_LETTER,致書Y,directed,,,0.4,inferred,,429,A,1,0
32227,33606,SOCIAL,SO_GIFT_POETRY,贈詩、文,directed,,,0.5,primary,textid=40303,437,A,0,0
32227,91939,SOCIAL,SO_GIFT_POETRY,贈詩、文,directed,,,0.5,primary,textid=40303,437,A,1,1
32227,92047,SOCIAL,SO_GIFT_POETRY,贈詩、文,directed,,,0.5,primary,textid=40303,437,A,1,0
32227,92061,SOCIAL,SO_GIFT_POETRY,贈詩、文,directed,,,0.5,primary,textid=40303,437,A,1,1
32227,92136,LITERARY,LI_PREAMBLE,為Y所著書作序,directed,,,0.4,inferred,,32,A,1,1
32227,92136,SOCIAL,SO_GIFT_POETRY,贈詩、文,directed,,,0.5,primary,textid=40303,437,A,0,1
32227,92154,LITERARY,LI_EULOGY,為Y作祭文,directed,,,0.4,inferred,,145,A,1,1
32227,92154,SOCIAL,SO_GIFT_POETRY,贈詩、文,directed,,,0.5,primary,textid=40303,437,A,0,1
32227,92155,SOCIAL,SO_GIFT_POETRY,贈詩、文,directed,,,0.5,primary,textid=40303,437,A,0,1
32227,92324,SOCIAL,SO_GIFT_POETRY,贈詩、文,directed,,,0.5,primary,textid=40303,437,A,1,1
32227,92533,SOCIAL,SO_GIFT_POETRY,贈詩、文,directed,,,0.5,primary,textid=40303,437,A,0,1
32227,92704,SOCIAL,SO_GIFT_POETRY,贈詩、文,directed,,,0.5,primary,textid=40303,437,A,0,1
32227,92982,COLLEAGUE,CL_TONGLIAO,同僚,undirected,,,0.8,inferred,,197,M,1,0
32227,92982,SOCIAL,SO_GIFT_POETRY,贈詩、文,directed,,,0.5,primary,textid=40303,437,A,0,0
32227,92999,SOCIAL,SO_GIFT_POETRY,贈詩、文,directed,,,0.5,primary,textid=40303,437,A,1,1
32227,93022,SOCIAL,SO_GIFT_POETRY,贈詩、文,directed,,,0.5,primary,textid=40303,437,A,1,1
32227,93025,SOCIAL,SO_GIFT_POETRY,贈詩、文,directed,,,0.5,primary,textid=40303,437,A,1,1
32227,93063,SOCIAL,SO_GIFT_POETRY,贈詩、文,directed,,,0.5,primary,textid=40303,437,A,1,1
32227,93071,SOCIAL,SO_GIFT_POETRY,贈詩、文,directed,,,0.5,primary,textid=40303,437,A,1,1
32227,93139,SOCIAL,SO_GIFT_POETRY,贈詩、文,directed,,,0.5,primary,textid=40303,437,A,0,1
32227,93141,SOCIAL,SO_GIFT_POETRY,贈詩、文,directed,,,0.5,primary,textid=40303,437,A,1,1
32227,93189,COLLEAGUE,CL_RECOMMEND,推薦,directed,,,0.7,inferred,,13,A,1,1
32227,93189,SOCIAL,SO_GIFT_POETRY,贈詩、文,directed,,,0.5,primary,textid=40303,437,A,0,1
32227,93220,LITERARY,LI_EPITAPH,為Y作墓誌銘,directed,,,0.4,inferred,,44,A,1,1
32227,93220,LITERARY,LI_STELE,為Y作神道碑,directed,,,0.4,inferred,,406,A,0,1
32227,93220,SOCIAL,SO_GIFT_POETRY,贈詩、文,directed,,,0.5,primary,textid=40303,437,A,0,1
32227,93367,SOCIAL,SO_GIFT_POETRY,贈詩、文,directed,,,0.5,primary,textid=40303,437,A,1,1
32227,93956,SOCIAL,SO_GIFT_POETRY,贈詩、文,directed,,,0.5,primary,textid=40303,437,A,1,0
32227,94051,SOCIAL,SO_GIFT_POETRY,贈詩、文,directed,,,0.5,primary,textid=40303,437,A,1,1
32227,94116,SOCIAL,SO_GIFT_POETRY,贈詩、文,directed,,,0.5,primary,textid=40303,437,A,1,0
32227,94240,SOCIAL,SO_VISIT,拜訪,directed,,,0.4,primary,舊唐書,339,A,0,1
32227,94240,POLITICAL,PO_ADMIRE,欣賞/器重,directed,,,0.5,inferred,,18,A,0,1
32227,94273,SOCIAL,SO_GIFT_POETRY,贈詩、文,directed,,,0.5,primary,textid=40303,437,A,1,1
32227,94324,SOCIAL,SO_GIFT_POETRY,贈詩、文,directed,,,0.5,primary,textid=40303,437,A,0,1
32227,94576,LITERARY,LI_EULOGY,為Y作祭文,directed,,,0.4,inferred,,145,A,1,1
32227,94576,LITERARY,LI_LETTER,答Y書,directed,,,0.4,inferred,,431,A,0,1
32227,94871,SOCIAL,SO_GIFT_POETRY,贈詩、文,directed,,,0.5,primary,textid=40303,437,A,1,1
32227,94941,SOCIAL,SO_GIFT_POETRY,贈詩、文,directed,,,0.5,primary,textid=40303,437,A,1,1
32227,95068,SOCIAL,SO_CHANGHE,相唱和,undirected,,,0.6,primary,textid=9601,114,M,1,0
32227,95068,SOCIAL,SO_GIFT_POETRY,贈詩、文,directed,,,0.5,primary,textid=40303,437,A,0,0
32227,145215,SOCIAL,SO_GIFT_POETRY,贈詩、文,directed,,,0.5,primary,textid=40303,437,A,0,1
32227,156023,SOCIAL,SO_GIFT_POETRY,贈詩、文,directed,,,0.5,primary,textid=40303,437,A,1,1
32227,171253,SOCIAL,SO_GIFT_POETRY,贈詩、文,directed,,,0.5,primary,textid=40303,437,A,1,1
32227,175289,SOCIAL,SO_GIFT_POETRY,贈詩、文,directed,,,0.5,primary,textid=40303,437,A,1,1
32227,176037,SOCIAL,SO_GIFT_POETRY,贈詩、文,directed,,,0.5,primary,textid=40303,437,A,0,1
32227,176815,SOCIAL,SO_GIFT_POETRY,贈詩、文,directed,,,0.5,primary,textid=40303,437,A,1,1
32227,178361,SOCIAL,SO_GIFT_POETRY,贈詩、文,directed,,,0.5,primary,textid=40303,437,A,1,1
32227,184472,SOCIAL,SO_GIFT_POETRY,贈詩、文,directed,,,0.5,primary,textid=40303,437,A,1,1
32227,187046,SOCIAL,SO_GIFT_POETRY,贈詩、文,directed,,,0.5,primary,textid=40303,437,A,1,1
32227,189016,SOCIAL,SO_GIFT_POETRY,贈詩、文,directed,,,0.5,primary,textid=40303,437,A,1,1
32227,189491,SOCIAL,SO_GIFT_POETRY,贈詩、文,directed,,,0.5,primary,textid=40303,437,A,1,1
32227,194588,SOCIAL,SO_GIFT_POETRY,贈詩、文,directed,,,0.5,primary,textid=40303,437,A,1,1
32227,377178,SOCIAL,SO_GIFT_POETRY,贈詩、文,directed,,,0.5,primary,textid=40303,437,A,1,1
32227,382863,SOCIAL,SO_GIFT_POETRY,贈詩、文,directed,,,0.5,primary,textid=40303,437,A,1,1
32227,382868,SOCIAL,SO_GIFT_POETRY,贈詩、文,directed,,,0.5,primary,textid=40303,437,A,1,1
32227,445068,SOCIAL,SO_GIFT_POETRY,贈詩、文,directed,,,0.5,primary,textid=40303,437,A,1,1
32227,445192,SOCIAL,SO_GIFT_POETRY,贈詩、文,directed,,,0.5,primary,textid=40303,437,A,1,1
32227,445237,SOCIAL,SO_GIFT_POETRY,贈詩、文,directed,,,0.5,primary,textid=40303,437,A,1,1
32227,445341,SOCIAL,SO_GIFT_POETRY,贈詩、文,directed,,,0.5,primary,textid=40303,437,A,1,1
32227,445530,SOCIAL,SO_GIFT_POETRY,贈詩、文,directed,,,0.5,primary,textid=40303,437,A,1,1
32227,445886,SOCIAL,SO_GIFT_POETRY,贈詩、文,directed,,,0.5,primary,textid=40303,437,A,1,1
32227,445983,SOCIAL,SO_GIFT_POETRY,贈詩、文,directed,,,0.5,primary,白氏長慶集,437,A,1,0
32227,446450,SOCIAL,SO_GIFT_POETRY,贈詩、文,directed,,,0.5,primary,textid=40303,437,A,1,1
32227,446523,SOCIAL,SO_GIFT_POETRY,贈詩、文,directed,,,0.5,primary,textid=40303,437,A,1,1
32227,446556,SOCIAL,SO_GIFT_POETRY,贈詩、文,directed,,,0.5,primary,textid=40303,437,A,1,1
32227,446579,SOCIAL,SO_GIFT_POETRY,贈詩、文,directed,,,0.5,primary,textid=40303,437,A,1,1
32227,446704,SOCIAL,SO_GIFT_POETRY,贈詩、文,directed,,,0.5,primary,textid=40303,437,A,1,1
32227,446711,SOCIAL,SO_GIFT_POETRY,贈詩、文,directed,,,0.5,primary,textid=40303,437,A,1,1
32227,446733,SOCIAL,SO_GIFT_POETRY,贈詩、文,directed,,,0.5,primary,textid=40303,437,A,1,1
32227,446797,SOCIAL,SO_GIFT_POETRY,贈詩、文,directed,,,0.5,primary,textid=40303,437,A,1,1
32227,446811,LITERARY,LI_EULOGY,為Y作祭文,directed,,,0.4,inferred,,145,A,1,1
32227,446811,SOCIAL,SO_GIFT_POETRY,贈詩、文,directed,,,0.5,primary,textid=40303,437,A,0,1
32227,447201,SOCIAL,SO_GIFT_POETRY,贈詩、文,directed,,,0.5,primary,textid=40303,437,A,0,1
32227,447213,SOCIAL,SO_GIFT_POETRY,贈詩、文,directed,,,0.5,primary,textid=40303,437,A,0,1
32227,447346,SOCIAL,SO_GIFT_POETRY,贈詩、文,directed,,,0.5,primary,textid=40303,437,A,1,1
32227,447485,SOCIAL,SO_GIFT_POETRY,贈詩、文,directed,,,0.5,primary,textid=40303,437,A,1,1
32227,447489,SOCIAL,SO_GIFT_POETRY,贈詩、文,directed,,,0.5,primary,textid=40303,437,A,1,1
32227,447879,SOCIAL,SO_GIFT_POETRY,贈詩、文,directed,,,0.5,primary,textid=40303,437,A,1,1
32227,448033,SOCIAL,SO_GIFT_POETRY,贈詩、文,directed,,,0.5,primary,textid=40303,437,A,1,1
32227,448187,SOCIAL,SO_GIFT_POETRY,贈詩、文,directed,,,0.5,primary,textid=40303,437,A,1,1
32227,448470,SOCIAL,SO_GIFT_POETRY,贈詩、文,directed,,,0.5,primary,textid=40303,437,A,1,1
32227,449024,SOCIAL,SO_GIFT_POETRY,贈詩、文,directed,,,0.5,primary,textid=40303,437,A,1,1
32227,449569,SOCIAL,SO_GIFT_POETRY,贈詩、文,directed,,,0.5,primary,textid=40303,437,A,1,1
32227,449848,SOCIAL,SO_GIFT_POETRY,贈詩、文,directed,,,0.5,primary,textid=40303,437,A,1,1
32227,450027,SOCIAL,SO_GIFT_POETRY,贈詩、文,directed,,,0.5,primary,textid=40303,437,A,0,1
32227,450076,SOCIAL,SO_GIFT_POETRY,贈詩、文,directed,,,0.5,primary,textid=40303,437,A,0,1
32227,450597,SOCIAL,SO_GIFT_POETRY,贈詩、文,directed,,,0.5,primary,textid=40303,437,A,1,1
32227,450670,SOCIAL,SO_GIFT_POETRY,贈詩、文,directed,,,0.5,primary,textid=40303,437,A,1,1
32248,3332,SOCIAL,SO_GIFT_POETRY,收到Y的贈詩、文,directed,,,0.5,primary,textid=40303,438,P,0,0
32248,3915,LITERARY,LI_EPITAPH,墓誌銘由Y所作,directed,770,,0.4,inferred,,43,P,1,0
32248,3915,SOCIAL,SO_GIFT_POETRY,收到Y的贈詩、文,directed,,,0.5,primary,textid=40303,438,P,0,0
32248,13624,SOCIAL,SO_GIFT_POETRY,收到Y的贈詩、文,directed,,,0.5,primary,textid=40303,438,P,1,0
32248,13628,SOCIAL,SO_GIFT_POETRY,贈詩、文,directed,,,0.5,primary,textid=40303,437,A,1,1
32248,13629,SOCIAL,SO_GIFT_POETRY,贈詩、文,directed,,,0.5,primary,textid=40303,437,A,1,1
32248,24691,SOCIAL,SO_GIFT_POETRY,贈詩、文,directed,,,0.5,primary,textid=40303,437,A,1,1
32248,30868,SOCIAL,SO_GIFT_POETRY,贈詩、文,directed,,,0.5,primary,textid=40303,437,A,1,1
32248,32109,SOCIAL,SO_GIFT_POETRY,贈詩、文,directed,,,0.5,primary,textid=40303,437,A,1,1
32248,32227,LITERARY,LI_PREAMBLE,書序由Y所作,directed,,,0.4,primary,元氏長慶集,33,P,0,0
32248,32227,SOCIAL,SO_GIFT_POETRY,收到Y的贈詩、文,directed,,,0.5,primary,textid=40303,438,P,0,0
32248,33153,SOCIAL,SO_GIFT_POETRY,贈詩、文,directed,,,0.5,primary,textid=40303,437,A,1,1
32248,33606,SOCIAL,SO_FRIEND,友,undirected,,,0.6,primary,textid=9602,9,M,1,0
32248,91939,SOCIAL,SO_GIFT_POETRY,贈詩、文,directed,,,0.5,primary,textid=40303,437,A,1,1
32248,92061,SOCIAL,SO_GIFT_POETRY,贈詩、文,directed,,,0.5,primary,textid=40303,437,A,1,1
32248,92136,SOCIAL,SO_GIFT_POETRY,贈詩、文,directed,,,0.5,primary,textid=40303,437,A,1,1
32248,92153,SOCIAL,SO_GIFT_POETRY,贈詩、文,directed,,,0.5,primary,textid=40303,437,A,1,1
32248,92154,SOCIAL,SO_GIFT_POETRY,贈詩、文,directed,,,0.5,primary,textid=40303,437,A,1,1
32248,92177,SOCIAL,SO_GIFT_POETRY,贈詩、文,directed,,,0.5,primary,textid=40303,437,A,0,1
32248,92177,KIN,K_AFFINAL,岳父,directed,,,0.7,primary,textid=32033,76,KIN,1,1
32248,92452,SOCIAL,SO_GIFT_POETRY,贈詩、文,directed,,,0.5,primary,textid=40303,437,A,1,0
32248,92516,SOCIAL,SO_GIFT_POETRY,贈詩、文,directed,,,0.5,primary,textid=40303,437,A,1,0
32248,92533,SOCIAL,SO_GIFT_POETRY,贈詩、文,directed,,,0.5,primary,textid=40303,437,A,0,1
32248,92982,SOCIAL,SO_FRIEND,友,undirected,,,0.6,primary,textid=9602,9,M,1,0
32248,92982,SOCIAL,SO_GIFT_POETRY,贈詩、文,directed,,,0.5,primary,textid=40303,437,A,0,0
32248,92999,SOCIAL,SO_GIFT_POETRY,贈詩、文,directed,,,0.5,primary,textid=40303,437,A,1,1
32248,93025,SOCIAL,SO_GIFT_POETRY,贈詩、文,directed,,,0.5,primary,textid=40303,437,A,1,1
32248,93063,SOCIAL,SO_GIFT_POETRY,贈詩、文,directed,,,0.5,primary,textid=40303,437,A,1,1
32248,93139,SOCIAL,SO_FRIEND,友,undirected,,,0.6,primary,textid=9602,9,M,1,1
32248,93139,SOCIAL,SO_GIFT_POETRY,贈詩、文,directed,,,0.5,primary,textid=40303,437,A,0,1
32248,93220,SOCIAL,SO_GIFT_POETRY,贈詩、文,directed,,,0.5,primary,textid=40303,437,A,1,1
32248,93311,SOCIAL,SO_GIFT_POETRY,贈詩、文,directed,,,0.5,primary,textid=40303,437,A,0,1
32248,94018,SOCIAL,SO_GIFT_POETRY,贈詩、文,directed,,,0.5,primary,textid=40303,437,A,0,1
32248,94273,SOCIAL,SO_GIFT_POETRY,贈詩、文,directed,,,0.5,primary,textid=40303,437,A,1,1
32248,94617,SOCIAL,SO_GIFT_POETRY,贈詩、文,directed,,,0.5,primary,textid=40303,437,A,0,1
32248,94871,SOCIAL,SO_FRIEND,友,undirected,,,0.6,primary,textid=9602,9,M,1,1
32248,94871,SOCIAL,SO_GIFT_POETRY,贈詩、文,directed,,,0.5,primary,textid=40303,437,A,0,1
32248,94888,SOCIAL,SO_GIFT_POETRY,贈詩、文,directed,,,0.5,primary,textid=40303,437,A,1,1
32248,94941,SOCIAL,SO_GIFT_POETRY,贈詩、文,directed,,,0.5,primary,textid=40303,437,A,0,1
32248,95068,SOCIAL,SO_FRIEND,友,undirected,,,0.6,primary,textid=9602,9,M,1,0
32248,95068,SOCIAL,SO_CHANGHE,相唱和,undirected,,,0.6,primary,textid=9601,114,M,0,0
32248,95210,KIN,K_OTHER,表姐妹,directed,,,0.7,primary,textid=9601,414,KIN,1,0
32248,156023,SOCIAL,SO_GIFT_POETRY,贈詩、文,directed,,,0.5,primary,textid=40303,437,A,1,1
32248,171253,SOCIAL,SO_GIFT_POETRY,贈詩、文,directed,,,0.5,primary,textid=40303,437,A,1,1
32248,188190,SOCIAL,SO_GIFT_POETRY,贈詩、文,directed,,,0.5,primary,textid=40303,437,A,1,1
32248,194588,SOCIAL,SO_GIFT_POETRY,贈詩、文,directed,,,0.5,primary,textid=40303,437,A,1,1
32248,382368,SOCIAL,SO_GIFT_POETRY,贈詩、文,directed,,,0.5,primary,textid=40303,437,A,1,1
32248,382868,SOCIAL,SO_GIFT_POETRY,贈詩、文,directed,,,0.5,primary,textid=40303,437,A,1,1
32248,446450,SOCIAL,SO_GIFT_POETRY,贈詩、文,directed,,,0.5,primary,textid=40303,437,A,1,1
32248,446556,SOCIAL,SO_GIFT_POETRY,贈詩、文,directed,,,0.5,primary,textid=40303,437,A,1,1
32248,446704,SOCIAL,SO_GIFT_POETRY,贈詩、文,directed,,,0.5,primary,textid=40303,437,A,1,1
32248,446753,SOCIAL,SO_GIFT_POETRY,贈詩、文,directed,,,0.5,primary,textid=40303,437,A,1,1
32248,447213,SOCIAL,SO_GIFT_POETRY,贈詩、文,directed,,,0.5,primary,textid=40303,437,A,0,1
32248,447735,SOCIAL,SO_GIFT_POETRY,贈詩、文,directed,,,0.5,primary,textid=40303,437,A,1,1
32248,448187,SOCIAL,SO_GIFT_POETRY,贈詩、文,directed,,,0.5,primary,textid=40303,437,A,1,1
32248,449550,SOCIAL,SO_GIFT_POETRY,贈詩、文,directed,,,0.5,primary,textid=40303,437,A,0,1
32248,449569,SOCIAL,SO_GIFT_POETRY,贈詩、文,directed,,,0.5,primary,textid=40303,437,A,1,1
32400,13624,KIN,K_AFFINAL,女婿,directed,,,0.7,inferred,,181,KIN,0,1
32404,19244,SOCIAL,SO_GIFT_POETRY,收到Y的贈詩、文,directed,,,0.5,primary,textid=40303,438,P,1,1
32404,26935,SOCIAL,SO_GIFT_POETRY,收到Y的贈詩、文,directed,,,0.5,primary,textid=40303,438,P,1,1
32404,32593,SOCIAL,SO_GIFT_POETRY,收到Y的贈詩、文,directed,,,0.5,primary,textid=40303,438,P,0,1
32430,13060,SOCIAL,SO_GIFT_POETRY,收到Y的贈詩、文,directed,,,0.5,primary,textid=40303,438,P,0,1
32430,13060,COLLEAGUE,CL_SUPERIOR,上司為Y,directed,,,0.8,inferred,,481,P,0,1
32430,95025,KIN,K_OTHER,孫,directed,,,0.7,primary,textid=24309,243,KIN,0,1
32534,15353,SOCIAL,SO_GIFT_POETRY,贈詩、文,directed,,,0.5,primary,textid=40303,437,A,1,1
32534,19244,SOCIAL,SO_GIFT_POETRY,收到Y的贈詩、文,directed,,,0.5,primary,textid=40303,438,P,1,0
32534,31453,SOCIAL,SO_GIFT_POETRY,贈詩、文,directed,,,0.5,primary,textid=40303,437,A,1,1
32534,32061,SOCIAL,SO_GIFT_POETRY,贈詩、文,directed,,,0.5,primary,textid=40303,437,A,1,1
32534,32136,SOCIAL,SO_GIFT_POETRY,贈詩、文,directed,,,0.5,primary,textid=40303,437,A,0,1
32534,187373,KIN,K_CHILD,子,directed,,,1.0,primary,textid=32033,180,KIN,1,1
32534,447993,KIN,K_NEPHEW_NIECE,從子;姪子,directed,,,0.7,primary,歷代名畫記,177,KIN,1,1
32540,3915,SOCIAL,SO_GIFT_POETRY,收到Y的贈詩、文,directed,,,0.5,primary,textid=25640,438,P,0,0
32540,11605,SOCIAL,SO_GIFT_POETRY,收到Y的贈詩、文,directed,,,0.5,primary,textid=40303,438,P,0,0
32540,12236,SOCIAL,SO_GIFT_POETRY,贈詩、文,directed,,,0.5,primary,textid=40303,437,A,0,1
32540,15353,SOCIAL,SO_GIFT_POETRY,贈詩、文,directed,,,0.5,primary,textid=40303,437,A,0,1
32540,15353,POLITICAL,PO_ADMIRE,欣賞/器重,directed,742,,0.5,primary,textid=25640,18,A,0,1
32540,19244,SOCIAL,SO_GIFT_POETRY,收到Y的贈詩、文,directed,,,0.5,primary,textid=40303,438,P,0,0
32540,30851,SOCIAL,SO_GIFT_POETRY,收到Y的贈詩、文,directed,,,0.5,primary,textid=40303,438,P,0,0
32540,31222,SOCIAL,SO_GIFT_POETRY,收到Y的贈詩、文,directed,,,0.5,primary,textid=40303,438,P,1,0
32540,31407,SOCIAL,SO_GIFT_POETRY,收到Y的贈詩、文,directed,,,0.5,primary,textid=40303,438,P,1,0
32540,31561,SOCIAL,SO_GIFT_POETRY,贈詩、文,directed,,,0.5,primary,textid=40303,437,A,1,1
32540,31592,LITERARY,LI_LETTER,致書Y,directed,,,0.4,primary,textid=40303,429,A,1,1
32540,32061,LITERARY,LI_LETTER,致書Y,directed,734,,0.4,primary,textid=25640,429,A,1,1
32540,32162,SOCIAL,SO_GIFT_POETRY,贈詩、文,directed,,,0.5,primary,textid=40303,437,A,0,1
32540,32162,LITERARY,LI_EPITAPH,為Y作墓誌銘,directed,,,0.4,primary,textid=25640,44,A,0,1
32540,32694,TEACHER_STUDENT,TS_CONGYOU,從Y遊,directed,,,0.7,primary,textid=25640,49,A,1,1
32540,32694,SOCIAL,SO_GIFT_POETRY,贈詩、文,directed,,,0.5,primary,textid=40303,437,A,0,1
32540,33026,SOCIAL,SO_GIFT_POETRY,贈詩、文,directed,,,0.5,primary,textid=40303,437,A,1,1
32540,33062,SOCIAL,SO_GIFT_POETRY,贈詩、文,directed,,,0.5,primary,textid=40303,437,A,1,0
32540,33754,SOCIAL,SO_GIFT_POETRY,贈詩、文,directed,,,0.5,primary,textid=40303,437,A,1,1
32540,92035,SOCIAL,SO_GIFT_POETRY,贈詩、文,directed,,,0.5,primary,textid=40303,437,A,1,0
32540,92180,TEACHER_STUDENT,TS_STUDENT,為Y之學生,directed,,,0.8,primary,唐詩紀事,22,A,0,1
32540,92704,SOCIAL,SO_GIFT_POETRY,贈詩、文,directed,,,0.5,primary,textid=40303,437,A,0,1
32540,92864,SOCIAL,SO_GIFT_POETRY,贈詩、文,directed,,,0.5,primary,textid=40303,437,A,0,1
32540,92921,SOCIAL,SO_GIFT_POETRY,贈詩、文,directed,,,0.5,primary,textid=40303,437,A,0,1
32540,92921,KIN,K_OTHER,族父,directed,,,0.7,primary,textid=24309,97,KIN,1,1
32540,93297,SOCIAL,SO_GIFT_POETRY,贈詩、文,directed,,,0.5,primary,textid=40303,437,A,1,1
32540,93476,SOCIAL,SO_GIFT_POETRY,贈詩、文,directed,,,0.5,primary,textid=40303,437,A,0,1
32540,93956,SOCIAL,SO_GIFT_POETRY,贈詩、文,directed,,,0.5,primary,textid=40303,437,A,1,0
32540,94475,SOCIAL,SO_GIFT_POETRY,贈詩、文,directed,,,0.5,primary,textid=40303,437,A,0,1
32540,95025,SOCIAL,SO_GIFT_POETRY,贈詩、文,directed,,,0.5,primary,textid=40303,437,A,1,0
32540,146097,SOCIAL,SO_GIFT_POETRY,贈詩、文,directed,,,0.5,primary,textid=40303,437,A,1,0
32540,173788,TEACHER_STUDENT,TS_CONGYOU,從Y遊,directed,,,0.7,primary,textid=40303,49,A,1,1
32540,184796,SOCIAL,SO_TONGYOU,與Y遊,undirected,,,0.5,primary,舊唐書,277,M,1,1
32540,381119,SOCIAL,SO_GIFT_POETRY,贈詩、文,directed,,,0.5,primary,textid=40303,437,A,1,1
32540,381573,SOCIAL,SO_GIFT_POETRY,贈詩、文,directed,,,0.5,primary,textid=40303,437,A,1,1
32540,439016,SOCIAL,SO_FRIEND,友,undirected,,,0.6,primary,textid=9602,9,M,1,1
32540,445791,SOCIAL,SO_GIFT_POETRY,贈詩、文,directed,,,0.5,primary,textid=40303,437,A,1,1
32540,446517,SOCIAL,SO_GIFT_POETRY,贈詩、文,directed,,,0.5,primary,textid=40303,437,A,1,1
32540,446659,SOCIAL,SO_GIFT_POETRY,贈詩、文,directed,,,0.5,primary,textid=40303,437,A,0,1
32540,446768,LITERARY,LI_LETTER,致書Y,directed,,,0.4,primary,textid=25640,429,A,1,1
32540,446768,SOCIAL,SO_GIFT_POETRY,贈詩、文,directed,,,0.5,primary,textid=40303,437,A,0,1
32540,447047,SOCIAL,SO_GIFT_POETRY,贈詩、文,directed,,,0.5,primary,textid=40303,437,A,0,1
32540,447047,COLLEAGUE,CL_RECOMMEND,推薦,directed,742,,0.7,primary,textid=25640,13,A,0,1
32540,447110,SOCIAL,SO_GIFT_POETRY,贈詩、文,directed,,,0.5,primary,textid=40303,437,A,0,1
32540,447201,SOCIAL,SO_GIFT_POETRY,贈詩、文,directed,,,0.5,primary,textid=40303,437,A,0,1
32540,448714,SOCIAL,SO_GIFT_POETRY,贈詩、文,directed,,,0.5,primary,textid=40303,437,A,1,1
32562,19244,SOCIAL,SO_GIFT_POETRY,收到Y的贈詩、文,directed,,,0.5,primary,textid=40303,438,P,1,1
32562,30851,SOCIAL,SO_GIFT_POETRY,收到Y的贈詩、文,directed,,,0.5,primary,textid=40303,438,P,0,1
32562,32583,SOCIAL,SO_GIFT_POETRY,收到Y的贈詩、文,directed,,,0.5,primary,textid=40303,438,P,0,1
32562,94271,SOCIAL,SO_GIFT_POETRY,收到Y的贈詩、文,directed,,,0.5,primary,textid=40303,438,P,0,1
32575,30851,SOCIAL,SO_GIFT_POETRY,收到Y的贈詩、文,directed,,,0.5,primary,textid=40303,438,P,0,1
32575,32227,SOCIAL,SO_GIFT_POETRY,收到Y的贈詩、文,directed,,,0.5,primary,textid=40303,438,P,0,1
32575,33566,SOCIAL,SO_GIFT_POETRY,收到Y的贈詩、文,directed,,,0.5,primary,textid=40303,438,P,0,1
32575,94271,SOCIAL,SO_GIFT_POETRY,收到Y的贈詩、文,directed,,,0.5,primary,textid=40303,438,P,0,1
32583,11524,SOCIAL,SO_GIFT_POETRY,收到Y的贈詩、文,directed,,,0.5,primary,textid=40303,438,P,1,0
32583,20876,SOCIAL,SO_GIFT_POETRY,收到Y的贈詩、文,directed,,,0.5,primary,textid=40303,438,P,1,0
32583,20879,SOCIAL,SO_GIFT_POETRY,贈詩、文,directed,,,0.5,primary,textid=40303,437,A,1,1
32583,30851,SOCIAL,SO_GIFT_POETRY,收到Y的贈詩、文,directed,,,0.5,primary,textid=40303,438,P,1,0
32583,31628,KIN,K_OTHER,祖父,directed,,,0.7,primary,textid=24309,62,KIN,1,1
32583,31631,KIN,K_OTHER,祖父,directed,,,0.7,primary,textid=24309,62,KIN,1,1
32583,32562,SOCIAL,SO_GIFT_POETRY,贈詩、文,directed,,,0.5,primary,textid=40303,437,A,1,1
32583,32683,SOCIAL,SO_GIFT_POETRY,贈詩、文,directed,,,0.5,primary,textid=40303,437,A,1,1
32583,32694,SOCIAL,SO_GIFT_POETRY,贈詩、文,directed,,,0.5,primary,textid=40303,437,A,1,1
32583,33638,SOCIAL,SO_GIFT_POETRY,贈詩、文,directed,,,0.5,primary,textid=40303,437,A,1,1
32583,92035,SOCIAL,SO_GIFT_POETRY,贈詩、文,directed,,,0.5,primary,textid=40303,437,A,1,0
32583,92463,SOCIAL,SO_GIFT_POETRY,贈詩、文,directed,,,0.5,primary,textid=40303,437,A,0,1
32583,92814,SOCIAL,SO_GIFT_POETRY,贈詩、文,directed,,,0.5,primary,textid=40303,437,A,1,1
32583,93022,SOCIAL,SO_GIFT_POETRY,贈詩、文,directed,,,0.5,primary,textid=40303,437,A,1,1
32583,94073,SOCIAL,SO_GIFT_POETRY,贈詩、文,directed,,,0.5,primary,textid=40303,437,A,1,1
32583,94771,SOCIAL,SO_GIFT_POETRY,贈詩、文,directed,,,0.5,primary,textid=40303,437,A,0,1
32583,95025,SOCIAL,SO_GIFT_POETRY,贈詩、文,directed,,,0.5,primary,textid=40303,437,A,1,0
32583,177103,SOCIAL,SO_GIFT_POETRY,贈詩、文,directed,,,0.5,primary,textid=40303,437,A,1,1
32583,195688,SOCIAL,SO_GIFT_POETRY,贈詩、文,directed,,,0.5,primary,textid=40303,437,A,1,1
32583,445407,SOCIAL,SO_GIFT_POETRY,贈詩、文,directed,,,0.5,primary,textid=40303,437,A,1,1
32583,445481,SOCIAL,SO_GIFT_POETRY,贈詩、文,directed,,,0.5,primary,textid=40303,437,A,1,1
32583,445500,SOCIAL,SO_GIFT_POETRY,贈詩、文,directed,,,0.5,primary,textid=40303,437,A,1,1
32583,445518,SOCIAL,SO_GIFT_POETRY,贈詩、文,directed,,,0.5,primary,textid=40303,437,A,1,1
32583,445959,SOCIAL,SO_GIFT_POETRY,贈詩、文,directed,,,0.5,primary,textid=40303,437,A,1,1
32583,446511,SOCIAL,SO_GIFT_POETRY,贈詩、文,directed,,,0.5,primary,textid=40303,437,A,1,1
32583,446647,SOCIAL,SO_GIFT_POETRY,贈詩、文,directed,,,0.5,primary,textid=40303,437,A,1,1
32583,446821,SOCIAL,SO_GIFT_POETRY,贈詩、文,directed,,,0.5,primary,textid=40303,437,A,1,1
32583,447465,SOCIAL,SO_GIFT_POETRY,贈詩、文,directed,,,0.5,primary,textid=40303,437,A,1,1
32583,448069,SOCIAL,SO_GIFT_POETRY,贈詩、文,directed,,,0.5,primary,textid=40303,437,A,1,1
32583,448912,SOCIAL,SO_GIFT_POETRY,贈詩、文,directed,,,0.5,primary,textid=40303,437,A,1,1
32583,448946,SOCIAL,SO_GIFT_POETRY,贈詩、文,directed,,,0.5,primary,textid=40303,437,A,1,1
32583,449290,SOCIAL,SO_GIFT_POETRY,贈詩、文,directed,,,0.5,primary,textid=40303,437,A,1,1
32583,450109,SOCIAL,SO_GIFT_POETRY,贈詩、文,directed,,,0.5,primary,textid=40303,437,A,1,1
32583,450631,SOCIAL,SO_GIFT_POETRY,贈詩、文,directed,,,0.5,primary,textid=40303,437,A,1,1
32593,3915,KIN,K_OTHER,孫,directed,,,0.7,primary,textid=24309,243,KIN,0,0
32593,19214,SOCIAL,SO_GIFT_POETRY,收到Y的贈詩、文,directed,,,0.5,primary,textid=40303,438,P,1,0
32593,19241,SOCIAL,SO_GIFT_POETRY,收到Y的贈詩、文,directed,,,0.5,primary,textid=40303,438,P,1,0
32593,19242,SOCIAL,SO_GIFT_POETRY,贈詩、文,directed,,,0.5,primary,textid=40303,437,A,1,1
32593,31103,SOCIAL,SO_GIFT_POETRY,贈詩、文,directed,,,0.5,primary,textid=40303,437,A,1,1
32593,31367,SOCIAL,SO_GIFT_POETRY,收到Y的贈詩、文,directed,,,0.5,primary,textid=40303,438,P,1,0
32593,32404,SOCIAL,SO_GIFT_POETRY,贈詩、文,directed,,,0.5,primary,textid=40303,437,A,1,1
32593,183952,SOCIAL,SO_GIFT_POETRY,贈詩、文,directed,,,0.5,primary,textid=40303,437,A,1,1
32593,447292,SOCIAL,SO_GIFT_POETRY,贈詩、文,directed,,,0.5,primary,textid=40303,437,A,1,0
32593,450208,SOCIAL,SO_GIFT_POETRY,贈詩、文,directed,,,0.5,primary,textid=40303,437,A,1,1
32641,3332,SOCIAL,SO_GIFT_POETRY,收到Y的贈詩、文,directed,,,0.5,primary,textid=40303,438,P,0,1
32641,13624,SOCIAL,SO_GIFT_POETRY,收到Y的贈詩、文,directed,,,0.5,primary,textid=40303,438,P,0,1
32641,24654,SOCIAL,SO_GIFT_POETRY,收到Y的贈詩、文,directed,,,0.5,primary,textid=40303,438,P,0,1
32641,33606,SOCIAL,SO_GIFT_POETRY,收到Y的贈詩、文,directed,,,0.5,primary,textid=40303,438,P,0,1
32644,21194,COLLEAGUE,CL_MULIAO,幕僚為Y,directed,,,0.8,inferred,,67,P,0,1
32644,21194,SOCIAL,SO_GIFT_POETRY,收到Y的贈詩、文,directed,,,0.5,primary,textid=40303,438,P,0,1
32644,32227,SOCIAL,SO_GIFT_POETRY,收到Y的贈詩、文,directed,,,0.5,primary,textid=40303,438,P,0,1
32644,92743,SOCIAL,SO_GIFT_POETRY,收到Y的贈詩、文,directed,,,0.5,primary,textid=40303,438,P,0,1
32644,94160,SOCIAL,SO_GIFT_POETRY,收到Y的贈詩、文,directed,,,0.5,primary,textid=40303,438,P,0,1
32672,20876,SOCIAL,SO_GIFT_POETRY,收到Y的贈詩、文,directed,,,0.5,primary,textid=40303,438,P,0,1
32672,32174,SOCIAL,SO_GIFT_POETRY,收到Y的贈詩、文,directed,,,0.5,primary,textid=40303,438,P,0,1
32672,33566,SOCIAL,SO_GIFT_POETRY,收到Y的贈詩、文,directed,,,0.5,primary,textid=40303,438,P,0,1
32672,94271,SOCIAL,SO_GIFT_POETRY,收到Y的贈詩、文,directed,,,0.5,primary,textid=40303,438,P,0,1
32683,3915,SOCIAL,SO_GIFT_POETRY,收到Y的贈詩、文,directed,,,0.5,primary,textid=40303,438,P,0,1
32683,32583,SOCIAL,SO_GIFT_POETRY,收到Y的贈詩、文,directed,,,0.5,primary,textid=40303,438,P,0,1
32683,33566,SOCIAL,SO_GIFT_POETRY,收到Y的贈詩、文,directed,,,0.5,primary,textid=40303,438,P,0,1
32683,33606,SOCIAL,SO_GIFT_POETRY,收到Y的贈詩、文,directed,,,0.5,primary,textid=40303,438,P,0,1
32683,94271,SOCIAL,SO_GIFT_POETRY,收到Y的贈詩、文,directed,,,0.5,primary,textid=40303,438,P,0,1
32694,3915,SOCIAL,SO_GIFT_POETRY,收到Y的贈詩、文,directed,,,0.5,primary,textid=40303,438,P,0,1
32694,30851,SOCIAL,SO_GIFT_POETRY,收到Y的贈詩、文,directed,,,0.5,primary,textid=40303,438,P,1,1
32694,32174,SOCIAL,SO_GIFT_POETRY,收到Y的贈詩、文,directed,,,0.5,primary,textid=40303,438,P,1,1
32694,32540,SOCIAL,SO_GIFT_POETRY,收到Y的贈詩、文,directed,,,0.5,primary,textid=40303,438,P,0,1
32694,32583,SOCIAL,SO_GIFT_POETRY,收到Y的贈詩、文,directed,,,0.5,primary,textid=40303,438,P,0,1
32694,32917,SOCIAL,SO_GIFT_POETRY,收到Y的贈詩、文,directed,,,0.5,primary,textid=40303,438,P,0,1
32746,33649,SOCIAL,SO_GIFT_POETRY,收到Y的贈詩、文,directed,,,0.5,primary,textid=40303,438,P,0,1
32746,447567,SOCIAL,SO_GIFT_POETRY,收到Y的贈詩、文,directed,,,0.5,primary,textid=40303,438,P,0,1
32760,13575,SOCIAL,SO_GIFT_POETRY,收到Y的贈詩、文,directed,,,0.5,primary,textid=40303,438,P,1,1
32760,24654,SOCIAL,SO_GIFT_POETRY,收到Y的贈詩、文,directed,,,0.5,primary,textid=40303,438,P,0,1
32760,32227,SOCIAL,SO_GIFT_POETRY,收到Y的贈詩、文,directed,,,0.5,primary,textid=40303,438,P,0,1
32760,32227,LITERARY,LI_EULOGY,祭文由Y所作,directed,,,0.4,inferred,,146,P,0,1
32760,33606,SOCIAL,SO_GIFT_POETRY,收到Y的贈詩、文,directed,,,0.5,primary,textid=40303,438,P,0,1
32785,3605,LITERARY,LI_EPITAPH,墓誌銘由Y所作,directed,805,,0.4,inferred,,43,P,0,1
32785,32227,LITERARY,LI_LETTER,被致書由Y,directed,,,0.4,inferred,,430,P,0,1
32822,33487,SOCIAL,SO_GIFT_POETRY,贈詩、文,directed,,,0.5,primary,textid=40303,437,A,1,1
32822,33638,SOCIAL,SO_GIFT_POETRY,贈詩、文,directed,,,0.5,primary,textid=40303,437,A,1,1
32822,92155,KIN,K_OTHER,孫,directed,,,0.7,primary,textid=24309,243,KIN,1,1
32822,92161,KIN,K_OTHER,孫,directed,,,0.7,primary,textid=24309,243,KIN,1,0
32822,92446,SOCIAL,SO_GIFT_POETRY,贈詩、文,directed,,,0.5,primary,textid=40303,437,A,1,1
32822,92608,SOCIAL,SO_GIFT_POETRY,贈詩、文,directed,,,0.5,primary,textid=40303,437,A,1,1
32822,92999,SOCIAL,SO_GIFT_POETRY,贈詩、文,directed,,,0.5,primary,textid=40303,437,A,1,1
32822,94073,SOCIAL,SO_GIFT_POETRY,贈詩、文,directed,,,0.5,primary,textid=40303,437,A,0,1
32822,94185,SOCIAL,SO_GIFT_POETRY,贈詩、文,directed,,,0.5,primary,textid=40303,437,A,0,1
32822,94240,SOCIAL,SO_GIFT_POETRY,贈詩、文,directed,,,0.5,primary,textid=40303,437,A,1,1
32822,94595,SOCIAL,SO_GIFT_POETRY,贈詩、文,directed,,,0.5,primary,textid=40303,437,A,1,0
32822,94614,SOCIAL,SO_GIFT_POETRY,贈詩、文,directed,,,0.5,primary,textid=40303,437,A,1,1
32822,94901,SOCIAL,SO_GIFT_POETRY,贈詩、文,directed,,,0.5,primary,textid=40303,437,A,1,1
32822,94943,SOCIAL,SO_GIFT_POETRY,贈詩、文,directed,,,0.5,primary,textid=40303,437,A,1,1
32822,136174,SOCIAL,SO_GIFT_POETRY,贈詩、文,directed,,,0.5,primary,textid=40303,437,A,1,1
32822,177679,SOCIAL,SO_GIFT_POETRY,贈詩、文,directed,,,0.5,primary,textid=40303,437,A,0,1
32822,379405,SOCIAL,SO_GIFT_POETRY,贈詩、文,directed,,,0.5,primary,textid=40303,437,A,1,1
32822,382253,SOCIAL,SO_GIFT_POETRY,贈詩、文,directed,,,0.5,primary,textid=40303,437,A,1,1
32822,445660,SOCIAL,SO_GIFT_POETRY,贈詩、文,directed,,,0.5,primary,textid=40303,437,A,1,1
32822,446338,SOCIAL,SO_GIFT_POETRY,贈詩、文,directed,,,0.5,primary,textid=40303,437,A,1,1
32822,447047,SOCIAL,SO_GIFT_POETRY,贈詩、文,directed,,,0.5,primary,textid=40303,437,A,0,1
32822,447853,SOCIAL,SO_GIFT_POETRY,贈詩、文,directed,,,0.5,primary,textid=40303,437,A,1,1
32822,448317,SOCIAL,SO_GIFT_POETRY,贈詩、文,directed,,,0.5,primary,textid=40303,437,A,1,1
32822,449143,SOCIAL,SO_GIFT_POETRY,贈詩、文,directed,,,0.5,primary,textid=40303,437,A,1,1
32822,449580,SOCIAL,SO_GIFT_POETRY,贈詩、文,directed,,,0.5,primary,textid=40303,437,A,1,1
32822,449581,SOCIAL,SO_GIFT_POETRY,贈詩、文,directed,,,0.5,primary,textid=40303,437,A,1,1
32822,450109,SOCIAL,SO_GIFT_POETRY,贈詩、文,directed,,,0.5,primary,textid=40303,437,A,1,1
32847,19244,SOCIAL,SO_GIFT_POETRY,收到Y的贈詩、文,directed,,,0.5,primary,textid=40303,438,P,1,0
32847,19245,SOCIAL,SO_GIFT_POETRY,贈詩、文,directed,,,0.5,primary,textid=40303,437,A,0,1
32847,31221,SOCIAL,SO_GIFT_POETRY,收到Y的贈詩、文,directed,,,0.5,primary,textid=40303,438,P,0,0
32847,31407,SOCIAL,SO_GIFT_POETRY,收到Y的贈詩、文,directed,,,0.5,primary,textid=40303,438,P,1,0
32847,92999,SOCIAL,SO_GIFT_POETRY,贈詩、文,directed,,,0.5,primary,textid=40303,437,A,1,1
32847,94240,SOCIAL,SO_GIFT_POETRY,贈詩、文,directed,,,0.5,primary,textid=40303,437,A,0,1
32873,33649,SOCIAL,SO_GIFT_POETRY,收到Y的贈詩、文,directed,,,0.5,primary,textid=40303,438,P,0,1
32873,92743,SOCIAL,SO_GIFT_POETRY,收到Y的贈詩、文,directed,,,0.5,primary,textid=40303,438,P,0,1
32873,94575,SOCIAL,SO_GIFT_POETRY,收到Y的贈詩、文,directed,,,0.5,primary,textid=40303,438,P,0,1
32889,439016,SOCIAL,SO_FRIEND,友,undirected,,,0.6,primary,textid=9602,9,M,1,1
32889,446338,SOCIAL,SO_GIFT_POETRY,贈詩、文,directed,,,0.5,primary,textid=40303,437,A,1,1
32889,449759,SOCIAL,SO_GIFT_POETRY,贈詩、文,directed,,,0.5,primary,textid=40303,437,A,1,1
32917,24691,SOCIAL,SO_GIFT_POETRY,贈詩、文,directed,,,0.5,primary,textid=40303,437,A,1,1
32917,30851,SOCIAL,SO_GIFT_POETRY,收到Y的贈詩、文,directed,,,0.5,primary,textid=40303,438,P,1,0
32917,32583,SOCIAL,SO_GIFT_POETRY,收到Y的贈詩、文,directed,,,0.5,primary,textid=40303,438,P,1,0
32917,32694,SOCIAL,SO_GIFT_POETRY,贈詩、文,directed,,,0.5,primary,textid=40303,437,A,1,1
32917,32937,KIN,K_CHILD,子,directed,,,1.0,primary,textid=32033,180,KIN,1,1
32917,32940,KIN,K_CHILD,子,directed,,,1.0,primary,textid=32033,180,KIN,1,1
32917,93096,SOCIAL,SO_GIFT_POETRY,贈詩、文,directed,,,0.5,primary,textid=40303,437,A,0,1
32917,93458,SOCIAL,SO_GIFT_POETRY,贈詩、文,directed,,,0.5,primary,textid=40303,437,A,0,1
32917,94305,SOCIAL,SO_GIFT_POETRY,贈詩、文,directed,,,0.5,primary,textid=40303,437,A,1,1
32917,94651,SOCIAL,SO_GIFT_POETRY,贈詩、文,directed,,,0.5,primary,textid=40303,437,A,0,1
32917,94651,TEACHER_STUDENT,TS_STUDENT,為Y之學生,directed,,,0.8,primary,textid=40334,22,A,0,1
32917,94714,SOCIAL,SO_GIFT_POETRY,贈詩、文,directed,,,0.5,primary,textid=40303,437,A,0,1
32917,184603,SOCIAL,SO_GIFT_POETRY,贈詩、文,directed,,,0.5,primary,textid=40303,437,A,0,1
32917,445481,SOCIAL,SO_GIFT_POETRY,贈詩、文,directed,,,0.5,primary,textid=40303,437,A,1,1
32917,445500,SOCIAL,SO_GIFT_POETRY,贈詩、文,directed,,,0.5,primary,textid=40303,437,A,1,1
32917,445791,SOCIAL,SO_GIFT_POETRY,贈詩、文,directed,,,0.5,primary,textid=40303,437,A,1,1
32917,446976,SOCIAL,SO_GIFT_POETRY,贈詩、文,directed,,,0.5,primary,textid=40303,437,A,1,1
32917,447853,SOCIAL,SO_GIFT_POETRY,贈詩、文,directed,,,0.5,primary,textid=40303,437,A,1,1
32917,447857,SOCIAL,SO_GIFT_POETRY,贈詩、文,directed,,,0.5,primary,textid=40303,437,A,1,1
32917,447906,SOCIAL,SO_GIFT_POETRY,贈詩、文,directed,,,0.5,primary,textid=40303,437,A,1,1
32917,448799,SOCIAL,SO_GIFT_POETRY,贈詩、文,directed,,,0.5,primary,textid=40303,437,A,1,1
32917,450008,SOCIAL,SO_GIFT_POETRY,贈詩、文,directed,,,0.5,primary,textid=40303,437,A,1,1
32937,22469,LITERARY,LI_EPITAPH,墓誌銘由Y所作,directed,827,,0.4,inferred,,43,P,0,1
32937,32917,KIN,K_PARENT,父,directed,,,1.0,inferred,,75,KIN,0,1
32940,3332,LITERARY,LI_EPITAPH,墓誌銘由Y所作,directed,815,,0.4,inferred,,43,P,0,1
32940,13624,KIN,K_AFFINAL,岳父,directed,,,0.7,inferred,,76,KIN,0,1
32940,13624,KIN,K_UNCLE_AUNT,母舅,directed,,,0.7,primary,textid=24309,77,KIN,0,1
32940,32917,KIN,K_PARENT,父,directed,,,1.0,primary,textid=24309,75,KIN,0,1
32980,32227,SOCIAL,SO_GIFT_POETRY,收到Y的贈詩、文,directed,,,0.5,primary,textid=40303,438,P,0,0
32980,32985,KIN,K_CHILD,次子,directed,,,1.0,inferred,,183,KIN,1,0
32980,33487,SOCIAL,SO_GIFT_POETRY,贈詩、文,directed,,,0.5,primary,textid=40303,437,A,0,1
32980,33606,SOCIAL,SO_FRIEND,友,undirected,,,0.6,primary,textid=9602,9,M,1,0
32980,33606,SOCIAL,SO_GIFT_POETRY,贈詩、文,directed,,,0.5,primary,textid=40303,437,A,0,0
32980,92328,SOCIAL,SO_GIFT_POETRY,贈詩、文,directed,,,0.5,primary,textid=40303,437,A,0,1
32980,92533,SOCIAL,SO_GIFT_POETRY,贈詩、文,directed,,,0.5,primary,textid=40303,437,A,0,1
32980,93025,SOCIAL,SO_GIFT_POETRY,贈詩、文,directed,,,0.5,primary,textid=40303,437,A,1,1
32980,93088,SOCIAL,SO_GIFT_POETRY,贈詩、文,directed,,,0.5,primary,textid=40303,437,A,0,1
32980,93139,SOCIAL,SO_GIFT_POETRY,贈詩、文,directed,,,0.5,primary,textid=40303,437,A,0,1
32980,93476,SOCIAL,SO_GIFT_POETRY,贈詩、文,directed,,,0.5,primary,textid=40303,437,A,0,1
32980,94273,SOCIAL,SO_GIFT_POETRY,贈詩、文,directed,,,0.5,primary,textid=40303,437,A,1,1
32980,94871,SOCIAL,SO_GIFT_POETRY,贈詩、文,directed,,,0.5,primary,textid=40303,437,A,1,1
32980,94941,SOCIAL,SO_GIFT_POETRY,贈詩、文,directed,,,0.5,primary,textid=40303,437,A,0,1
32980,95068,SOCIAL,SO_CHANGHE,相唱和,undirected,,,0.6,primary,textid=9601,114,M,1,0
32980,145215,SOCIAL,SO_GIFT_POETRY,贈詩、文,directed,,,0.5,primary,textid=40303,437,A,0,1
32980,446450,SOCIAL,SO_GIFT_POETRY,贈詩、文,directed,,,0.5,primary,textid=40303,437,A,1,1
32980,446753,SOCIAL,SO_GIFT_POETRY,贈詩、文,directed,,,0.5,primary,textid=40303,437,A,1,1
32980,447419,SOCIAL,SO_GIFT_POETRY,贈詩、文,directed,,,0.5,primary,textid=40303,437,A,1,0
32980,448280,SOCIAL,SO_GIFT_POETRY,贈詩、文,directed,,,0.5,primary,textid=40303,437,A,1,1
32980,449569,SOCIAL,SO_GIFT_POETRY,贈詩、文,directed,,,0.5,primary,textid=40303,437,A,1,1
32985,32980,KIN,K_PARENT,父,directed,,,1.0,primary,textid=24309,75,KIN,0,0
32985,91973,SOCIAL,SO_GIFT_POETRY,贈詩、文,directed,,,0.5,primary,textid=40303,437,A,0,1
32985,93476,SOCIAL,SO_GIFT_POETRY,贈詩、文,directed,,,0.5,primary,textid=40303,437,A,1,1
32985,94018,SOCIAL,SO_GIFT_POETRY,贈詩、文,directed,,,0.5,primary,textid=40303,437,A,0,1
32985,439055,SOCIAL,SO_FRIEND,友,undirected,,,0.6,primary,textid=9602,9,M,1,1
33026,3915,SOCIAL,SO_GIFT_POETRY,收到Y的贈詩、文,directed,,,0.5,primary,textid=40303,438,P,0,1
33026,19244,SOCIAL,SO_GIFT_POETRY,收到Y的贈詩、文,directed,,,0.5,primary,textid=40303,438,P,1,1
33026,32540,SOCIAL,SO_GIFT_POETRY,收到Y的贈詩、文,directed,,,0.5,primary,textid=40303,438,P,0,1
33026,92035,SOCIAL,SO_GIFT_POETRY,收到Y的贈詩、文,directed,,,0.5,primary,textid=40303,438,P,0,1
33026,93956,SOCIAL,SO_GIFT_POETRY,收到Y的贈詩、文,directed,,,0.5,primary,textid=40303,438,P,0,1
33026,94717,SOCIAL,SO_GIFT_POETRY,收到Y的贈詩、文,directed,,,0.5,primary,textid=40303,438,P,0,1
33062,94714,SOCIAL,SO_GIFT_POETRY,贈詩、文,directed,,,0.5,primary,textid=40303,437,A,0,1
33062,94771,SOCIAL,SO_GIFT_POETRY,贈詩、文,directed,,,0.5,primary,textid=40303,437,A,0,1
33062,379873,SOCIAL,SO_GIFT_POETRY,贈詩、文,directed,,,0.5,primary,textid=40303,437,A,1,0
33094,32207,SOCIAL,SO_GIFT_POETRY,收到Y的贈詩、文,directed,,,0.5,primary,textid=40303,438,P,0,1
33104,24654,SOCIAL,SO_GIFT_POETRY,收到Y的贈詩、文,directed,,,0.5,primary,textid=40303,438,P,1,1
33104,32227,LITERARY,LI_EPITAPH,墓誌銘由Y所作,directed,819,,0.4,inferred,,43,P,0,1
33104,32227,SOCIAL,SO_GIFT_POETRY,收到Y的贈詩、文,directed,,,0.5,primary,textid=40303,438,P,0,1
33104,92982,SOCIAL,SO_GIFT_POETRY,收到Y的贈詩、文,directed,,,0.5,primary,textid=40303,438,P,0,1
33148,11524,COLLEAGUE,CL_RECOMMEND,被Y推薦,directed,797,,0.7,inferred,,14,P,0,1
33148,32227,COLLEAGUE,CL_EXAMINER,考官為Y,directed,,,0.8,primary,白氏長慶集,559,P,1,1
33153,3332,SOCIAL,SO_GIFT_POETRY,收到Y的贈詩、文,directed,,,0.5,primary,textid=40303,438,P,0,1
33153,13624,SOCIAL,SO_GIFT_POETRY,收到Y的贈詩、文,directed,,,0.5,primary,textid=40303,438,P,0,1
33153,24654,SOCIAL,SO_GIFT_POETRY,收到Y的贈詩、文,directed,,,0.5,primary,textid=40303,438,P,1,1
33153,32248,SOCIAL,SO_GIFT_POETRY,收到Y的贈詩、文,directed,,,0.5,primary,textid=40303,438,P,0,1
33153,33606,SOCIAL,SO_GIFT_POETRY,收到Y的贈詩、文,directed,,,0.5,primary,textid=40303,438,P,0,1
33153,93952,SOCIAL,SO_GIFT_POETRY,收到Y的贈詩、文,directed,,,0.5,primary,textid=40303,438,P,0,1
33158,3332,SOCIAL,SO_GIFT_POETRY,收到Y的贈詩、文,directed,,,0.5,primary,textid=40303,438,P,0,1
33158,15161,SOCIAL,SO_GIFT_POETRY,收到Y的贈詩、文,directed,,,0.5,primary,textid=40303,438,P,1,1
33158,32227,SOCIAL,SO_GIFT_POETRY,收到Y的贈詩、文,directed,,,0.5,primary,textid=40303,438,P,0,1
33158,33606,SOCIAL,SO_GIFT_POETRY,收到Y的贈詩、文,directed,,,0.5,primary,textid=40303,438,P,0,1
33158,94160,SOCIAL,SO_GIFT_POETRY,收到Y的贈詩、文,directed,,,0.5,primary,textid=40303,438,P,0,1
33158,447419,SOCIAL,SO_GIFT_POETRY,收到Y的贈詩、文,directed,,,0.5,primary,textid=40303,438,P,0,1
33485,3332,SOCIAL,SO_GIFT_POETRY,收到Y的贈詩、文,directed,,,0.5,primary,textid=40303,438,P,1,0
33485,13626,KIN,K_OTHER,直系祖先,directed,,,0.7,inferred,,2,KIN,1,1
33485,30977,SOCIAL,SO_GIFT_POETRY,贈詩、文,directed,,,0.5,primary,textid=40303,437,A,1,1
33485,92704,SOCIAL,SO_GIFT_POETRY,贈詩、文,directed,,,0.5,primary,textid=40303,437,A,0,1
33485,93187,SOCIAL,SO_GIFT_POETRY,贈詩、文,directed,,,0.5,primary,textid=40303,437,A,1,1
33485,93311,SOCIAL,SO_GIFT_POETRY,贈詩、文,directed,,,0.5,primary,textid=40303,437,A,1,1
33485,94116,SOCIAL,SO_GIFT_POETRY,贈詩、文,directed,,,0.5,primary,textid=40303,437,A,1,0
33485,146237,SOCIAL,SO_GIFT_POETRY,贈詩、文,directed,,,0.5,primary,textid=40303,437,A,0,1
33485,445983,SOCIAL,SO_GIFT_POETRY,贈詩、文,directed,,,0.5,primary,textid=40303,437,A,1,0
33485,448979,SOCIAL,SO_GIFT_POETRY,贈詩、文,directed,,,0.5,primary,textid=40303,437,A,1,1
33485,449924,SOCIAL,SO_GIFT_POETRY,贈詩、文,directed,,,0.5,primary,textid=40303,437,A,1,1
33487,24654,SOCIAL,SO_GIFT_POETRY,收到Y的贈詩、文,directed,,,0.5,primary,textid=40303,438,P,1,1
33487,32227,SOCIAL,SO_GIFT_POETRY,收到Y的贈詩、文,directed,,,0.5,primary,textid=40303,438,P,0,1
33487,32822,SOCIAL,SO_GIFT_POETRY,收到Y的贈詩、文,directed,,,0.5,primary,textid=40303,438,P,0,1
33487,32980,SOCIAL,SO_GIFT_POETRY,收到Y的贈詩、文,directed,,,0.5,primary,textid=40303,438,P,1,1
33487,33606,SOCIAL,SO_GIFT_POETRY,收到Y的贈詩、文,directed,,,0.5,primary,textid=40303,438,P,0,1
33487,92047,SOCIAL,SO_GIFT_POETRY,收到Y的贈詩、文,directed,,,0.5,primary,textid=40303,438,P,0,1
33487,93952,SOCIAL,SO_GIFT_POETRY,收到Y的贈詩、文,directed,,,0.5,primary,textid=40303,438,P,0,1
33487,94227,SOCIAL,SO_GIFT_POETRY,收到Y的贈詩、文,directed,,,0.5,primary,textid=40303,438,P,0,1
33487,94595,SOCIAL,SO_GIFT_POETRY,收到Y的贈詩、文,directed,,,0.5,primary,textid=40303,438,P,0,1
33487,95025,SOCIAL,SO_GIFT_POETRY,收到Y的贈詩、文,directed,,,0.5,primary,textid=40303,438,P,1,1
33566,11524,SOCIAL,SO_GIFT_POETRY,收到Y的贈詩、文,directed,,,0.5,primary,textid=40303,438,P,1,0
33566,13575,SOCIAL,SO_GIFT_POETRY,收到Y的贈詩、文,directed,,,0.5,primary,textid=40303,438,P,1,0
33566,22436,SOCIAL,SO_GIFT_POETRY,贈詩、文,directed,,,0.5,primary,textid=40303,437,A,1,1
33566,30846,SOCIAL,SO_GIFT_POETRY,贈詩、文,directed,,,0.5,primary,textid=40303,437,A,0,1
33566,30851,SOCIAL,SO_GIFT_POETRY,收到Y的贈詩、文,directed,,,0.5,primary,textid=40303,438,P,1,0
33566,32175,SOCIAL,SO_GIFT_POETRY,贈詩、文,directed,,,0.5,primary,textid=40303,437,A,1,1
33566,32540,SOCIAL,SO_GIFT_POETRY,收到Y的贈詩、文,directed,,,0.5,primary,textid=40303,438,P,1,0
33566,32575,SOCIAL,SO_GIFT_POETRY,贈詩、文,directed,,,0.5,primary,textid=40303,437,A,1,1
33566,32672,SOCIAL,SO_GIFT_POETRY,贈詩、文,directed,,,0.5,primary,textid=40303,437,A,1,1
33566,32683,SOCIAL,SO_GIFT_POETRY,贈詩、文,directed,,,0.5,primary,textid=40303,437,A,1,1
33566,32889,SOCIAL,SO_GIFT_POETRY,收到Y的贈詩、文,directed,,,0.5,primary,textid=40303,438,P,1,0
33566,32917,SOCIAL,SO_GIFT_POETRY,收到Y的贈詩、文,directed,,,0.5,primary,textid=40303,438,P,1,0
33566,33638,SOCIAL,SO_GIFT_POETRY,贈詩、文,directed,,,0.5,primary,textid=40303,437,A,1,1
33566,33859,SOCIAL,SO_GIFT_POETRY,贈詩、文,directed,,,0.5,primary,textid=40303,437,A,1,0
33566,92411,SOCIAL,SO_GIFT_POETRY,贈詩、文,directed,,,0.5,primary,textid=40303,437,A,1,1
33566,92541,SOCIAL,SO_GIFT_POETRY,贈詩、文,directed,,,0.5,primary,textid=40303,437,A,1,1
33566,92814,SOCIAL,SO_GIFT_POETRY,贈詩、文,directed,,,0.5,primary,textid=40303,437,A,1,1
33566,93096,SOCIAL,SO_GIFT_POETRY,贈詩、文,directed,,,0.5,primary,textid=40303,437,A,1,1
33566,93367,SOCIAL,SO_GIFT_POETRY,贈詩、文,directed,,,0.5,primary,textid=40303,437,A,1,1
33566,93458,SOCIAL,SO_GIFT_POETRY,贈詩、文,directed,,,0.5,primary,textid=40303,437,A,1,1
33566,94109,SOCIAL,SO_GIFT_POETRY,贈詩、文,directed,,,0.5,primary,textid=40303,437,A,0,1
33566,94185,SOCIAL,SO_GIFT_POETRY,贈詩、文,directed,,,0.5,primary,textid=40303,437,A,1,1
33566,94204,SOCIAL,SO_GIFT_POETRY,贈詩、文,directed,,,0.5,primary,textid=40303,437,A,1,1
33566,94489,SOCIAL,SO_GIFT_POETRY,贈詩、文,directed,,,0.5,primary,textid=40303,437,A,1,1
33566,94614,SOCIAL,SO_GIFT_POETRY,贈詩、文,directed,,,0.5,primary,textid=40303,437,A,1,1
33566,94651,SOCIAL,SO_GIFT_POETRY,贈詩、文,directed,,,0.5,primary,textid=40303,437,A,1,1
33566,94870,SOCIAL,SO_GIFT_POETRY,贈詩、文,directed,,,0.5,primary,textid=40303,437,A,0,1
33566,95071,SOCIAL,SO_GIFT_POETRY,贈詩、文,directed,,,0.5,primary,textid=40303,437,A,1,0
33566,146097,SOCIAL,SO_GIFT_POETRY,贈詩、文,directed,,,0.5,primary,textid=40303,437,A,1,0
33566,179585,SOCIAL,SO_GIFT_POETRY,贈詩、文,directed,,,0.5,primary,textid=40303,437,A,1,1
33566,184796,SOCIAL,SO_GIFT_POETRY,贈詩、文,directed,,,0.5,primary,textid=40303,437,A,1,1
33566,190786,SOCIAL,SO_GIFT_POETRY,贈詩、文,directed,,,0.5,primary,textid=40303,437,A,1,1
33566,380576,SOCIAL,SO_GIFT_POETRY,贈詩、文,directed,,,0.5,primary,textid=40303,437,A,1,1
33566,382322,SOCIAL,SO_GIFT_POETRY,贈詩、文,directed,,,0.5,primary,textid=40303,437,A,1,1
33566,445407,SOCIAL,SO_GIFT_POETRY,贈詩、文,directed,,,0.5,primary,textid=40303,437,A,1,1
33566,445700,SOCIAL,SO_GIFT_POETRY,贈詩、文,directed,,,0.5,primary,textid=40303,437,A,1,1
33566,446338,SOCIAL,SO_GIFT_POETRY,贈詩、文,directed,,,0.5,primary,textid=40303,437,A,1,1
33566,446647,SOCIAL,SO_GIFT_POETRY,贈詩、文,directed,,,0.5,primary,textid=40303,437,A,1,1
33566,446768,SOCIAL,SO_GIFT_POETRY,贈詩、文,directed,,,0.5,primary,textid=40303,437,A,1,1
33566,446786,SOCIAL,SO_GIFT_POETRY,贈詩、文,directed,,,0.5,primary,textid=40303,437,A,1,1
33566,446821,SOCIAL,SO_GIFT_POETRY,贈詩、文,directed,,,0.5,primary,textid=40303,437,A,1,1
33566,446976,SOCIAL,SO_GIFT_POETRY,贈詩、文,directed,,,0.5,primary,textid=40303,437,A,1,1
33566,447143,SOCIAL,SO_GIFT_POETRY,贈詩、文,directed,,,0.5,primary,textid=40303,437,A,1,1
33566,447857,SOCIAL,SO_GIFT_POETRY,贈詩、文,directed,,,0.5,primary,textid=40303,437,A,1,1
33566,447906,SOCIAL,SO_GIFT_POETRY,贈詩、文,directed,,,0.5,primary,textid=40303,437,A,1,1
33566,447993,SOCIAL,SO_GIFT_POETRY,贈詩、文,directed,,,0.5,primary,textid=40303,437,A,1,1
33566,448371,SOCIAL,SO_GIFT_POETRY,贈詩、文,directed,,,0.5,primary,textid=40303,437,A,1,1
33566,448799,SOCIAL,SO_GIFT_POETRY,贈詩、文,directed,,,0.5,primary,textid=40303,437,A,1,1
33566,448900,SOCIAL,SO_GIFT_POETRY,贈詩、文,directed,,,0.5,primary,textid=40303,437,A,1,1
33566,449046,SOCIAL,SO_GIFT_POETRY,贈詩、文,directed,,,0.5,primary,textid=40303,437,A,1,1
33566,449143,SOCIAL,SO_GIFT_POETRY,贈詩、文,directed,,,0.5,primary,textid=40303,437,A,1,1
33566,449580,SOCIAL,SO_GIFT_POETRY,贈詩、文,directed,,,0.5,primary,textid=40303,437,A,1,1
33566,449867,SOCIAL,SO_GIFT_POETRY,贈詩、文,directed,,,0.5,primary,textid=40303,437,A,1,1
33566,449894,SOCIAL,SO_GIFT_POETRY,贈詩、文,directed,,,0.5,primary,textid=40303,437,A,1,1
33566,450076,SOCIAL,SO_GIFT_POETRY,贈詩、文,directed,,,0.5,primary,textid=40303,437,A,0,1
33566,450288,SOCIAL,SO_GIFT_POETRY,贈詩、文,directed,,,0.5,primary,textid=40303,437,A,1,1
33566,450449,SOCIAL,SO_GIFT_POETRY,贈詩、文,directed,,,0.5,primary,textid=40303,437,A,1,1
33566,450631,SOCIAL,SO_GIFT_POETRY,贈詩、文,directed,,,0.5,primary,textid=40303,437,A,1,1
33588,24654,SOCIAL,SO_GIFT_POETRY,收到Y的贈詩、文,directed,,,0.5,primary,textid=40303,438,P,0,1
33588,33589,KIN,K_SIBLING,兄,undirected,,,0.9,primary,textid=24309,125,KIN,1,1
33589,94227,SOCIAL,SO_FRIEND,友,undirected,,,0.6,primary,textid=9602,9,M,1,0
33589,175289,SOCIAL,SO_GIFT_POETRY,贈詩、文,directed,,,0.5,primary,textid=40303,437,A,1,1
33589,448287,SOCIAL,SO_GIFT_POETRY,贈詩、文,directed,,,0.5,primary,textid=40303,437,A,1,1
33606,3130,SOCIAL,SO_GIFT_POETRY,收到Y的贈詩、文,directed,,,0.5,primary,textid=40303,438,P,1,0
33606,3332,SOCIAL,SO_GIFT_POETRY,收到Y的贈詩、文,directed,,,0.5,primary,textid=40303,438,P,0,0
33606,3480,SOCIAL,SO_GIFT_POETRY,贈詩、文,directed,,,0.5,primary,textid=40303,437,A,1,1
33606,3605,LITERARY,LI_EULOGY,祭文由Y所作,directed,,,0.4,inferred,,146,P,0,0
33606,3605,SOCIAL,SO_GIFT_POETRY,收到Y的贈詩、文,directed,,,0.5,primary,textid=40303,438,P,0,0
33606,3927,POLITICAL,PO_ENZHU,是Y的恩主,directed,794,,0.5,inferred,,4,A,0,1
33606,10649,SOCIAL,SO_GIFT_POETRY,贈詩、文,directed,,,0.5,primary,textid=40303,437,A,1,1
33606,13575,SOCIAL,SO_GIFT_POETRY,收到Y的贈詩、文,directed,,,0.5,primary,textid=40303,438,P,0,0
33606,15161,SOCIAL,SO_GIFT_POETRY,收到Y的贈詩、文,directed,,,0.5,primary,textid=40303,438,P,1,0
33606,15353,SOCIAL,SO_GIFT_POETRY,贈詩、文,directed,,,0.5,primary,textid=40303,437,A,1,1
33606,17137,SOCIAL,SO_GIFT_POETRY,贈詩、文,directed,,,0.5,primary,textid=40303,437,A,1,1
33606,19244,SOCIAL,SO_GIFT_POETRY,收到Y的贈詩、文,directed,,,0.5,primary,textid=40303,438,P,1,0
33606,22436,SOCIAL,SO_GIFT_POETRY,贈詩、文,directed,,,0.5,primary,textid=40303,437,A,1,1
33606,22559,SOCIAL,SO_GIFT_POETRY,贈詩、文,directed,,,0.5,primary,textid=40303,437,A,1,1
33606,22560,SOCIAL,SO_GIFT_POETRY,贈詩、文,directed,,,0.5,primary,textid=40303,437,A,1,1
33606,22572,SOCIAL,SO_GIFT_POETRY,贈詩、文,directed,,,0.5,primary,textid=40303,437,A,1,1
33606,24654,SOCIAL,SO_GIFT_POETRY,收到Y的贈詩、文,directed,,,0.5,primary,textid=40303,438,P,1,0
33606,30976,SOCIAL,SO_GIFT_POETRY,贈詩、文,directed,,,0.5,primary,textid=40303,437,A,1,1
33606,30977,SOCIAL,SO_GIFT_POETRY,贈詩、文,directed,,,0.5,primary,textid=40303,437,A,1,1
33606,32054,SOCIAL,SO_GIFT_POETRY,收到Y的贈詩、文,directed,,,0.5,primary,textid=40303,438,P,1,0
33606,32109,SOCIAL,SO_GIFT_POETRY,贈詩、文,directed,,,0.5,primary,textid=40303,437,A,1,1
33606,32227,SOCIAL,SO_GIFT_POETRY,收到Y的贈詩、文,directed,,,0.5,primary,textid=40303,438,P,0,0
33606,32248,SOCIAL,SO_GIFT_POETRY,收到Y的贈詩、文,directed,,,0.5,primary,textid=40303,438,P,0,0
33606,32641,SOCIAL,SO_GIFT_POETRY,贈詩、文,directed,,,0.5,primary,textid=40303,437,A,1,1
33606,32683,SOCIAL,SO_GIFT_POETRY,贈詩、文,directed,,,0.5,primary,textid=40303,437,A,1,1
33606,32760,SOCIAL,SO_GIFT_POETRY,贈詩、文,directed,,,0.5,primary,textid=40303,437,A,1,1
33606,33153,SOCIAL,SO_GIFT_POETRY,贈詩、文,directed,,,0.5,primary,textid=40303,437,A,1,1
33606,33158,SOCIAL,SO_GIFT_POETRY,贈詩、文,directed,,,0.5,primary,textid=40303,437,A,1,1
33606,33487,SOCIAL,SO_GIFT_POETRY,贈詩、文,directed,,,0.5,primary,textid=40303,437,A,1,1
33606,91939,SOCIAL,SO_GIFT_POETRY,贈詩、文,directed,,,0.5,primary,textid=40303,437,A,1,1
33606,92047,SOCIAL,SO_GIFT_POETRY,贈詩、文,directed,,,0.5,primary,textid=40303,437,A,1,0
33606,92061,SOCIAL,SO_GIFT_POETRY,贈詩、文,directed,,,0.5,primary,textid=40303,437,A,1,1
33606,92079,SOCIAL,SO_GIFT_POETRY,贈詩、文,directed,,,0.5,primary,textid=40303,437,A,1,1
33606,92109,SOCIAL,SO_GIFT_POETRY,贈詩、文,directed,,,0.5,primary,textid=40303,437,A,1,1
33606,92516,SOCIAL,SO_GIFT_POETRY,贈詩、文,directed,,,0.5,primary,textid=40303,437,A,1,0
33606,92982,SOCIAL,SO_GIFT_POETRY,贈詩、文,directed,,,0.5,primary,textid=40303,437,A,1,0
33606,92999,SOCIAL,SO_GIFT_POETRY,贈詩、文,directed,,,0.5,primary,textid=40303,437,A,1,1
33606,93025,SOCIAL,SO_GIFT_POETRY,贈詩、文,directed,,,0.5,primary,textid=40303,437,A,1,1
33606,93063,SOCIAL,SO_GIFT_POETRY,贈詩、文,directed,,,0.5,primary,textid=40303,437,A,1,1
33606,93071,SOCIAL,SO_GIFT_POETRY,贈詩、文,directed,,,0.5,primary,textid=40303,437,A,1,1
33606,93139,SOCIAL,SO_GIFT_POETRY,贈詩、文,directed,,,0.5,primary,textid=40303,437,A,1,1
33606,93187,SOCIAL,SO_GIFT_POETRY,贈詩、文,directed,,,0.5,primary,textid=40303,437,A,1,1
33606,93189,SOCIAL,SO_GIFT_POETRY,贈詩、文,directed,,,0.5,primary,textid=40303,437,A,1,1
33606,93367,SOCIAL,SO_GIFT_POETRY,贈詩、文,directed,,,0.5,primary,textid=40303,437,A,1,1
33606,93476,SOCIAL,SO_GIFT_POETRY,贈詩、文,directed,,,0.5,primary,textid=40303,437,A,0,1
33606,94160,SOCIAL,SO_GIFT_POETRY,贈詩、文,directed,,,0.5,primary,textid=40303,437,A,1,0
33606,94273,SOCIAL,SO_GIFT_POETRY,贈詩、文,directed,,,0.5,primary,textid=40303,437,A,1,1
33606,94324,SOCIAL,SO_GIFT_POETRY,贈詩、文,directed,,,0.5,primary,textid=40303,437,A,0,1
33606,94341,SOCIAL,SO_GIFT_POETRY,贈詩、文,directed,,,0.5,primary,textid=40303,437,A,1,1
33606,94373,SOCIAL,SO_GIFT_POETRY,贈詩、文,directed,,,0.5,primary,textid=40303,437,A,1,1
33606,94871,SOCIAL,SO_GIFT_POETRY,贈詩、文,directed,,,0.5,primary,textid=40303,437,A,0,1
33606,94888,SOCIAL,SO_GIFT_POETRY,贈詩、文,directed,,,0.5,primary,textid=40303,437,A,0,1
33606,94888,POLITICAL,PO_IMPEACH,彈劾,directed,,,0.4,primary,舊唐書,11,A,0,1
33606,94941,SOCIAL,SO_GIFT_POETRY,贈詩、文,directed,,,0.5,primary,textid=40303,437,A,1,1
33606,95068,SOCIAL,SO_GIFT_POETRY,贈詩、文,directed,,,0.5,primary,textid=40303,437,A,1,0
33606,146237,SOCIAL,SO_GIFT_POETRY,贈詩、文,directed,,,0.5,primary,textid=40303,437,A,0,1
33606,156023,SOCIAL,SO_GIFT_POETRY,贈詩、文,directed,,,0.5,primary,textid=40303,437,A,1,1
33606,171253,SOCIAL,SO_GIFT_POETRY,贈詩、文,directed,,,0.5,primary,textid=40303,437,A,1,1
33606,175289,SOCIAL,SO_GIFT_POETRY,贈詩、文,directed,,,0.5,primary,textid=40303,437,A,1,1
33606,175493,SOCIAL,SO_GIFT_POETRY,贈詩、文,directed,,,0.5,primary,textid=40303,437,A,1,1
33606,177601,SOCIAL,SO_GIFT_POETRY,贈詩、文,directed,,,0.5,primary,textid=40303,437,A,1,1
33606,177603,SOCIAL,SO_GIFT_POETRY,贈詩、文,directed,,,0.5,primary,textid=40303,437,A,1,1
33606,178361,SOCIAL,SO_GIFT_POETRY,贈詩、文,directed,,,0.5,primary,textid=40303,437,A,1,1
33606,187046,SOCIAL,SO_GIFT_POETRY,贈詩、文,directed,,,0.5,primary,textid=40303,437,A,1,1
33606,189569,SOCIAL,SO_GIFT_POETRY,贈詩、文,directed,,,0.5,primary,textid=40303,437,A,1,1
33606,194588,SOCIAL,SO_GIFT_POETRY,贈詩、文,directed,,,0.5,primary,textid=40303,437,A,1,1
33606,377178,SOCIAL,SO_GIFT_POETRY,贈詩、文,directed,,,0.5,primary,textid=40303,437,A,1,1
33606,381789,SOCIAL,SO_GIFT_POETRY,贈詩、文,directed,,,0.5,primary,textid=40303,437,A,1,1
33606,445068,SOCIAL,SO_GIFT_POETRY,贈詩、文,directed,,,0.5,primary,textid=40303,437,A,1,1
33606,445341,SOCIAL,SO_GIFT_POETRY,贈詩、文,directed,,,0.5,primary,textid=40303,437,A,1,1
33606,445771,SOCIAL,SO_GIFT_POETRY,贈詩、文,directed,,,0.5,primary,textid=40303,437,A,1,1
33606,446307,SOCIAL,SO_GIFT_POETRY,贈詩、文,directed,,,0.5,primary,textid=40303,437,A,1,1
33606,446450,SOCIAL,SO_GIFT_POETRY,贈詩、文,directed,,,0.5,primary,textid=40303,437,A,1,1
33606,446704,SOCIAL,SO_GIFT_POETRY,贈詩、文,directed,,,0.5,primary,textid=40303,437,A,1,1
33606,446733,SOCIAL,SO_GIFT_POETRY,贈詩、文,directed,,,0.5,primary,textid=40303,437,A,1,1
33606,447346,SOCIAL,SO_GIFT_POETRY,贈詩、文,directed,,,0.5,primary,textid=40303,437,A,1,1
33606,447485,SOCIAL,SO_GIFT_POETRY,贈詩、文,directed,,,0.5,primary,textid=40303,437,A,1,1
33606,447594,SOCIAL,SO_GIFT_POETRY,贈詩、文,directed,,,0.5,primary,textid=40303,437,A,1,1
33606,448033,SOCIAL,SO_GIFT_POETRY,贈詩、文,directed,,,0.5,primary,textid=40303,437,A,1,1
33606,448187,SOCIAL,SO_GIFT_POETRY,贈詩、文,directed,,,0.5,primary,textid=40303,437,A,1,1
33606,448280,SOCIAL,SO_GIFT_POETRY,贈詩、文,directed,,,0.5,primary,textid=40303,437,A,1,1
33606,448470,SOCIAL,SO_GIFT_POETRY,贈詩、文,directed,,,0.5,primary,textid=40303,437,A,1,1
33606,448620,SOCIAL,SO_GIFT_POETRY,贈詩、文,directed,,,0.5,primary,textid=40303,437,A,1,1
33606,448891,SOCIAL,SO_GIFT_POETRY,贈詩、文,directed,,,0.5,primary,textid=40303,437,A,1,1
33606,448979,SOCIAL,SO_GIFT_POETRY,贈詩、文,directed,,,0.5,primary,textid=40303,437,A,1,1
33606,449024,SOCIAL,SO_GIFT_POETRY,贈詩、文,directed,,,0.5,primary,textid=40303,437,A,1,1
33606,449538,SOCIAL,SO_GIFT_POETRY,贈詩、文,directed,,,0.5,primary,textid=40303,437,A,1,1
33606,449569,SOCIAL,SO_GIFT_POETRY,贈詩、文,directed,,,0.5,primary,textid=40303,437,A,1,1
33606,449848,SOCIAL,SO_GIFT_POETRY,贈詩、文,directed,,,0.5,primary,textid=40303,437,A,1,1
33606,449911,SOCIAL,SO_GIFT_POETRY,贈詩、文,directed,,,0.5,primary,textid=40303,437,A,1,1
33606,449924,SOCIAL,SO_GIFT_POETRY,贈詩、文,directed,,,0.5,primary,textid=40303,437,A,1,1
33606,450597,SOCIAL,SO_GIFT_POETRY,贈詩、文,directed,,,0.5,primary,textid=40303,437,A,1,1
33606,450650,SOCIAL,SO_GIFT_POETRY,贈詩、文,directed,,,0.5,primary,textid=40303,437,A,1,1
33606,512425,SOCIAL,SO_FRIEND,友,undirected,,,0.6,inferred,,9,M,1,1
33638,3915,SOCIAL,SO_GIFT_POETRY,收到Y的贈詩、文,directed,,,0.5,primary,textid=40303,438,P,0,1
33638,30851,SOCIAL,SO_GIFT_POETRY,收到Y的贈詩、文,directed,,,0.5,primary,textid=40303,438,P,0,1
33638,32174,SOCIAL,SO_GIFT_POETRY,收到Y的贈詩、文,directed,,,0.5,primary,textid=40303,438,P,0,1
33638,32583,SOCIAL,SO_GIFT_POETRY,收到Y的贈詩、文,directed,,,0.5,primary,textid=40303,438,P,0,1
33638,32822,SOCIAL,SO_GIFT_POETRY,收到Y的贈詩、文,directed,,,0.5,primary,textid=40303,438,P,0,1
33638,33566,SOCIAL,SO_GIFT_POETRY,收到Y的贈詩、文,directed,,,0.5,primary,textid=40303,438,P,0,1
33638,92035,SOCIAL,SO_GIFT_POETRY,收到Y的贈詩、文,directed,,,0.5,primary,textid=40303,438,P,0,1
33649,3036,COLLEAGUE,CL_BI,辟,directed,932,,0.7,inferred,,24,A,0,1
33649,3036,SOCIAL,SO_GIFT_POETRY,贈詩、文,directed,,,0.5,primary,textid=40303,437,A,0,1
33649,3915,SOCIAL,SO_GIFT_POETRY,收到Y的贈詩、文,directed,,,0.5,primary,textid=40303,438,P,1,0
33649,3927,SOCIAL,SO_GIFT_POETRY,贈詩、文,directed,,,0.5,primary,textid=40303,437,A,1,1
33649,15161,SOCIAL,SO_GIFT_POETRY,收到Y的贈詩、文,directed,,,0.5,primary,textid=40303,438,P,1,0
33649,17029,SOCIAL,SO_GIFT_POETRY,收到Y的贈詩、文,directed,,,0.5,primary,textid=40303,438,P,1,0
33649,32114,SOCIAL,SO_GIFT_POETRY,贈詩、文,directed,,,0.5,primary,textid=40303,437,A,1,1
33649,32225,SOCIAL,SO_GIFT_POETRY,贈詩、文,directed,,,0.5,primary,textid=40303,437,A,1,1
33649,32227,SOCIAL,SO_GIFT_POETRY,收到Y的贈詩、文,directed,,,0.5,primary,textid=40303,438,P,1,0
33649,32248,SOCIAL,SO_GIFT_POETRY,收到Y的贈詩、文,directed,,,0.5,primary,textid=40303,438,P,1,0
33649,32746,SOCIAL,SO_GIFT_POETRY,贈詩、文,directed,,,0.5,primary,textid=40303,437,A,1,1
33649,32873,SOCIAL,SO_GIFT_POETRY,贈詩、文,directed,,,0.5,primary,textid=40303,437,A,1,1
33649,33606,SOCIAL,SO_GIFT_POETRY,收到Y的贈詩、文,directed,,,0.5,primary,textid=40303,438,P,1,0
33649,33753,SOCIAL,SO_GIFT_POETRY,贈詩、文,directed,,,0.5,primary,textid=40303,437,A,1,0
33649,92035,SOCIAL,SO_GIFT_POETRY,贈詩、文,directed,,,0.5,primary,textid=40303,437,A,1,0
33649,92196,SOCIAL,SO_GIFT_POETRY,贈詩、文,directed,,,0.5,primary,textid=40303,437,A,1,1
33649,92369,SOCIAL,SO_GIFT_POETRY,贈詩、文,directed,,,0.5,primary,textid=40303,437,A,0,1
33649,92704,SOCIAL,SO_GIFT_POETRY,贈詩、文,directed,,,0.5,primary,textid=40303,437,A,0,1
33649,93080,SOCIAL,SO_GIFT_POETRY,贈詩、文,directed,,,0.5,primary,textid=40303,437,A,1,0
33649,93956,SOCIAL,SO_GIFT_POETRY,贈詩、文,directed,,,0.5,primary,textid=40303,437,A,1,0
33649,94237,SOCIAL,SO_GIFT_POETRY,贈詩、文,directed,,,0.5,primary,textid=40303,437,A,1,1
33649,94356,SOCIAL,SO_GIFT_POETRY,贈詩、文,directed,,,0.5,primary,textid=40303,437,A,1,1
33649,175810,SOCIAL,SO_GIFT_POETRY,贈詩、文,directed,,,0.5,primary,textid=40303,437,A,1,1
33649,178775,SOCIAL,SO_GIFT_POETRY,贈詩、文,directed,,,0.5,primary,textid=40303,437,A,1,1
33649,189016,SOCIAL,SO_GIFT_POETRY,贈詩、文,directed,,,0.5,primary,textid=40303,437,A,1,1
33649,381233,SOCIAL,SO_GIFT_POETRY,贈詩、文,directed,,,0.5,primary,textid=40303,437,A,1,1
33649,447201,SOCIAL,SO_GIFT_POETRY,贈詩、文,directed,,,0.5,primary,textid=40303,437,A,0,1
33649,447504,SOCIAL,SO_GIFT_POETRY,贈詩、文,directed,,,0.5,primary,textid=40303,437,A,1,1
33649,447719,SOCIAL,SO_GIFT_POETRY,贈詩、文,directed,,,0.5,primary,textid=40303,437,A,1,1
33649,449450,SOCIAL,SO_GIFT_POETRY,贈詩、文,directed,,,0.5,primary,textid=40303,437,A,1,1
33649,450041,SOCIAL,SO_GIFT_POETRY,贈詩、文,directed,,,0.5,primary,textid=40303,437,A,1,1
33649,450314,SOCIAL,SO_GIFT_POETRY,贈詩、文,directed,,,0.5,primary,textid=40303,437,A,1,1
33649,450704,SOCIAL,SO_GIFT_POETRY,贈詩、文,directed,,,0.5,primary,textid=40303,437,A,1,1
33651,19241,SOCIAL,SO_GIFT_POETRY,收到Y的贈詩、文,directed,,,0.5,primary,textid=40303,438,P,1,0
33651,30982,SOCIAL,SO_GIFT_POETRY,收到Y的贈詩、文,directed,,,0.5,primary,textid=40303,438,P,1,0
33651,173516,SOCIAL,SO_GIFT_POETRY,贈詩、文,directed,,,0.5,primary,textid=40303,437,A,1,1
33651,446062,SOCIAL,SO_GIFT_POETRY,贈詩、文,directed,,,0.5,primary,textid=40303,437,A,1,1
33705,13624,LITERARY,LI_PREAMBLE,書序由Y所作,directed,805,,0.4,inferred,,33,P,0,1
33705,94271,SOCIAL,SO_GIFT_POETRY,收到Y的贈詩、文,directed,,,0.5,primary,textid=40303,438,P,0,1
33753,3702,SOCIAL,SO_GIFT_POETRY,收到Y的贈詩、文,directed,,,0.5,primary,textid=40303,438,P,0,0
33753,31322,SOCIAL,SO_GIFT_POETRY,收到Y的贈詩、文,directed,,,0.5,primary,textid=40303,438,P,1,0
33753,92704,SOCIAL,SO_GIFT_POETRY,贈詩、文,directed,,,0.5,primary,textid=40303,437,A,0,1
33753,93246,SOCIAL,SO_GIFT_POETRY,贈詩、文,directed,,,0.5,primary,textid=40303,437,A,1,0
33753,93476,SOCIAL,SO_GIFT_POETRY,贈詩、文,directed,,,0.5,primary,textid=40303,437,A,1,1
33753,94935,SOCIAL,SO_GIFT_POETRY,贈詩、文,directed,,,0.5,primary,textid=40303,437,A,1,1
33753,446262,SOCIAL,SO_GIFT_POETRY,贈詩、文,directed,,,0.5,primary,textid=40303,437,A,1,1
33753,447110,SOCIAL,SO_GIFT_POETRY,贈詩、文,directed,,,0.5,primary,textid=40303,437,A,0,1
33753,447541,SOCIAL,SO_GIFT_POETRY,贈詩、文,directed,,,0.5,primary,textid=40303,437,A,1,1
33753,449589,SOCIAL,SO_GIFT_POETRY,贈詩、文,directed,,,0.5,primary,textid=40303,437,A,1,1
33753,450457,SOCIAL,SO_GIFT_POETRY,贈詩、文,directed,,,0.5,primary,textid=40303,437,A,0,1
33754,3702,SOCIAL,SO_GIFT_POETRY,收到Y的贈詩、文,directed,,,0.5,primary,textid=40303,438,P,0,1
33754,32540,SOCIAL,SO_GIFT_POETRY,收到Y的贈詩、文,directed,,,0.5,primary,textid=40303,438,P,0,1
33754,93956,SOCIAL,SO_GIFT_POETRY,收到Y的贈詩、文,directed,,,0.5,primary,textid=40303,438,P,0,1
33859,32128,SOCIAL,SO_GIFT_POETRY,贈詩、文,directed,,,0.5,primary,textid=40303,437,A,1,1
33859,92704,SOCIAL,SO_GIFT_POETRY,贈詩、文,directed,,,0.5,primary,textid=40303,437,A,0,1
33859,94109,SOCIAL,SO_GIFT_POETRY,贈詩、文,directed,,,0.5,primary,textid=40303,437,A,0,1
33859,94204,SOCIAL,SO_GIFT_POETRY,贈詩、文,directed,,,0.5,primary,textid=40303,437,A,1,1
33859,94595,SOCIAL,SO_GIFT_POETRY,贈詩、文,directed,,,0.5,primary,textid=40303,437,A,1,0
33859,94937,SOCIAL,SO_GIFT_POETRY,贈詩、文,directed,,,0.5,primary,textid=40303,437,A,0,1
33859,95025,SOCIAL,SO_GIFT_POETRY,贈詩、文,directed,,,0.5,primary,textid=40303,437,A,1,0
33859,146237,SOCIAL,SO_GIFT_POETRY,贈詩、文,directed,,,0.5,primary,textid=40303,437,A,0,1
33859,446976,SOCIAL,SO_GIFT_POETRY,贈詩、文,directed,,,0.5,primary,textid=40303,437,A,1,1
34916,3915,SOCIAL,SO_GIFT_POETRY,收到Y的贈詩、文,directed,,,0.5,primary,textid=40303,438,P,1,0
34916,17029,SOCIAL,SO_GIFT_POETRY,收到Y的贈詩、文,directed,,,0.5,primary,textid=40303,438,P,0,0
34916,21194,SOCIAL,SO_GIFT_POETRY,收到Y的贈詩、文,directed,,,0.5,primary,textid=40303,438,P,0,0
34916,21194,KIN,K_PARENT,父,directed,,,1.0,inferred,,75,KIN,0,0
34916,32540,SOCIAL,SO_GIFT_POETRY,收到Y的贈詩、文,directed,,,0.5,primary,textid=40303,438,P,1,0
34916,33649,SOCIAL,SO_GIFT_POETRY,收到Y的贈詩、文,directed,,,0.5,primary,textid=40303,438,P,1,0
34916,92673,SOCIAL,SO_GIFT_POETRY,贈詩、文,directed,,,0.5,primary,textid=40303,437,A,1,0
34916,93544,SOCIAL,SO_GIFT_POETRY,贈詩、文,directed,,,0.5,primary,textid=40303,437,A,1,1
34916,93627,SOCIAL,SO_GIFT_POETRY,贈詩、文,directed,,,0.5,primary,textid=40303,437,A,1,1
34916,94172,SOCIAL,SO_GIFT_POETRY,贈詩、文,directed,,,0.5,primary,textid=40303,437,A,1,1
34916,94227,SOCIAL,SO_GIFT_POETRY,贈詩、文,directed,,,0.5,primary,textid=40303,437,A,1,0
34916,94237,SOCIAL,SO_GIFT_POETRY,贈詩、文,directed,,,0.5,primary,textid=40303,437,A,1,1
34916,171077,SOCIAL,SO_GIFT_POETRY,贈詩、文,directed,,,0.5,primary,textid=40303,437,A,1,1
34916,176408,SOCIAL,SO_GIFT_POETRY,贈詩、文,directed,,,0.5,primary,textid=40303,437,A,1,1
34916,445577,SOCIAL,SO_GIFT_POETRY,贈詩、文,directed,,,0.5,primary,textid=40303,437,A,1,1
34916,446154,SOCIAL,SO_GIFT_POETRY,贈詩、文,directed,,,0.5,primary,textid=40303,437,A,1,1
34916,446875,SOCIAL,SO_GIFT_POETRY,贈詩、文,directed,,,0.5,primary,textid=40303,437,A,1,1
34916,447110,SOCIAL,SO_GIFT_POETRY,贈詩、文,directed,,,0.5,primary,textid=40303,437,A,0,1
34916,449450,SOCIAL,SO_GIFT_POETRY,贈詩、文,directed,,,0.5,primary,textid=40303,437,A,1,1
34916,450035,SOCIAL,SO_GIFT_POETRY,贈詩、文,directed,,,0.5,primary,textid=40303,437,A,1,1
34916,450663,SOCIAL,SO_GIFT_POETRY,贈詩、文,directed,,,0.5,primary,textid=40303,437,A,1,1
36130,32540,SOCIAL,SO_GIFT_POETRY,收到Y的贈詩、文,directed,,,0.5,primary,textid=40303,438,P,1,0
36130,32985,SOCIAL,SO_GIFT_POETRY,收到Y的贈詩、文,directed,,,0.5,primary,textid=40303,438,P,1,0
36130,93187,SOCIAL,SO_GIFT_POETRY,贈詩、文,directed,,,0.5,primary,textid=40303,437,A,0,1
36130,93893,SOCIAL,SO_GIFT_POETRY,贈詩、文,directed,,,0.5,primary,textid=40303,437,A,0,1
36130,94160,SOCIAL,SO_GIFT_POETRY,贈詩、文,directed,,,0.5,primary,textid=40303,437,A,1,0
36130,446299,SOCIAL,SO_GIFT_POETRY,贈詩、文,directed,,,0.5,primary,textid=40303,437,A,1,1
91930,13060,SOCIAL,SO_GIFT_POETRY,收到Y的贈詩、文,directed,,,0.5,primary,textid=40303,438,P,1,1
91930,91931,KIN,K_OTHER,孫女,directed,,,0.7,primary,textid=24309,251,KIN,1,1
91931,19241,SOCIAL,SO_GIFT_POETRY,收到Y的贈詩、文,directed,,,0.5,primary,textid=40303,438,P,1,0
91931,19242,SOCIAL,SO_GIFT_POETRY,贈詩、文,directed,,,0.5,primary,textid=40303,437,A,1,1
91931,183952,SOCIAL,SO_GIFT_POETRY,贈詩、文,directed,,,0.5,primary,textid=40303,437,A,0,1
91931,444827,SOCIAL,SO_GIFT_POETRY,贈詩、文,directed,,,0.5,primary,textid=40303,437,A,1,1
91939,3332,SOCIAL,SO_GIFT_POETRY,收到Y的贈詩、文,directed,,,0.5,primary,textid=40303,438,P,0,1
91939,13575,SOCIAL,SO_GIFT_POETRY,收到Y的贈詩、文,directed,,,0.5,primary,textid=40303,438,P,0,1
91939,32227,SOCIAL,SO_GIFT_POETRY,收到Y的贈詩、文,directed,,,0.5,primary,textid=40303,438,P,0,1
91939,32248,SOCIAL,SO_GIFT_POETRY,收到Y的贈詩、文,directed,,,0.5,primary,textid=40303,438,P,0,1
91939,33606,SOCIAL,SO_GIFT_POETRY,收到Y的贈詩、文,directed,,,0.5,primary,textid=40303,438,P,0,1
91939,94864,SOCIAL,SO_GIFT_POETRY,收到Y的贈詩、文,directed,,,0.5,primary,textid=40303,438,P,0,1
91939,95068,SOCIAL,SO_GIFT_POETRY,收到Y的贈詩、文,directed,,,0.5,primary,textid=40303,438,P,0,1
91973,32985,SOCIAL,SO_GIFT_POETRY,收到Y的贈詩、文,directed,,,0.5,primary,textid=40303,438,P,1,1
91973,92047,SOCIAL,SO_GIFT_POETRY,收到Y的贈詩、文,directed,,,0.5,primary,textid=40303,438,P,1,1
91973,92147,SOCIAL,SO_GIFT_POETRY,收到Y的贈詩、文,directed,,,0.5,primary,textid=40303,438,P,0,1
91973,94160,SOCIAL,SO_GIFT_POETRY,收到Y的贈詩、文,directed,,,0.5,primary,textid=40303,438,P,1,1
91973,94227,SOCIAL,SO_GIFT_POETRY,收到Y的贈詩、文,directed,,,0.5,primary,textid=40303,438,P,1,1
91973,95071,SOCIAL,SO_GIFT_POETRY,收到Y的贈詩、文,directed,,,0.5,primary,textid=40303,438,P,0,1
91973,447419,SOCIAL,SO_GIFT_POETRY,收到Y的贈詩、文,directed,,,0.5,primary,textid=40303,438,P,1,1
91975,30851,SOCIAL,SO_GIFT_POETRY,收到Y的贈詩、文,directed,,,0.5,primary,textid=40303,438,P,1,0
91975,92035,SOCIAL,SO_GIFT_POETRY,贈詩、文,directed,,,0.5,primary,textid=40303,437,A,1,0
91990,93832,SOCIAL,SO_GIFT_POETRY,收到Y的贈詩、文,directed,,,0.5,primary,textid=40303,438,P,1,1
91990,94183,SOCIAL,SO_GIFT_POETRY,收到Y的贈詩、文,directed,,,0.5,primary,textid=40303,438,P,0,1
92035,3130,SOCIAL,SO_GIFT_POETRY,收到Y的贈詩、文,directed,,,0.5,primary,textid=40303,438,P,1,0
92035,11524,SOCIAL,SO_GIFT_POETRY,收到Y的贈詩、文,directed,,,0.5,primary,textid=40303,438,P,1,0
92035,19244,SOCIAL,SO_GIFT_POETRY,收到Y的贈詩、文,directed,,,0.5,primary,textid=40303,438,P,1,0
92035,31592,SOCIAL,SO_GIFT_POETRY,贈詩、文,directed,,,0.5,primary,textid=40303,437,A,1,1
92035,32174,SOCIAL,SO_GIFT_POETRY,收到Y的贈詩、文,directed,,,0.5,primary,textid=40303,438,P,1,0
92035,32175,SOCIAL,SO_GIFT_POETRY,贈詩、文,directed,,,0.5,primary,textid=40303,437,A,0,1
92035,33026,SOCIAL,SO_GIFT_POETRY,贈詩、文,directed,,,0.5,primary,textid=40303,437,A,1,1
92035,33638,SOCIAL,SO_GIFT_POETRY,贈詩、文,directed,,,0.5,primary,textid=40303,437,A,1,1
92035,92084,SOCIAL,SO_GIFT_POETRY,贈詩、文,directed,,,0.5,primary,textid=40303,437,A,1,1
92035,92665,SOCIAL,SO_GIFT_POETRY,贈詩、文,directed,,,0.5,primary,textid=40303,437,A,1,1
92035,93022,SOCIAL,SO_GIFT_POETRY,贈詩、文,directed,,,0.5,primary,textid=40303,437,A,0,1
92035,94489,SOCIAL,SO_GIFT_POETRY,贈詩、文,directed,,,0.5,primary,textid=40303,437,A,0,1
92035,94901,SOCIAL,SO_GIFT_POETRY,贈詩、文,directed,,,0.5,primary,textid=40303,437,A,1,1
92035,176408,SOCIAL,SO_GIFT_POETRY,贈詩、文,directed,,,0.5,primary,textid=40303,437,A,0,1
92035,445343,SOCIAL,SO_GIFT_POETRY,贈詩、文,directed,,,0.5,primary,textid=40303,437,A,1,1
92035,446145,SOCIAL,SO_GIFT_POETRY,贈詩、文,directed,,,0.5,primary,textid=40303,437,A,1,1
92035,446647,SOCIAL,SO_GIFT_POETRY,贈詩、文,directed,,,0.5,primary,textid=40303,437,A,1,1
92035,446659,SOCIAL,SO_GIFT_POETRY,贈詩、文,directed,,,0.5,primary,textid=40303,437,A,1,1
92047,3480,SOCIAL,SO_GIFT_POETRY,贈詩、文,directed,,,0.5,primary,textid=40303,437,A,1,1
92047,24654,SOCIAL,SO_GIFT_POETRY,收到Y的贈詩、文,directed,,,0.5,primary,textid=40303,438,P,1,0
92047,30868,SOCIAL,SO_GIFT_POETRY,贈詩、文,directed,,,0.5,primary,textid=40303,437,A,1,1
92047,32019,SOCIAL,SO_GIFT_POETRY,贈詩、文,directed,,,0.5,primary,textid=40303,437,A,1,1
92047,32534,SOCIAL,SO_GIFT_POETRY,收到Y的贈詩、文,directed,,,0.5,primary,textid=40303,438,P,1,0
92047,32980,SOCIAL,SO_GIFT_POETRY,收到Y的贈詩、文,directed,,,0.5,primary,textid=40303,438,P,1,0
92047,33487,SOCIAL,SO_GIFT_POETRY,贈詩、文,directed,,,0.5,primary,textid=40303,437,A,1,1
92047,91973,SOCIAL,SO_GIFT_POETRY,贈詩、文,directed,,,0.5,primary,textid=40303,437,A,0,1
92047,92533,SOCIAL,SO_GIFT_POETRY,贈詩、文,directed,,,0.5,primary,textid=40303,437,A,0,1
92047,93071,SOCIAL,SO_GIFT_POETRY,贈詩、文,directed,,,0.5,primary,textid=40303,437,A,1,1
92047,93104,SOCIAL,SO_GIFT_POETRY,贈詩、文,directed,,,0.5,primary,textid=40303,437,A,1,1
92047,93139,SOCIAL,SO_GIFT_POETRY,贈詩、文,directed,,,0.5,primary,textid=40303,437,A,0,1
92047,93220,SOCIAL,SO_GIFT_POETRY,贈詩、文,directed,,,0.5,primary,textid=40303,437,A,1,1
92047,93347,SOCIAL,SO_GIFT_POETRY,贈詩、文,directed,,,0.5,primary,textid=40303,437,A,1,0
92047,93348,SOCIAL,SO_GIFT_POETRY,贈詩、文,directed,,,0.5,primary,textid=40303,437,A,1,0
92047,93520,SOCIAL,SO_GIFT_POETRY,贈詩、文,directed,,,0.5,primary,textid=40303,437,A,0,1
92047,93952,SOCIAL,SO_GIFT_POETRY,贈詩、文,directed,,,0.5,primary,textid=40303,437,A,1,0
92047,94227,SOCIAL,SO_FRIEND,友,undirected,,,0.6,primary,textid=9602,9,M,1,0
92047,94273,SOCIAL,SO_GIFT_POETRY,贈詩、文,directed,,,0.5,primary,textid=40303,437,A,1,1
92047,94691,SOCIAL,SO_GIFT_POETRY,贈詩、文,directed,,,0.5,primary,textid=40303,437,A,1,1
92047,94941,SOCIAL,SO_GIFT_POETRY,贈詩、文,directed,,,0.5,primary,textid=40303,437,A,1,1
92047,95068,SOCIAL,SO_GIFT_POETRY,贈詩、文,directed,,,0.5,primary,textid=40303,437,A,1,0
92047,156023,SOCIAL,SO_GIFT_POETRY,贈詩、文,directed,,,0.5,primary,textid=40303,437,A,1,1
92047,189491,SOCIAL,SO_GIFT_POETRY,贈詩、文,directed,,,0.5,primary,textid=40303,437,A,1,1
92047,196063,SOCIAL,SO_GIFT_POETRY,贈詩、文,directed,,,0.5,primary,textid=40303,437,A,1,1
92047,382868,SOCIAL,SO_GIFT_POETRY,贈詩、文,directed,,,0.5,primary,textid=40303,437,A,1,1
92047,445798,SOCIAL,SO_GIFT_POETRY,贈詩、文,directed,,,0.5,primary,textid=40303,437,A,1,1
92047,446488,SOCIAL,SO_GIFT_POETRY,贈詩、文,directed,,,0.5,primary,textid=40303,437,A,0,1
92047,446523,SOCIAL,SO_GIFT_POETRY,贈詩、文,directed,,,0.5,primary,textid=40303,437,A,1,1
92047,446556,SOCIAL,SO_GIFT_POETRY,贈詩、文,directed,,,0.5,primary,textid=40303,437,A,1,1
92047,446797,SOCIAL,SO_GIFT_POETRY,贈詩、文,directed,,,0.5,primary,textid=40303,437,A,1,1
92047,447419,SOCIAL,SO_GIFT_POETRY,贈詩、文,directed,,,0.5,primary,textid=40303,437,A,1,0
92047,449049,SOCIAL,SO_GIFT_POETRY,贈詩、文,directed,,,0.5,primary,textid=40303,437,A,1,1
92047,449791,SOCIAL,SO_GIFT_POETRY,贈詩、文,directed,,,0.5,primary,textid=40303,437,A,1,1
92047,450491,SOCIAL,SO_GIFT_POETRY,贈詩、文,directed,,,0.5,primary,textid=40303,437,A,1,1
92050,93832,SOCIAL,SO_GIFT_POETRY,收到Y的贈詩、文,directed,,,0.5,primary,textid=40303,438,P,0,1
92050,195105,SOCIAL,SO_GIFT_POETRY,收到Y的贈詩、文,directed,,,0.5,primary,textid=40303,438,P,0,1
92061,13575,SOCIAL,SO_GIFT_POETRY,收到Y的贈詩、文,directed,,,0.5,primary,textid=40303,438,P,0,1
92061,15161,SOCIAL,SO_GIFT_POETRY,收到Y的贈詩、文,directed,,,0.5,primary,textid=40303,438,P,0,1
92061,21194,SOCIAL,SO_GIFT_POETRY,收到Y的贈詩、文,directed,,,0.5,primary,textid=40303,438,P,0,1
92061,32227,SOCIAL,SO_GIFT_POETRY,收到Y的贈詩、文,directed,,,0.5,primary,textid=40303,438,P,0,1
92061,32248,SOCIAL,SO_GIFT_POETRY,收到Y的贈詩、文,directed,,,0.5,primary,textid=40303,438,P,0,1
92061,33606,SOCIAL,SO_GIFT_POETRY,收到Y的贈詩、文,directed,,,0.5,primary,textid=40303,438,P,0,1
92076,3130,SOCIAL,SO_GIFT_POETRY,收到Y的贈詩、文,directed,,,0.5,primary,textid=40303,438,P,0,1
92076,19244,SOCIAL,SO_GIFT_POETRY,收到Y的贈詩、文,directed,,,0.5,primary,textid=40303,438,P,0,1
92076,31407,SOCIAL,SO_GIFT_POETRY,收到Y的贈詩、文,directed,,,0.5,primary,textid=40303,438,P,0,1
92076,31560,SOCIAL,SO_GIFT_POETRY,收到Y的贈詩、文,directed,,,0.5,primary,textid=40303,438,P,0,1
92079,3332,SOCIAL,SO_GIFT_POETRY,收到Y的贈詩、文,directed,,,0.5,primary,textid=40303,438,P,0,1
92079,33606,SOCIAL,SO_GIFT_POETRY,收到Y的贈詩、文,directed,,,0.5,primary,textid=40303,438,P,0,1
92079,92982,SOCIAL,SO_GIFT_POETRY,收到Y的贈詩、文,directed,,,0.5,primary,textid=40303,438,P,0,1
92079,93952,SOCIAL,SO_GIFT_POETRY,收到Y的贈詩、文,directed,,,0.5,primary,textid=40303,438,P,0,1
92079,94116,KIN,K_NEPHEW_NIECE,外甥,directed,,,0.7,primary,textid=24309,179,KIN,0,1
92079,447567,SOCIAL,SO_GIFT_POETRY,收到Y的贈詩、文,directed,,,0.5,primary,textid=40303,438,P,0,1
92084,31407,SOCIAL,SO_GIFT_POETRY,收到Y的贈詩、文,directed,,,0.5,primary,textid=40303,438,P,0,1
92084,92035,SOCIAL,SO_GIFT_POETRY,收到Y的贈詩、文,directed,,,0.5,primary,textid=40303,438,P,0,1
92109,15161,SOCIAL,SO_GIFT_POETRY,收到Y的贈詩、文,directed,,,0.5,primary,textid=40303,438,P,0,1
92109,33606,SOCIAL,SO_GIFT_POETRY,收到Y的贈詩、文,directed,,,0.5,primary,textid=40303,438,P,0,1
92109,92743,SOCIAL,SO_GIFT_POETRY,收到Y的贈詩、文,directed,,,0.5,primary,textid=40303,438,P,0,1
92109,92982,SOCIAL,SO_GIFT_POETRY,收到Y的贈詩、文,directed,,,0.5,primary,textid=40303,438,P,0,1
92109,95068,SOCIAL,SO_GIFT_POETRY,收到Y的贈詩、文,directed,,,0.5,primary,textid=40303,438,P,0,1
92120,3915,SOCIAL,SO_GIFT_POETRY,收到Y的贈詩、文,directed,,,0.5,primary,textid=40303,438,P,0,1
92120,19244,SOCIAL,SO_GIFT_POETRY,收到Y的贈詩、文,directed,,,0.5,primary,textid=40303,438,P,1,1
92120,31275,SOCIAL,SO_GIFT_POETRY,收到Y的贈詩、文,directed,,,0.5,primary,textid=40303,438,P,0,1
92120,31407,SOCIAL,SO_GIFT_POETRY,收到Y的贈詩、文,directed,,,0.5,primary,textid=40303,438,P,1,1
92133,21194,SOCIAL,SO_GIFT_POETRY,收到Y的贈詩、文,directed,,,0.5,primary,textid=40303,438,P,0,1
92133,92673,SOCIAL,SO_GIFT_POETRY,收到Y的贈詩、文,directed,,,0.5,primary,textid=40303,438,P,1,1
92133,92743,SOCIAL,SO_GIFT_POETRY,收到Y的贈詩、文,directed,,,0.5,primary,textid=40303,438,P,0,1
92136,13575,SOCIAL,SO_GIFT_POETRY,收到Y的贈詩、文,directed,,,0.5,primary,textid=40303,438,P,0,1
92136,32227,LITERARY,LI_PREAMBLE,書序由Y所作,directed,,,0.4,inferred,,33,P,0,1
92136,32227,SOCIAL,SO_GIFT_POETRY,收到Y的贈詩、文,directed,,,0.5,primary,textid=40303,438,P,0,1
92136,32248,SOCIAL,SO_GIFT_POETRY,收到Y的贈詩、文,directed,,,0.5,primary,textid=40303,438,P,0,1
92136,94160,SOCIAL,SO_GIFT_POETRY,收到Y的贈詩、文,directed,,,0.5,primary,textid=40303,438,P,0,1
92136,94227,SOCIAL,SO_GIFT_POETRY,收到Y的贈詩、文,directed,,,0.5,primary,textid=40303,438,P,0,1
92136,94864,SOCIAL,SO_GIFT_POETRY,收到Y的贈詩、文,directed,,,0.5,primary,textid=40303,438,P,0,1
92147,13575,SOCIAL,SO_GIFT_POETRY,收到Y的贈詩、文,directed,,,0.5,primary,textid=40303,438,P,1,0
92147,13629,SOCIAL,SO_GIFT_POETRY,贈詩、文,directed,,,0.5,primary,textid=40303,437,A,1,1
92147,33485,SOCIAL,SO_GIFT_POETRY,收到Y的贈詩、文,directed,,,0.5,primary,textid=40303,438,P,1,0
92147,91973,SOCIAL,SO_GIFT_POETRY,贈詩、文,directed,,,0.5,primary,textid=40303,437,A,1,1
92147,92533,SOCIAL,SO_GIFT_POETRY,贈詩、文,directed,,,0.5,primary,textid=40303,437,A,0,1
92147,93088,SOCIAL,SO_GIFT_POETRY,贈詩、文,directed,,,0.5,primary,textid=40303,437,A,1,1
92147,94160,SOCIAL,SO_GIFT_POETRY,贈詩、文,directed,,,0.5,primary,textid=40303,437,A,1,0
92147,94227,SOCIAL,SO_GIFT_POETRY,贈詩、文,directed,,,0.5,primary,textid=40303,437,A,0,0
92147,94227,KIN,K_OTHER,從兄,directed,,,0.7,primary,textid=24309,131,KIN,1,0
92147,94324,SOCIAL,SO_GIFT_POETRY,贈詩、文,directed,,,0.5,primary,textid=40303,437,A,1,1
92147,94722,SOCIAL,SO_GIFT_POETRY,贈詩、文,directed,,,0.5,primary,textid=40303,437,A,1,1
92147,94740,SOCIAL,SO_GIFT_POETRY,贈詩、文,directed,,,0.5,primary,textid=40303,437,A,1,1
92147,145215,SOCIAL,SO_GIFT_POETRY,贈詩、文,directed,,,0.5,primary,textid=40303,437,A,1,1
92147,146237,SOCIAL,SO_GIFT_POETRY,贈詩、文,directed,,,0.5,primary,textid=40303,437,A,0,1
92147,187089,SOCIAL,SO_GIFT_POETRY,贈詩、文,directed,,,0.5,primary,textid=40303,437,A,0,1
92147,187166,SOCIAL,SO_GIFT_POETRY,贈詩、文,directed,,,0.5,primary,textid=40303,437,A,0,1
92147,379269,SOCIAL,SO_GIFT_POETRY,贈詩、文,directed,,,0.5,primary,textid=40303,437,A,1,1
92147,446797,SOCIAL,SO_GIFT_POETRY,贈詩、文,directed,,,0.5,primary,textid=40303,437,A,1,1
92147,446820,SOCIAL,SO_GIFT_POETRY,贈詩、文,directed,,,0.5,primary,textid=40303,437,A,1,1
92147,447535,SOCIAL,SO_GIFT_POETRY,贈詩、文,directed,,,0.5,primary,textid=40303,437,A,1,1
92147,449624,SOCIAL,SO_GIFT_POETRY,贈詩、文,directed,,,0.5,primary,textid=40303,437,A,1,1
92153,13624,SOCIAL,SO_GIFT_POETRY,收到Y的贈詩、文,directed,,,0.5,primary,textid=40303,438,P,0,1
92153,32248,SOCIAL,SO_GIFT_POETRY,收到Y的贈詩、文,directed,,,0.5,primary,textid=40303,438,P,0,1
92153,93952,SOCIAL,SO_GIFT_POETRY,收到Y的贈詩、文,directed,,,0.5,primary,textid=40303,438,P,0,1
92153,95025,KIN,K_OTHER,祖父,directed,,,0.7,primary,textid=24309,62,KIN,0,1
92154,13575,SOCIAL,SO_GIFT_POETRY,收到Y的贈詩、文,directed,,,0.5,primary,textid=40303,438,P,0,1
92154,15161,SOCIAL,SO_GIFT_POETRY,收到Y的贈詩、文,directed,,,0.5,primary,textid=40303,438,P,0,1
92154,32227,LITERARY,LI_EULOGY,祭文由Y所作,directed,,,0.4,inferred,,146,P,0,1
92154,32227,SOCIAL,SO_GIFT_POETRY,收到Y的贈詩、文,directed,,,0.5,primary,textid=40303,438,P,0,1
92154,32248,SOCIAL,SO_GIFT_POETRY,收到Y的贈詩、文,directed,,,0.5,primary,textid=40303,438,P,0,1
92155,32227,SOCIAL,SO_GIFT_POETRY,收到Y的贈詩、文,directed,,,0.5,primary,textid=40303,438,P,1,1
92155,32822,KIN,K_OTHER,祖父,directed,,,0.7,primary,textid=24309,62,KIN,0,1
92155,92161,KIN,K_NEPHEW_NIECE,從子;姪子,directed,,,0.7,primary,textid=24309,177,KIN,0,1
92161,32540,SOCIAL,SO_GIFT_POETRY,收到Y的贈詩、文,directed,,,0.5,primary,textid=40303,438,P,1,0
92161,32822,KIN,K_OTHER,祖父,directed,,,0.7,primary,textid=24309,62,KIN,0,0
92161,34916,SOCIAL,SO_GIFT_POETRY,收到Y的贈詩、文,directed,,,0.5,primary,textid=40303,438,P,1,0
92161,92155,KIN,K_UNCLE_AUNT,伯;伯父,directed,,,0.7,primary,textid=24309,516,KIN,1,1
92161,92673,SOCIAL,SO_GIFT_POETRY,贈詩、文,directed,,,0.5,primary,textid=40303,437,A,1,0
92161,92743,SOCIAL,SO_GIFT_POETRY,贈詩、文,directed,,,0.5,primary,textid=40303,437,A,1,0
92161,93520,SOCIAL,SO_GIFT_POETRY,贈詩、文,directed,,,0.5,primary,textid=40303,437,A,1,1
92161,93832,SOCIAL,SO_GIFT_POETRY,贈詩、文,directed,,,0.5,primary,textid=40303,437,A,1,0
92161,95071,SOCIAL,SO_GIFT_POETRY,贈詩、文,directed,,,0.5,primary,textid=40303,437,A,1,0
92161,445886,SOCIAL,SO_GIFT_POETRY,贈詩、文,directed,,,0.5,primary,textid=40303,437,A,1,1
92161,450041,SOCIAL,SO_GIFT_POETRY,贈詩、文,directed,,,0.5,primary,textid=40303,437,A,1,1
92177,3605,COLLEAGUE,CL_SUPERIOR,上司為Y,directed,801,,0.8,inferred,,481,P,1,1
92177,13624,SOCIAL,SO_GIFT_POETRY,收到Y的贈詩、文,directed,,,0.5,primary,textid=40303,438,P,0,1
92177,32248,SOCIAL,SO_GIFT_POETRY,收到Y的贈詩、文,directed,,,0.5,primary,textid=40303,438,P,0,1
92177,32248,KIN,K_AFFINAL,女婿,directed,,,0.7,primary,textid=32033,181,KIN,0,1
92177,92982,SOCIAL,SO_GIFT_POETRY,收到Y的贈詩、文,directed,,,0.5,primary,textid=40303,438,P,0,1
92177,93952,SOCIAL,SO_GIFT_POETRY,收到Y的贈詩、文,directed,,,0.5,primary,textid=40303,438,P,0,1
92180,13624,SOCIAL,SO_GIFT_POETRY,收到Y的贈詩、文,directed,,,0.5,primary,textid=40303,438,P,0,1
92180,32540,TEACHER_STUDENT,TS_STUDENT,學生為Y,directed,,,0.8,primary,唐詩紀事,23,P,1,1
92180,94595,SOCIAL,SO_GIFT_POETRY,收到Y的贈詩、文,directed,,,0.5,primary,textid=40303,438,P,0,1
92180,95025,SOCIAL,SO_GIFT_POETRY,收到Y的贈詩、文,directed,,,0.5,primary,textid=40303,438,P,0,1
92196,21751,SOCIAL,SO_GIFT_POETRY,收到Y的贈詩、文,directed,,,0.5,primary,textid=40303,438,P,0,1
92196,24412,SOCIAL,SO_GIFT_POETRY,收到Y的贈詩、文,directed,,,0.5,primary,textid=40303,438,P,0,1
92196,33649,SOCIAL,SO_GIFT_POETRY,收到Y的贈詩、文,directed,,,0.5,primary,textid=40303,438,P,0,1
92196,93080,SOCIAL,SO_GIFT_POETRY,收到Y的贈詩、文,directed,,,0.5,primary,textid=40303,438,P,0,1
92196,447567,SOCIAL,SO_GIFT_POETRY,收到Y的贈詩、文,directed,,,0.5,primary,textid=40303,438,P,1,1
92246,93832,SOCIAL,SO_GIFT_POETRY,收到Y的贈詩、文,directed,,,0.5,primary,textid=40303,438,P,0,1
92246,195105,SOCIAL,SO_GIFT_POETRY,收到Y的贈詩、文,directed,,,0.5,primary,textid=40303,438,P,0,1
92269,13059,SOCIAL,SO_GIFT_POETRY,收到Y的贈詩、文,directed,,,0.5,primary,textid=40303,438,P,1,1
92269,22793,KIN,K_AFFINAL,妻兄,directed,,,0.7,primary,textid=24309,137,KIN,0,1
92285,3915,SOCIAL,SO_GIFT_POETRY,收到Y的贈詩、文,directed,,,0.5,primary,textid=40303,438,P,1,1
92285,17029,SOCIAL,SO_GIFT_POETRY,收到Y的贈詩、文,directed,,,0.5,primary,textid=40303,438,P,1,1
92324,32227,SOCIAL,SO_GIFT_POETRY,收到Y的贈詩、文,directed,,,0.5,primary,textid=40303,438,P,0,1
92324,447567,SOCIAL,SO_GIFT_POETRY,收到Y的贈詩、文,directed,,,0.5,primary,textid=40303,438,P,0,1
92328,13624,SOCIAL,SO_GIFT_POETRY,收到Y的贈詩、文,directed,,,0.5,primary,textid=40303,438,P,0,1
92328,32980,SOCIAL,SO_GIFT_POETRY,收到Y的贈詩、文,directed,,,0.5,primary,textid=40303,438,P,1,1
92328,94271,SOCIAL,SO_GIFT_POETRY,收到Y的贈詩、文,directed,,,0.5,primary,textid=40303,438,P,1,1
92328,95025,SOCIAL,SO_GIFT_POETRY,收到Y的贈詩、文,directed,,,0.5,primary,textid=40303,438,P,1,1
92366,32054,SOCIAL,SO_GIFT_POETRY,收到Y的贈詩、文,directed,,,0.5,primary,textid=40303,438,P,1,1
92366,92673,SOCIAL,SO_GIFT_POETRY,收到Y的贈詩、文,directed,,,0.5,primary,textid=40303,438,P,0,1
92366,94160,KIN,K_AFFINAL,女婿,directed,,,0.7,primary,textid=32033,181,KIN,0,1
92369,33649,SOCIAL,SO_GIFT_POETRY,收到Y的贈詩、文,directed,,,0.5,primary,textid=40303,438,P,1,1
92369,94227,SOCIAL,SO_GIFT_POETRY,收到Y的贈詩、文,directed,,,0.5,primary,textid=40303,438,P,1,1
92389,32207,SOCIAL,SO_GIFT_POETRY,收到Y的贈詩、文,directed,,,0.5,primary,textid=40303,438,P,1,1
92411,13624,SOCIAL,SO_GIFT_POETRY,收到Y的贈詩、文,directed,,,0.5,primary,textid=40303,438,P,0,1
92411,33566,SOCIAL,SO_GIFT_POETRY,收到Y的贈詩、文,directed,,,0.5,primary,textid=40303,438,P,0,1
92411,93952,SOCIAL,SO_GIFT_POETRY,收到Y的贈詩、文,directed,,,0.5,primary,textid=40303,438,P,0,1
92423,31560,SOCIAL,SO_GIFT_POETRY,收到Y的贈詩、文,directed,,,0.5,primary,textid=40303,438,P,0,1
92423,31575,SOCIAL,SO_GIFT_POETRY,收到Y的贈詩、文,directed,,,0.5,primary,textid=40303,438,P,0,1
92446,32174,SOCIAL,SO_GIFT_POETRY,收到Y的贈詩、文,directed,,,0.5,primary,textid=40303,438,P,1,1
92446,32822,SOCIAL,SO_GIFT_POETRY,收到Y的贈詩、文,directed,,,0.5,primary,textid=40303,438,P,0,1
92446,94271,SOCIAL,SO_GIFT_POETRY,收到Y的贈詩、文,directed,,,0.5,primary,textid=40303,438,P,1,1
92446,146097,SOCIAL,SO_GIFT_POETRY,收到Y的贈詩、文,directed,,,0.5,primary,textid=40303,438,P,1,1
92452,31558,SOCIAL,SO_GIFT_POETRY,贈詩、文,directed,,,0.5,primary,textid=40303,437,A,0,1
92452,32540,POLITICAL,PO_ADMIRE,被Y欣賞/器重,directed,,,0.5,primary,textid=25640,17,P,1,0
92463,3915,SOCIAL,SO_GIFT_POETRY,收到Y的贈詩、文,directed,,,0.5,primary,textid=40303,438,P,1,1
92463,32583,SOCIAL,SO_GIFT_POETRY,收到Y的贈詩、文,directed,,,0.5,primary,textid=40303,438,P,1,1
92463,95025,SOCIAL,SO_GIFT_POETRY,收到Y的贈詩、文,directed,,,0.5,primary,textid=40303,438,P,1,1
92516,3480,SOCIAL,SO_GIFT_POETRY,贈詩、文,directed,,,0.5,primary,textid=40303,437,A,1,1
92516,3605,SOCIAL,SO_GIFT_POETRY,收到Y的贈詩、文,directed,,,0.5,primary,textid=40303,438,P,1,0
92516,22572,SOCIAL,SO_GIFT_POETRY,贈詩、文,directed,,,0.5,primary,textid=40303,437,A,1,1
92516,24654,SOCIAL,SO_GIFT_POETRY,收到Y的贈詩、文,directed,,,0.5,primary,textid=40303,438,P,1,0
92516,32019,SOCIAL,SO_GIFT_POETRY,贈詩、文,directed,,,0.5,primary,textid=40303,437,A,1,1
92516,91931,SOCIAL,SO_GIFT_POETRY,收到Y的贈詩、文,directed,,,0.5,primary,textid=40303,438,P,1,0
92516,93367,SOCIAL,SO_GIFT_POETRY,贈詩、文,directed,,,0.5,primary,textid=40303,437,A,1,1
92516,94051,SOCIAL,SO_GIFT_POETRY,贈詩、文,directed,,,0.5,primary,textid=40303,437,A,1,1
92516,94871,SOCIAL,SO_GIFT_POETRY,贈詩、文,directed,,,0.5,primary,textid=40303,437,A,0,1
92516,94888,SOCIAL,SO_GIFT_POETRY,贈詩、文,directed,,,0.5,primary,textid=40303,437,A,1,1
92516,377597,SOCIAL,SO_GIFT_POETRY,贈詩、文,directed,,,0.5,primary,textid=40303,437,A,1,1
92516,379269,SOCIAL,SO_GIFT_POETRY,贈詩、文,directed,,,0.5,primary,textid=40303,437,A,1,1
92516,445237,SOCIAL,SO_GIFT_POETRY,贈詩、文,directed,,,0.5,primary,textid=40303,437,A,1,1
92516,447735,SOCIAL,SO_GIFT_POETRY,贈詩、文,directed,,,0.5,primary,textid=40303,437,A,1,1
92516,448187,SOCIAL,SO_GIFT_POETRY,贈詩、文,directed,,,0.5,primary,textid=40303,437,A,1,1
92516,448568,SOCIAL,SO_GIFT_POETRY,贈詩、文,directed,,,0.5,primary,textid=40303,437,A,1,1
92533,13575,SOCIAL,SO_GIFT_POETRY,收到Y的贈詩、文,directed,,,0.5,primary,textid=40303,438,P,1,1
92533,32227,SOCIAL,SO_GIFT_POETRY,收到Y的贈詩、文,directed,,,0.5,primary,textid=40303,438,P,1,1
92533,32248,SOCIAL,SO_GIFT_POETRY,收到Y的贈詩、文,directed,,,0.5,primary,textid=40303,438,P,1,1
92533,32980,SOCIAL,SO_GIFT_POETRY,收到Y的贈詩、文,directed,,,0.5,primary,textid=40303,438,P,1,1
92533,92047,SOCIAL,SO_GIFT_POETRY,收到Y的贈詩、文,directed,,,0.5,primary,textid=40303,438,P,1,1
92533,92147,SOCIAL,SO_GIFT_POETRY,收到Y的贈詩、文,directed,,,0.5,primary,textid=40303,438,P,1,1
92533,92743,SOCIAL,SO_GIFT_POETRY,收到Y的贈詩、文,directed,,,0.5,primary,textid=40303,438,P,0,1
92533,92982,SOCIAL,SO_GIFT_POETRY,收到Y的贈詩、文,directed,,,0.5,primary,textid=40303,438,P,1,1
92533,93785,SOCIAL,SO_GIFT_POETRY,收到Y的贈詩、文,directed,,,0.5,primary,textid=40303,438,P,0,1
92533,93956,SOCIAL,SO_GIFT_POETRY,收到Y的贈詩、文,directed,,,0.5,primary,textid=40303,438,P,1,1
92533,94160,SOCIAL,SO_GIFT_POETRY,收到Y的贈詩、文,directed,,,0.5,primary,textid=40303,438,P,0,1
92533,94227,SOCIAL,SO_GIFT_POETRY,收到Y的贈詩、文,directed,,,0.5,primary,textid=40303,438,P,1,1
92533,447419,SOCIAL,SO_GIFT_POETRY,收到Y的贈詩、文,directed,,,0.5,primary,textid=40303,438,P,1,1
92541,19241,SOCIAL,SO_GIFT_POETRY,收到Y的贈詩、文,directed,,,0.5,primary,textid=40303,438,P,0,1
92541,24654,SOCIAL,SO_GIFT_POETRY,收到Y的贈詩、文,directed,,,0.5,primary,textid=40303,438,P,0,1
92541,33566,SOCIAL,SO_GIFT_POETRY,收到Y的贈詩、文,directed,,,0.5,primary,textid=40303,438,P,0,1
92541,94595,SOCIAL,SO_GIFT_POETRY,收到Y的贈詩、文,directed,,,0.5,primary,textid=40303,438,P,0,1
92577,19241,SOCIAL,SO_GIFT_POETRY,收到Y的贈詩、文,directed,,,0.5,primary,textid=40303,438,P,1,1
92577,31407,SOCIAL,SO_GIFT_POETRY,收到Y的贈詩、文,directed,,,0.5,primary,textid=40303,438,P,1,1
92603,3332,SOCIAL,SO_GIFT_POETRY,收到Y的贈詩、文,directed,,,0.5,primary,textid=40303,438,P,1,1
92603,93952,SOCIAL,SO_GIFT_POETRY,收到Y的贈詩、文,directed,,,0.5,primary,textid=40303,438,P,1,1
92603,94160,SOCIAL,SO_GIFT_POETRY,收到Y的贈詩、文,directed,,,0.5,primary,textid=40303,438,P,1,1
92608,32169,SOCIAL,SO_GIFT_POETRY,收到Y的贈詩、文,directed,,,0.5,primary,textid=40303,438,P,0,1
92608,32822,SOCIAL,SO_GIFT_POETRY,收到Y的贈詩、文,directed,,,0.5,primary,textid=40303,438,P,0,1
92658,188616,SOCIAL,SO_GIFT_POETRY,收到Y的贈詩、文,directed,,,0.5,primary,textid=40303,438,P,1,1
92665,30851,SOCIAL,SO_GIFT_POETRY,收到Y的贈詩、文,directed,,,0.5,primary,textid=40303,438,P,0,1
92665,92035,SOCIAL,SO_GIFT_POETRY,收到Y的贈詩、文,directed,,,0.5,primary,textid=40303,438,P,0,1
92665,93956,SOCIAL,SO_GIFT_POETRY,收到Y的贈詩、文,directed,,,0.5,primary,textid=40303,438,P,1,1
92673,13575,SOCIAL,SO_GIFT_POETRY,收到Y的贈詩、文,directed,,,0.5,primary,textid=40303,438,P,1,0
92673,92133,SOCIAL,SO_GIFT_POETRY,贈詩、文,directed,,,0.5,primary,textid=40303,437,A,0,1
92673,92147,SOCIAL,SO_GIFT_POETRY,收到Y的贈詩、文,directed,,,0.5,primary,textid=40303,438,P,1,0
92673,92366,SOCIAL,SO_GIFT_POETRY,贈詩、文,directed,,,0.5,primary,textid=40303,437,A,1,1
92673,94160,SOCIAL,SO_GIFT_POETRY,贈詩、文,directed,,,0.5,primary,textid=40303,437,A,1,0
92673,94220,SOCIAL,SO_GIFT_POETRY,贈詩、文,directed,,,0.5,primary,textid=40303,437,A,0,1
92673,94227,SOCIAL,SO_GIFT_POETRY,贈詩、文,directed,,,0.5,primary,textid=40303,437,A,1,0
92673,94860,SOCIAL,SO_GIFT_POETRY,贈詩、文,directed,,,0.5,primary,textid=40303,437,A,1,1
92673,94864,SOCIAL,SO_GIFT_POETRY,贈詩、文,directed,,,0.5,primary,textid=40303,437,A,1,0
92673,169209,SOCIAL,SO_GIFT_POETRY,贈詩、文,directed,,,0.5,primary,textid=40303,437,A,1,1
92673,447419,SOCIAL,SO_GIFT_POETRY,贈詩、文,directed,,,0.5,primary,textid=40303,437,A,1,0
92673,447532,SOCIAL,SO_GIFT_POETRY,贈詩、文,directed,,,0.5,primary,textid=40303,437,A,1,1
92673,448891,SOCIAL,SO_GIFT_POETRY,贈詩、文,directed,,,0.5,primary,textid=40303,437,A,1,1
92673,449538,SOCIAL,SO_GIFT_POETRY,贈詩、文,directed,,,0.5,primary,textid=40303,437,A,1,1
92673,449624,SOCIAL,SO_GIFT_POETRY,贈詩、文,directed,,,0.5,primary,textid=40303,437,A,1,1
92673,450264,SOCIAL,SO_GIFT_POETRY,贈詩、文,directed,,,0.5,primary,textid=40303,437,A,1,1
92673,450597,SOCIAL,SO_GIFT_POETRY,贈詩、文,directed,,,0.5,primary,textid=40303,437,A,1,1
92704,3915,SOCIAL,SO_GIFT_POETRY,收到Y的贈詩、文,directed,,,0.5,primary,textid=40303,438,P,1,1
92704,17029,SOCIAL,SO_GIFT_POETRY,收到Y的贈詩、文,directed,,,0.5,primary,textid=40303,438,P,1,1
92704,32227,SOCIAL,SO_GIFT_POETRY,收到Y的贈詩、文,directed,,,0.5,primary,textid=40303,438,P,1,1
92704,32540,SOCIAL,SO_GIFT_POETRY,收到Y的贈詩、文,directed,,,0.5,primary,textid=40303,438,P,1,1
92704,33485,SOCIAL,SO_GIFT_POETRY,收到Y的贈詩、文,directed,,,0.5,primary,textid=40303,438,P,1,1
92704,33649,SOCIAL,SO_GIFT_POETRY,收到Y的贈詩、文,directed,,,0.5,primary,textid=40303,438,P,1,1
92704,33753,SOCIAL,SO_GIFT_POETRY,收到Y的贈詩、文,directed,,,0.5,primary,textid=40303,438,P,1,1
92704,33859,SOCIAL,SO_GIFT_POETRY,收到Y的贈詩、文,directed,,,0.5,primary,textid=40303,438,P,1,1
92704,93832,SOCIAL,SO_GIFT_POETRY,收到Y的贈詩、文,directed,,,0.5,primary,textid=40303,438,P,1,1
92704,93956,SOCIAL,SO_GIFT_POETRY,收到Y的贈詩、文,directed,,,0.5,primary,textid=40303,438,P,1,1
92704,94160,SOCIAL,SO_GIFT_POETRY,收到Y的贈詩、文,directed,,,0.5,primary,textid=40303,438,P,1,1
92704,94183,SOCIAL,SO_GIFT_POETRY,收到Y的贈詩、文,directed,,,0.5,primary,textid=40303,438,P,1,1
92704,94227,SOCIAL,SO_GIFT_POETRY,收到Y的贈詩、文,directed,,,0.5,primary,textid=40303,438,P,1,1
92704,94595,SOCIAL,SO_GIFT_POETRY,收到Y的贈詩、文,directed,,,0.5,primary,textid=40303,438,P,1,1
92704,195105,SOCIAL,SO_GIFT_POETRY,收到Y的贈詩、文,directed,,,0.5,primary,textid=40303,438,P,1,1
92743,3927,SOCIAL,SO_GIFT_POETRY,贈詩、文,directed,,,0.5,primary,textid=40303,437,A,1,1
92743,10649,SOCIAL,SO_GIFT_POETRY,贈詩、文,directed,,,0.5,primary,textid=40303,437,A,1,1
92743,13628,SOCIAL,SO_GIFT_POETRY,贈詩、文,directed,,,0.5,primary,textid=40303,437,A,1,1
92743,22436,SOCIAL,SO_GIFT_POETRY,贈詩、文,directed,,,0.5,primary,textid=40303,437,A,1,1
92743,22560,SOCIAL,SO_GIFT_POETRY,贈詩、文,directed,,,0.5,primary,textid=40303,437,A,1,1
92743,32227,SOCIAL,SO_GIFT_POETRY,收到Y的贈詩、文,directed,,,0.5,primary,textid=40303,438,P,1,0
92743,32540,SOCIAL,SO_GIFT_POETRY,收到Y的贈詩、文,directed,,,0.5,primary,textid=40303,438,P,1,0
92743,32644,SOCIAL,SO_GIFT_POETRY,贈詩、文,directed,,,0.5,primary,textid=40303,437,A,1,1
92743,32873,SOCIAL,SO_GIFT_POETRY,贈詩、文,directed,,,0.5,primary,textid=40303,437,A,1,1
92743,92109,SOCIAL,SO_GIFT_POETRY,贈詩、文,directed,,,0.5,primary,textid=40303,437,A,1,1
92743,92133,SOCIAL,SO_GIFT_POETRY,贈詩、文,directed,,,0.5,primary,textid=40303,437,A,1,1
92743,92533,SOCIAL,SO_GIFT_POETRY,贈詩、文,directed,,,0.5,primary,textid=40303,437,A,1,1
92743,93139,SOCIAL,SO_GIFT_POETRY,贈詩、文,directed,,,0.5,primary,textid=40303,437,A,1,1
92743,93189,SOCIAL,SO_GIFT_POETRY,贈詩、文,directed,,,0.5,primary,textid=40303,437,A,1,1
92743,93476,SOCIAL,SO_GIFT_POETRY,贈詩、文,directed,,,0.5,primary,textid=40303,437,A,0,1
92743,93893,SOCIAL,SO_GIFT_POETRY,贈詩、文,directed,,,0.5,primary,textid=40303,437,A,1,1
92743,94324,SOCIAL,SO_GIFT_POETRY,贈詩、文,directed,,,0.5,primary,textid=40303,437,A,0,1
92743,94341,SOCIAL,SO_GIFT_POETRY,贈詩、文,directed,,,0.5,primary,textid=40303,437,A,1,1
92743,94860,SOCIAL,SO_GIFT_POETRY,贈詩、文,directed,,,0.5,primary,textid=40303,437,A,1,1
92743,176037,SOCIAL,SO_GIFT_POETRY,贈詩、文,directed,,,0.5,primary,textid=40303,437,A,1,1
92743,177601,SOCIAL,SO_GIFT_POETRY,贈詩、文,directed,,,0.5,primary,textid=40303,437,A,1,1
92743,178775,SOCIAL,SO_GIFT_POETRY,贈詩、文,directed,,,0.5,primary,textid=40303,437,A,1,1
92743,188499,SOCIAL,SO_GIFT_POETRY,贈詩、文,directed,,,0.5,primary,textid=40303,437,A,1,1
92743,446733,SOCIAL,SO_GIFT_POETRY,贈詩、文,directed,,,0.5,primary,textid=40303,437,A,1,1
92743,446875,SOCIAL,SO_GIFT_POETRY,贈詩、文,directed,,,0.5,primary,textid=40303,437,A,1,1
92743,446959,SOCIAL,SO_GIFT_POETRY,贈詩、文,directed,,,0.5,primary,textid=40303,437,A,1,1
92743,447722,SOCIAL,SO_GIFT_POETRY,贈詩、文,directed,,,0.5,primary,textid=40303,437,A,1,1
92743,447734,SOCIAL,SO_GIFT_POETRY,贈詩、文,directed,,,0.5,primary,textid=40303,437,A,1,1
92743,447952,SOCIAL,SO_GIFT_POETRY,贈詩、文,directed,,,0.5,primary,textid=40303,437,A,1,1
92743,448009,SOCIAL,SO_GIFT_POETRY,贈詩、文,directed,,,0.5,primary,textid=40303,437,A,1,1
92743,448972,SOCIAL,SO_GIFT_POETRY,贈詩、文,directed,,,0.5,primary,textid=40303,437,A,1,1
92743,449065,SOCIAL,SO_GIFT_POETRY,贈詩、文,directed,,,0.5,primary,textid=40303,437,A,1,1
92743,450491,SOCIAL,SO_GIFT_POETRY,贈詩、文,directed,,,0.5,primary,textid=40303,437,A,1,1
92743,450597,SOCIAL,SO_GIFT_POETRY,贈詩、文,directed,,,0.5,primary,textid=40303,437,A,1,1
92743,450665,SOCIAL,SO_GIFT_POETRY,贈詩、文,directed,,,0.5,primary,textid=40303,437,A,1,1
92743,450670,SOCIAL,SO_GIFT_POETRY,贈詩、文,directed,,,0.5,primary,textid=40303,437,A,1,1
92751,21751,SOCIAL,SO_GIFT_POETRY,收到Y的贈詩、文,directed,,,0.5,primary,textid=40303,438,P,1,1
92751,93080,SOCIAL,SO_GIFT_POETRY,收到Y的贈詩、文,directed,,,0.5,primary,textid=40303,438,P,0,1
92751,93832,SOCIAL,SO_GIFT_POETRY,收到Y的贈詩、文,directed,,,0.5,primary,textid=40303,438,P,0,1
92751,94183,SOCIAL,SO_GIFT_POETRY,收到Y的贈詩、文,directed,,,0.5,primary,textid=40303,438,P,0,1
92751,95071,SOCIAL,SO_GIFT_POETRY,收到Y的贈詩、文,directed,,,0.5,primary,textid=40303,438,P,0,1
92814,24654,SOCIAL,SO_GIFT_POETRY,收到Y的贈詩、文,directed,,,0.5,primary,textid=40303,438,P,0,1
92814,32583,SOCIAL,SO_GIFT_POETRY,收到Y的贈詩、文,directed,,,0.5,primary,textid=40303,438,P,0,1
92814,33566,SOCIAL,SO_GIFT_POETRY,收到Y的贈詩、文,directed,,,0.5,primary,textid=40303,438,P,0,1
92814,94271,SOCIAL,SO_GIFT_POETRY,收到Y的贈詩、文,directed,,,0.5,primary,textid=40303,438,P,0,1
92864,17029,SOCIAL,SO_GIFT_POETRY,收到Y的贈詩、文,directed,,,0.5,primary,textid=40303,438,P,1,1
92864,32540,SOCIAL,SO_GIFT_POETRY,收到Y的贈詩、文,directed,,,0.5,primary,textid=40303,438,P,1,1
92880,188616,SOCIAL,SO_GIFT_POETRY,收到Y的贈詩、文,directed,,,0.5,primary,textid=40303,438,P,1,1
92899,13060,SOCIAL,SO_GIFT_POETRY,收到Y的贈詩、文,directed,,,0.5,primary,textid=40303,438,P,0,0
92899,31066,SOCIAL,SO_GIFT_POETRY,收到Y的贈詩、文,directed,,,0.5,primary,textid=40303,438,P,1,0
92899,31175,SOCIAL,SO_GIFT_POETRY,贈詩、文,directed,,,0.5,primary,textid=40303,437,A,1,1
92899,31628,SOCIAL,SO_GIFT_POETRY,贈詩、文,directed,,,0.5,primary,textid=40303,437,A,1,1
92921,32540,LITERARY,LI_PREAMBLE,書序由Y所作,directed,,,0.4,primary,textid=25640,33,P,0,1
92921,32540,SOCIAL,SO_GIFT_POETRY,收到Y的贈詩、文,directed,,,0.5,primary,textid=40303,438,P,0,1
92921,32540,KIN,K_OTHER,族子,directed,,,0.7,primary,textid=24309,210,KIN,0,1
92921,94595,SOCIAL,SO_GIFT_POETRY,收到Y的贈詩、文,directed,,,0.5,primary,textid=40303,438,P,0,1
92959,13060,KIN,K_OTHER,祖父,directed,,,0.7,primary,textid=32038,62,KIN,0,1
92959,19241,KIN,K_PARENT,父,directed,,,1.0,primary,textid=24309,75,KIN,0,1
92959,32198,SOCIAL,SO_GIFT_POETRY,收到Y的贈詩、文,directed,,,0.5,primary,textid=40303,438,P,0,1
92959,93663,KIN,K_PARENT,母,directed,,,1.0,inferred,,111,KIN,0,1
92982,15161,SOCIAL,SO_GIFT_POETRY,收到Y的贈詩、文,directed,,,0.5,primary,textid=40303,438,P,1,0
92982,21194,SOCIAL,SO_GIFT_POETRY,收到Y的贈詩、文,directed,,,0.5,primary,textid=40303,438,P,1,0
92982,30977,SOCIAL,SO_GIFT_POETRY,贈詩、文,directed,,,0.5,primary,textid=40303,437,A,1,1
92982,32054,SOCIAL,SO_GIFT_POETRY,收到Y的贈詩、文,directed,,,0.5,primary,textid=40303,438,P,1,0
92982,32227,SOCIAL,SO_GIFT_POETRY,收到Y的贈詩、文,directed,,,0.5,primary,textid=40303,438,P,0,0
92982,32822,SOCIAL,SO_GIFT_POETRY,收到Y的贈詩、文,directed,,,0.5,primary,textid=40303,438,P,1,0
92982,32917,SOCIAL,SO_GIFT_POETRY,收到Y的贈詩、文,directed,,,0.5,primary,textid=40303,438,P,1,0
92982,33104,SOCIAL,SO_GIFT_POETRY,贈詩、文,directed,,,0.5,primary,textid=40303,437,A,1,1
92982,33606,SOCIAL,SO_GIFT_POETRY,收到Y的贈詩、文,directed,,,0.5,primary,textid=40303,438,P,0,0
92982,92079,SOCIAL,SO_GIFT_POETRY,贈詩、文,directed,,,0.5,primary,textid=40303,437,A,1,1
92982,92109,SOCIAL,SO_GIFT_POETRY,贈詩、文,directed,,,0.5,primary,textid=40303,437,A,1,1
92982,92177,SOCIAL,SO_GIFT_POETRY,贈詩、文,directed,,,0.5,primary,textid=40303,437,A,1,1
92982,92533,SOCIAL,SO_GIFT_POETRY,贈詩、文,directed,,,0.5,primary,textid=40303,437,A,0,1
92982,93022,SOCIAL,SO_GIFT_POETRY,贈詩、文,directed,,,0.5,primary,textid=40303,437,A,1,1
92982,93025,SOCIAL,SO_GIFT_POETRY,贈詩、文,directed,,,0.5,primary,textid=40303,437,A,1,1
92982,93476,SOCIAL,SO_GIFT_POETRY,贈詩、文,directed,,,0.5,primary,textid=40303,437,A,0,1
92982,93963,SOCIAL,SO_GIFT_POETRY,贈詩、文,directed,,,0.5,primary,textid=40303,437,A,1,1
92982,94324,SOCIAL,SO_GIFT_POETRY,贈詩、文,directed,,,0.5,primary,textid=40303,437,A,0,1
92982,94617,SOCIAL,SO_GIFT_POETRY,贈詩、文,directed,,,0.5,primary,textid=40303,437,A,1,1
92982,94691,SOCIAL,SO_GIFT_POETRY,贈詩、文,directed,,,0.5,primary,textid=40303,437,A,1,1
92982,94941,SOCIAL,SO_GIFT_POETRY,贈詩、文,directed,,,0.5,primary,textid=40303,437,A,1,1
92982,95210,SOCIAL,SO_GIFT_POETRY,贈詩、文,directed,,,0.5,primary,textid=40303,437,A,1,0
92982,118199,COLLEAGUE,CL_MULIAO,為Y之幕僚,directed,807,,0.8,inferred,,66,A,1,1
92982,118199,SOCIAL,SO_GIFT_POETRY,贈詩、文,directed,,,0.5,primary,textid=40303,437,A,0,1
92982,156023,SOCIAL,SO_GIFT_POETRY,贈詩、文,directed,,,0.5,primary,textid=40303,437,A,1,1
92982,175289,SOCIAL,SO_GIFT_POETRY,贈詩、文,directed,,,0.5,primary,textid=40303,437,A,1,1
92982,189633,SOCIAL,SO_GIFT_POETRY,贈詩、文,directed,,,0.5,primary,textid=40303,437,A,1,1
92982,196063,SOCIAL,SO_GIFT_POETRY,贈詩、文,directed,,,0.5,primary,textid=40303,437,A,1,1
92982,445068,SOCIAL,SO_GIFT_POETRY,贈詩、文,directed,,,0.5,primary,textid=40303,437,A,1,1
92982,446450,SOCIAL,SO_GIFT_POETRY,贈詩、文,directed,,,0.5,primary,textid=40303,437,A,1,1
92982,447485,SOCIAL,SO_GIFT_POETRY,贈詩、文,directed,,,0.5,primary,textid=40303,437,A,1,1
92982,447753,SOCIAL,SO_GIFT_POETRY,贈詩、文,directed,,,0.5,primary,textid=40303,437,A,1,1
92982,447906,SOCIAL,SO_GIFT_POETRY,贈詩、文,directed,,,0.5,primary,textid=40303,437,A,1,1
92982,449792,SOCIAL,SO_GIFT_POETRY,贈詩、文,directed,,,0.5,primary,textid=40303,437,A,1,1
92982,450127,SOCIAL,SO_GIFT_POETRY,贈詩、文,directed,,,0.5,primary,textid=40303,437,A,1,1
92999,13624,SOCIAL,SO_GIFT_POETRY,收到Y的贈詩、文,directed,,,0.5,primary,textid=40303,438,P,0,1
92999,24654,SOCIAL,SO_GIFT_POETRY,收到Y的贈詩、文,directed,,,0.5,primary,textid=40303,438,P,0,1
92999,31407,SOCIAL,SO_GIFT_POETRY,收到Y的贈詩、文,directed,,,0.5,primary,textid=40303,438,P,0,1
92999,31560,SOCIAL,SO_GIFT_POETRY,收到Y的贈詩、文,directed,,,0.5,primary,textid=40303,438,P,1,1
92999,32198,SOCIAL,SO_GIFT_POETRY,收到Y的贈詩、文,directed,,,0.5,primary,textid=40303,438,P,0,1
92999,32227,SOCIAL,SO_GIFT_POETRY,收到Y的贈詩、文,directed,,,0.5,primary,textid=40303,438,P,0,1
92999,32248,SOCIAL,SO_GIFT_POETRY,收到Y的贈詩、文,directed,,,0.5,primary,textid=40303,438,P,0,1
92999,32822,SOCIAL,SO_GIFT_POETRY,收到Y的贈詩、文,directed,,,0.5,primary,textid=40303,438,P,0,1
92999,32847,SOCIAL,SO_GIFT_POETRY,收到Y的贈詩、文,directed,,,0.5,primary,textid=40303,438,P,0,1
92999,33606,SOCIAL,SO_GIFT_POETRY,收到Y的贈詩、文,directed,,,0.5,primary,textid=40303,438,P,0,1
92999,93347,SOCIAL,SO_GIFT_POETRY,收到Y的贈詩、文,directed,,,0.5,primary,textid=40303,438,P,1,1
92999,93348,SOCIAL,SO_GIFT_POETRY,收到Y的贈詩、文,directed,,,0.5,primary,textid=40303,438,P,0,1
92999,447292,SOCIAL,SO_GIFT_POETRY,收到Y的贈詩、文,directed,,,0.5,primary,textid=40303,438,P,1,1
93013,13060,KIN,K_PARENT,父,directed,,,1.0,primary,textid=24309,75,KIN,0,1
93013,22793,SOCIAL,SO_GIFT_POETRY,收到Y的贈詩、文,directed,,,0.5,primary,textid=40303,438,P,0,1
93013,31066,KIN,K_PARENT,母,directed,,,1.0,primary,舊唐書,111,KIN,0,1
93022,11524,SOCIAL,SO_GIFT_POETRY,收到Y的贈詩、文,directed,,,0.5,primary,textid=40303,438,P,1,1
93022,30851,SOCIAL,SO_GIFT_POETRY,收到Y的贈詩、文,directed,,,0.5,primary,textid=40303,438,P,0,1
93022,32174,SOCIAL,SO_GIFT_POETRY,收到Y的贈詩、文,directed,735,,0.5,primary,textid=40303,438,P,0,1
93022,32227,SOCIAL,SO_GIFT_POETRY,收到Y的贈詩、文,directed,,,0.5,primary,textid=40303,438,P,0,1
93022,32583,SOCIAL,SO_GIFT_POETRY,收到Y的贈詩、文,directed,,,0.5,primary,textid=40303,438,P,0,1
93022,92035,SOCIAL,SO_GIFT_POETRY,收到Y的贈詩、文,directed,,,0.5,primary,textid=40303,438,P,1,1
93022,92982,SOCIAL,SO_GIFT_POETRY,收到Y的贈詩、文,directed,,,0.5,primary,textid=40303,438,P,0,1
93022,93409,SOCIAL,SO_GIFT_POETRY,收到Y的贈詩、文,directed,,,0.5,primary,textid=40303,438,P,1,1
93025,3332,SOCIAL,SO_GIFT_POETRY,收到Y的贈詩、文,directed,,,0.5,primary,textid=40303,438,P,0,1
93025,13575,SOCIAL,SO_GIFT_POETRY,收到Y的贈詩、文,directed,,,0.5,primary,textid=40303,438,P,0,1
93025,32227,SOCIAL,SO_GIFT_POETRY,收到Y的贈詩、文,directed,,,0.5,primary,textid=40303,438,P,0,1
93025,32248,SOCIAL,SO_GIFT_POETRY,收到Y的贈詩、文,directed,,,0.5,primary,textid=40303,438,P,0,1
93025,32980,SOCIAL,SO_GIFT_POETRY,收到Y的贈詩、文,directed,,,0.5,primary,textid=40303,438,P,0,1
93025,33606,SOCIAL,SO_GIFT_POETRY,收到Y的贈詩、文,directed,,,0.5,primary,textid=40303,438,P,0,1
93025,92982,SOCIAL,SO_GIFT_POETRY,收到Y的贈詩、文,directed,,,0.5,primary,textid=40303,438,P,0,1
93025,94160,SOCIAL,SO_GIFT_POETRY,收到Y的贈詩、文,directed,,,0.5,primary,textid=40303,438,P,0,1
93031,32207,SOCIAL,SO_GIFT_POETRY,收到Y的贈詩、文,directed,,,0.5,primary,textid=40303,438,P,1,1
93063,3332,SOCIAL,SO_GIFT_POETRY,收到Y的贈詩、文,directed,,,0.5,primary,textid=40303,438,P,0,1
93063,32227,SOCIAL,SO_GIFT_POETRY,收到Y的贈詩、文,directed,,,0.5,primary,textid=40303,438,P,0,1
93063,32248,SOCIAL,SO_GIFT_POETRY,收到Y的贈詩、文,directed,,,0.5,primary,textid=40303,438,P,0,1
93063,33606,SOCIAL,SO_GIFT_POETRY,收到Y的贈詩、文,directed,,,0.5,primary,textid=40303,438,P,0,1
93063,93952,SOCIAL,SO_GIFT_POETRY,收到Y的贈詩、文,directed,,,0.5,primary,textid=40303,438,P,0,1
93063,95068,SOCIAL,SO_GIFT_POETRY,收到Y的贈詩、文,directed,,,0.5,primary,textid=40303,438,P,0,1
93071,13575,SOCIAL,SO_GIFT_POETRY,收到Y的贈詩、文,directed,,,0.5,primary,textid=40303,438,P,0,1
93071,22469,SOCIAL,SO_GIFT_POETRY,收到Y的贈詩、文,directed,,,0.5,primary,textid=40303,438,P,0,1
93071,32227,SOCIAL,SO_GIFT_POETRY,收到Y的贈詩、文,directed,,,0.5,primary,textid=40303,438,P,0,1
93071,33606,SOCIAL,SO_GIFT_POETRY,收到Y的贈詩、文,directed,,,0.5,primary,textid=40303,438,P,0,1
93071,92047,SOCIAL,SO_GIFT_POETRY,收到Y的贈詩、文,directed,,,0.5,primary,textid=40303,438,P,0,1
93080,92196,SOCIAL,SO_GIFT_POETRY,贈詩、文,directed,,,0.5,primary,textid=40303,437,A,1,1
93080,92743,SOCIAL,SO_GIFT_POETRY,收到Y的贈詩、文,directed,,,0.5,primary,textid=40303,438,P,1,0
93080,92751,SOCIAL,SO_GIFT_POETRY,贈詩、文,directed,,,0.5,primary,textid=40303,437,A,1,1
93080,93093,SOCIAL,SO_GIFT_POETRY,贈詩、文,directed,,,0.5,primary,textid=40303,437,A,1,1
93080,93541,SOCIAL,SO_GIFT_POETRY,贈詩、文,directed,,,0.5,primary,textid=40303,437,A,0,1
93080,93707,SOCIAL,SO_GIFT_POETRY,贈詩、文,directed,,,0.5,primary,textid=40303,437,A,0,1
93080,93893,SOCIAL,SO_GIFT_POETRY,贈詩、文,directed,,,0.5,primary,textid=40303,437,A,1,1
93080,94051,SOCIAL,SO_GIFT_POETRY,贈詩、文,directed,,,0.5,primary,textid=40303,437,A,1,1
93080,94160,KIN,K_AFFINAL,岳父,directed,,,0.7,primary,textid=24309,76,KIN,1,0
93080,94220,SOCIAL,SO_GIFT_POETRY,贈詩、文,directed,,,0.5,primary,textid=40303,437,A,1,1
93080,94227,SOCIAL,SO_GIFT_POETRY,贈詩、文,directed,,,0.5,primary,textid=40303,437,A,1,0
93080,94475,SOCIAL,SO_GIFT_POETRY,贈詩、文,directed,,,0.5,primary,textid=40303,437,A,0,1
93080,94740,SOCIAL,SO_GIFT_POETRY,贈詩、文,directed,,,0.5,primary,textid=40303,437,A,0,1
93080,175810,SOCIAL,SO_GIFT_POETRY,贈詩、文,directed,,,0.5,primary,textid=40303,437,A,1,1
93080,176408,SOCIAL,SO_GIFT_POETRY,贈詩、文,directed,,,0.5,primary,textid=40303,437,A,0,1
93080,447535,SOCIAL,SO_GIFT_POETRY,贈詩、文,directed,,,0.5,primary,textid=40303,437,A,1,1
93080,449310,SOCIAL,SO_GIFT_POETRY,贈詩、文,directed,,,0.5,primary,textid=40303,437,A,1,1
93080,449434,SOCIAL,SO_GIFT_POETRY,贈詩、文,directed,,,0.5,primary,textid=40303,437,A,1,1
93080,449610,SOCIAL,SO_GIFT_POETRY,贈詩、文,directed,,,0.5,primary,textid=40303,437,A,1,1
93080,450491,SOCIAL,SO_GIFT_POETRY,贈詩、文,directed,,,0.5,primary,textid=40303,437,A,1,1
93088,32980,SOCIAL,SO_GIFT_POETRY,收到Y的贈詩、文,directed,,,0.5,primary,textid=40303,438,P,1,1
93088,92147,SOCIAL,SO_GIFT_POETRY,收到Y的贈詩、文,directed,,,0.5,primary,textid=40303,438,P,0,1
93088,94160,SOCIAL,SO_GIFT_POETRY,收到Y的贈詩、文,directed,,,0.5,primary,textid=40303,438,P,0,1
93088,94227,SOCIAL,SO_GIFT_POETRY,收到Y的贈詩、文,directed,,,0.5,primary,textid=40303,438,P,0,1
93088,94864,SOCIAL,SO_GIFT_POETRY,收到Y的贈詩、文,directed,,,0.5,primary,textid=40303,438,P,0,1
93088,447419,SOCIAL,SO_GIFT_POETRY,收到Y的贈詩、文,directed,,,0.5,primary,textid=40303,438,P,0,1
93093,17029,SOCIAL,SO_GIFT_POETRY,收到Y的贈詩、文,directed,,,0.5,primary,textid=40303,438,P,0,1
93093,21194,SOCIAL,SO_GIFT_POETRY,收到Y的贈詩、文,directed,,,0.5,primary,textid=40303,438,P,0,1
93093,21751,SOCIAL,SO_GIFT_POETRY,收到Y的贈詩、文,directed,,,0.5,primary,textid=40303,438,P,0,1
93093,93080,SOCIAL,SO_GIFT_POETRY,收到Y的贈詩、文,directed,,,0.5,primary,textid=40303,438,P,0,1
93093,94160,SOCIAL,SO_GIFT_POETRY,收到Y的贈詩、文,directed,,,0.5,primary,textid=40303,438,P,0,1
93096,31407,SOCIAL,SO_GIFT_POETRY,收到Y的贈詩、文,directed,,,0.5,primary,textid=40303,438,P,1,1
93096,32917,SOCIAL,SO_GIFT_POETRY,收到Y的贈詩、文,directed,,,0.5,primary,textid=40303,438,P,1,1
93096,33566,SOCIAL,SO_GIFT_POETRY,收到Y的贈詩、文,directed,,,0.5,primary,textid=40303,438,P,0,1
93096,94271,SOCIAL,SO_GIFT_POETRY,收到Y的贈詩、文,directed,,,0.5,primary,textid=40303,438,P,0,1
93096,94595,SOCIAL,SO_GIFT_POETRY,收到Y的贈詩、文,directed,,,0.5,primary,textid=40303,438,P,0,1
93096,146097,SOCIAL,SO_GIFT_POETRY,收到Y的贈詩、文,directed,,,0.5,primary,textid=40303,438,P,1,1
93103,94271,SOCIAL,SO_GIFT_POETRY,收到Y的贈詩、文,directed,,,0.5,primary,textid=40303,438,P,1,1
93103,94595,SOCIAL,SO_GIFT_POETRY,收到Y的贈詩、文,directed,,,0.5,primary,textid=40303,438,P,1,1
93104,3605,SOCIAL,SO_GIFT_POETRY,收到Y的贈詩、文,directed,,,0.5,primary,textid=40303,438,P,0,1
93104,13575,SOCIAL,SO_GIFT_POETRY,收到Y的贈詩、文,directed,,,0.5,primary,textid=40303,438,P,0,1
93104,21194,SOCIAL,SO_GIFT_POETRY,收到Y的贈詩、文,directed,,,0.5,primary,textid=40303,438,P,0,1
93104,92047,SOCIAL,SO_GIFT_POETRY,收到Y的贈詩、文,directed,,,0.5,primary,textid=40303,438,P,0,1
93139,13575,SOCIAL,SO_GIFT_POETRY,收到Y的贈詩、文,directed,,,0.5,primary,textid=40303,438,P,0,1
93139,13624,SOCIAL,SO_GIFT_POETRY,收到Y的贈詩、文,directed,,,0.5,primary,textid=40303,438,P,1,1
93139,24654,SOCIAL,SO_GIFT_POETRY,收到Y的贈詩、文,directed,,,0.5,primary,textid=40303,438,P,1,1
93139,32227,SOCIAL,SO_GIFT_POETRY,收到Y的贈詩、文,directed,,,0.5,primary,textid=40303,438,P,1,1
93139,32248,SOCIAL,SO_GIFT_POETRY,收到Y的贈詩、文,directed,,,0.5,primary,textid=40303,438,P,0,1
93139,32980,SOCIAL,SO_GIFT_POETRY,收到Y的贈詩、文,directed,,,0.5,primary,textid=40303,438,P,1,1
93139,33606,SOCIAL,SO_GIFT_POETRY,收到Y的贈詩、文,directed,,,0.5,primary,textid=40303,438,P,0,1
93139,92047,SOCIAL,SO_GIFT_POETRY,收到Y的贈詩、文,directed,,,0.5,primary,textid=40303,438,P,1,1
93139,92743,SOCIAL,SO_GIFT_POETRY,收到Y的贈詩、文,directed,,,0.5,primary,textid=40303,438,P,0,1
93139,94160,SOCIAL,SO_GIFT_POETRY,收到Y的贈詩、文,directed,,,0.5,primary,textid=40303,438,P,0,1
93139,94227,SOCIAL,SO_GIFT_POETRY,收到Y的贈詩、文,directed,,,0.5,primary,textid=40303,438,P,0,1
93141,3915,SOCIAL,SO_GIFT_POETRY,收到Y的贈詩、文,directed,,,0.5,primary,textid=40303,438,P,0,1
93141,13624,SOCIAL,SO_GIFT_POETRY,收到Y的贈詩、文,directed,,,0.5,primary,textid=40303,438,P,0,1
93141,32227,SOCIAL,SO_GIFT_POETRY,收到Y的贈詩、文,directed,,,0.5,primary,textid=40303,438,P,0,1
93141,94227,SOCIAL,SO_GIFT_POETRY,收到Y的贈詩、文,directed,,,0.5,primary,textid=40303,438,P,0,1
93187,33485,SOCIAL,SO_GIFT_POETRY,收到Y的贈詩、文,directed,,,0.5,primary,textid=40303,438,P,0,1
93187,33606,SOCIAL,SO_GIFT_POETRY,收到Y的贈詩、文,directed,,,0.5,primary,textid=40303,438,P,0,1
93187,36130,SOCIAL,SO_GIFT_POETRY,收到Y的贈詩、文,directed,,,0.5,primary,textid=40303,438,P,1,1
93187,94160,SOCIAL,SO_GIFT_POETRY,收到Y的贈詩、文,directed,,,0.5,primary,textid=40303,438,P,0,1
93189,3332,SOCIAL,SO_GIFT_POETRY,收到Y的贈詩、文,directed,,,0.5,primary,textid=40303,438,P,0,1
93189,24412,SOCIAL,SO_GIFT_POETRY,收到Y的贈詩、文,directed,,,0.5,primary,textid=40303,438,P,0,1
93189,24654,SOCIAL,SO_GIFT_POETRY,收到Y的贈詩、文,directed,,,0.5,primary,textid=40303,438,P,1,1
93189,32227,SOCIAL,SO_GIFT_POETRY,收到Y的贈詩、文,directed,,,0.5,primary,textid=40303,438,P,0,1
93189,32227,COLLEAGUE,CL_RECOMMEND,被Y推薦,directed,,,0.7,inferred,,14,P,0,1
93189,33606,SOCIAL,SO_GIFT_POETRY,收到Y的贈詩、文,directed,,,0.5,primary,textid=40303,438,P,0,1
93189,92743,SOCIAL,SO_GIFT_POETRY,收到Y的贈詩、文,directed,,,0.5,primary,textid=40303,438,P,0,1
93208,13060,SOCIAL,SO_GIFT_POETRY,收到Y的贈詩、文,directed,,,0.5,primary,textid=40303,438,P,0,1
93208,31560,SOCIAL,SO_GIFT_POETRY,收到Y的贈詩、文,directed,,,0.5,primary,textid=40303,438,P,0,1
93220,3332,SOCIAL,SO_GIFT_POETRY,收到Y的贈詩、文,directed,,,0.5,primary,textid=40303,438,P,0,1
93220,32227,LITERARY,LI_EPITAPH,墓誌銘由Y所作,directed,,,0.4,inferred,,43,P,0,1
93220,32227,LITERARY,LI_STELE,神道碑由Y所作,directed,,,0.4,inferred,,405,P,0,1
93220,32227,SOCIAL,SO_GIFT_POETRY,收到Y的贈詩、文,directed,,,0.5,primary,textid=40303,438,P,0,1
93220,32248,SOCIAL,SO_GIFT_POETRY,收到Y的贈詩、文,directed,,,0.5,primary,textid=40303,438,P,0,1
93220,92047,SOCIAL,SO_GIFT_POETRY,收到Y的贈詩、文,directed,,,0.5,primary,textid=40303,438,P,0,1
93220,94864,SOCIAL,SO_GIFT_POETRY,收到Y的贈詩、文,directed,,,0.5,primary,textid=40303,438,P,0,1
93246,3702,SOCIAL,SO_GIFT_POETRY,收到Y的贈詩、文,directed,,,0.5,primary,textid=40303,438,P,1,0
93246,17029,SOCIAL,SO_GIFT_POETRY,收到Y的贈詩、文,directed,,,0.5,primary,textid=40303,438,P,1,0
93246,24691,SOCIAL,SO_GIFT_POETRY,贈詩、文,directed,,,0.5,primary,textid=40303,437,A,1,1
93246,32540,LITERARY,LI_STYLE,文風為Y所稱道,directed,,,0.4,primary,textid=26199,173,P,1,0
93246,33649,SOCIAL,SO_GIFT_POETRY,收到Y的贈詩、文,directed,,,0.5,primary,textid=40303,438,P,1,0
93246,94717,SOCIAL,SO_GIFT_POETRY,贈詩、文,directed,,,0.5,primary,textid=40303,437,A,1,0
93246,171077,SOCIAL,SO_GIFT_POETRY,贈詩、文,directed,,,0.5,primary,textid=40303,437,A,1,1
93246,173788,SOCIAL,SO_GIFT_POETRY,贈詩、文,directed,,,0.5,primary,textid=40303,437,A,1,1
93246,446488,SOCIAL,SO_GIFT_POETRY,贈詩、文,directed,,,0.5,primary,textid=40303,437,A,1,1
93246,450457,SOCIAL,SO_GIFT_POETRY,贈詩、文,directed,,,0.5,primary,textid=40303,437,A,1,1
93246,450663,SOCIAL,SO_GIFT_POETRY,贈詩、文,directed,,,0.5,primary,textid=40303,437,A,1,1
93297,32540,SOCIAL,SO_GIFT_POETRY,收到Y的贈詩、文,directed,,,0.5,primary,textid=40303,438,P,0,1
93297,94183,SOCIAL,SO_GIFT_POETRY,收到Y的贈詩、文,directed,,,0.5,primary,textid=40303,438,P,0,1
93297,94271,SOCIAL,SO_GIFT_POETRY,收到Y的贈詩、文,directed,,,0.5,primary,textid=40303,438,P,0,1
93297,94717,SOCIAL,SO_GIFT_POETRY,收到Y的贈詩、文,directed,,,0.5,primary,textid=40303,438,P,0,1
93311,21194,SOCIAL,SO_GIFT_POETRY,收到Y的贈詩、文,directed,,,0.5,primary,textid=40303,438,P,0,1
93311,24412,SOCIAL,SO_GIFT_POETRY,收到Y的贈詩、文,directed,,,0.5,primary,textid=40303,438,P,0,1
93311,32248,SOCIAL,SO_GIFT_POETRY,收到Y的贈詩、文,directed,,,0.5,primary,textid=40303,438,P,1,1
93311,33485,SOCIAL,SO_GIFT_POETRY,收到Y的贈詩、文,directed,,,0.5,primary,textid=40303,438,P,0,1
93311,94227,SOCIAL,SO_GIFT_POETRY,收到Y的贈詩、文,directed,,,0.5,primary,textid=40303,438,P,0,1
93311,195105,SOCIAL,SO_GIFT_POETRY,收到Y的贈詩、文,directed,,,0.5,primary,textid=40303,438,P,0,1
93347,92999,SOCIAL,SO_GIFT_POETRY,贈詩、文,directed,,,0.5,primary,textid=40303,437,A,0,1
93347,93348,KIN,K_SIBLING,妹,undirected,,,0.9,primary,textid=24309,169,KIN,1,0
93347,136174,COLLEAGUE,CL_RECOMMEND,推薦,directed,788,,0.7,primary,舊唐書,13,A,0,1
93347,449911,SOCIAL,SO_GIFT_POETRY,贈詩、文,directed,,,0.5,primary,textid=40303,437,A,0,1
93348,92999,SOCIAL,SO_GIFT_POETRY,贈詩、文,directed,,,0.5,primary,textid=40303,437,A,1,1
93348,136174,COLLEAGUE,CL_RECOMMEND,推薦,directed,788,,0.7,primary,舊唐書,13,A,0,1
93367,3605,SOCIAL,SO_GIFT_POETRY,收到Y的贈詩、文,directed,,,0.5,primary,textid=40303,438,P,0,1
93367,13624,SOCIAL,SO_GIFT_POETRY,收到Y的贈詩、文,directed,,,0.5,primary,textid=40303,438,P,0,1
93367,32227,SOCIAL,SO_GIFT_POETRY,收到Y的贈詩、文,directed,,,0.5,primary,textid=40303,438,P,0,1
93367,33566,SOCIAL,SO_GIFT_POETRY,收到Y的贈詩、文,directed,,,0.5,primary,textid=40303,438,P,0,1
93367,33606,SOCIAL,SO_GIFT_POETRY,收到Y的贈詩、文,directed,,,0.5,primary,textid=40303,438,P,0,1
93367,92516,SOCIAL,SO_GIFT_POETRY,收到Y的贈詩、文,directed,,,0.5,primary,textid=40303,438,P,0,1
93367,94595,SOCIAL,SO_GIFT_POETRY,收到Y的贈詩、文,directed,,,0.5,primary,textid=40303,438,P,0,1
93409,93022,SOCIAL,SO_GIFT_POETRY,贈詩、文,directed,,,0.5,primary,textid=40303,437,A,0,1
93452,3332,SOCIAL,SO_GIFT_POETRY,收到Y的贈詩、文,directed,,,0.5,primary,textid=40303,438,P,0,1
93452,3605,SOCIAL,SO_GIFT_POETRY,收到Y的贈詩、文,directed,,,0.5,primary,textid=40303,438,P,0,1
93452,3915,SOCIAL,SO_GIFT_POETRY,收到Y的贈詩、文,directed,,,0.5,primary,textid=40303,438,P,0,1
93452,13624,SOCIAL,SO_GIFT_POETRY,收到Y的贈詩、文,directed,,,0.5,primary,textid=40303,438,P,0,1
93452,93952,SOCIAL,SO_GIFT_POETRY,收到Y的贈詩、文,directed,,,0.5,primary,textid=40303,438,P,0,1
93458,32917,SOCIAL,SO_GIFT_POETRY,收到Y的贈詩、文,directed,,,0.5,primary,textid=40303,438,P,1,1
93458,33566,SOCIAL,SO_GIFT_POETRY,收到Y的贈詩、文,directed,,,0.5,primary,textid=40303,438,P,0,1
93458,94271,SOCIAL,SO_GIFT_POETRY,收到Y的贈詩、文,directed,,,0.5,primary,textid=40303,438,P,0,1
93476,3130,SOCIAL,SO_GIFT_POETRY,收到Y的贈詩、文,directed,,,0.5,primary,textid=40303,438,P,1,1
93476,3332,SOCIAL,SO_GIFT_POETRY,收到Y的贈詩、文,directed,,,0.5,primary,textid=40303,438,P,1,1
93476,3702,SOCIAL,SO_GIFT_POETRY,收到Y的贈詩、文,directed,,,0.5,primary,textid=40303,438,P,0,1
93476,3840,SOCIAL,SO_GIFT_POETRY,收到Y的贈詩、文,directed,,,0.5,primary,textid=40303,438,P,1,1
93476,15161,SOCIAL,SO_GIFT_POETRY,收到Y的贈詩、文,directed,,,0.5,primary,textid=40303,438,P,1,1
93476,19244,SOCIAL,SO_GIFT_POETRY,收到Y的贈詩、文,directed,,,0.5,primary,textid=40303,438,P,1,1
93476,21194,SOCIAL,SO_GIFT_POETRY,收到Y的贈詩、文,directed,,,0.5,primary,textid=40303,438,P,0,1
93476,31222,SOCIAL,SO_GIFT_POETRY,收到Y的贈詩、文,directed,,,0.5,primary,textid=40303,438,P,1,1
93476,32054,SOCIAL,SO_GIFT_POETRY,收到Y的贈詩、文,directed,,,0.5,primary,textid=40303,438,P,1,1
93476,32174,SOCIAL,SO_GIFT_POETRY,收到Y的贈詩、文,directed,,,0.5,primary,textid=40303,438,P,1,1
93476,32540,SOCIAL,SO_GIFT_POETRY,收到Y的贈詩、文,directed,,,0.5,primary,textid=40303,438,P,1,1
93476,32980,SOCIAL,SO_GIFT_POETRY,收到Y的贈詩、文,directed,,,0.5,primary,textid=40303,438,P,1,1
93476,32985,SOCIAL,SO_GIFT_POETRY,收到Y的贈詩、文,directed,,,0.5,primary,textid=40303,438,P,0,1
93476,33606,SOCIAL,SO_GIFT_POETRY,收到Y的贈詩、文,directed,,,0.5,primary,textid=40303,438,P,1,1
93476,33753,SOCIAL,SO_GIFT_POETRY,收到Y的贈詩、文,directed,,,0.5,primary,textid=40303,438,P,0,1
93476,92743,SOCIAL,SO_GIFT_POETRY,收到Y的贈詩、文,directed,,,0.5,primary,textid=40303,438,P,1,1
93476,92982,SOCIAL,SO_GIFT_POETRY,收到Y的贈詩、文,directed,,,0.5,primary,textid=40303,438,P,1,1
93476,93956,SOCIAL,SO_GIFT_POETRY,收到Y的贈詩、文,directed,,,0.5,primary,textid=40303,438,P,1,1
93476,447567,SOCIAL,SO_GIFT_POETRY,收到Y的贈詩、文,directed,,,0.5,primary,textid=40303,438,P,1,1
93485,32169,SOCIAL,SO_GIFT_POETRY,收到Y的贈詩、文,directed,,,0.5,primary,textid=40303,438,P,0,1
93503,32174,SOCIAL,SO_GIFT_POETRY,收到Y的贈詩、文,directed,,,0.5,primary,textid=40303,438,P,0,1
93503,93785,SOCIAL,SO_GIFT_POETRY,收到Y的贈詩、文,directed,,,0.5,primary,textid=40303,438,P,0,1
93503,93956,SOCIAL,SO_GIFT_POETRY,收到Y的贈詩、文,directed,,,0.5,primary,textid=40303,438,P,0,1
93503,94271,SOCIAL,SO_GIFT_POETRY,收到Y的贈詩、文,directed,,,0.5,primary,textid=40303,438,P,0,1
93520,92047,SOCIAL,SO_GIFT_POETRY,收到Y的贈詩、文,directed,,,0.5,primary,textid=40303,438,P,1,1
93520,92161,SOCIAL,SO_GIFT_POETRY,收到Y的贈詩、文,directed,,,0.5,primary,textid=40303,438,P,0,1
93520,94183,SOCIAL,SO_GIFT_POETRY,收到Y的贈詩、文,directed,,,0.5,primary,textid=40303,438,P,0,1
93522,19244,SOCIAL,SO_GIFT_POETRY,收到Y的贈詩、文,directed,,,0.5,primary,textid=40303,438,P,1,1
93522,31560,SOCIAL,SO_GIFT_POETRY,收到Y的贈詩、文,directed,,,0.5,primary,textid=40303,438,P,1,1
93541,93080,SOCIAL,SO_GIFT_POETRY,收到Y的贈詩、文,directed,,,0.5,primary,textid=40303,438,P,1,1
93541,93956,SOCIAL,SO_GIFT_POETRY,收到Y的贈詩、文,directed,,,0.5,primary,textid=40303,438,P,1,1
93541,94227,SOCIAL,SO_GIFT_POETRY,收到Y的贈詩、文,directed,,,0.5,primary,textid=40303,438,P,1,1
93541,95071,SOCIAL,SO_GIFT_POETRY,收到Y的贈詩、文,directed,,,0.5,primary,textid=40303,438,P,1,1
93541,448874,SOCIAL,SO_GIFT_POETRY,收到Y的贈詩、文,directed,,,0.5,primary,textid=40303,438,P,0,1
93543,13575,SOCIAL,SO_GIFT_POETRY,收到Y的贈詩、文,directed,,,0.5,primary,textid=40303,438,P,0,1
93543,31407,KIN,K_OTHER,祖父,directed,,,0.7,primary,textid=24309,62,KIN,0,1
93544,34916,SOCIAL,SO_GIFT_POETRY,收到Y的贈詩、文,directed,,,0.5,primary,textid=40303,438,P,0,1
93544,94575,SOCIAL,SO_GIFT_POETRY,收到Y的贈詩、文,directed,,,0.5,primary,textid=40303,438,P,0,1
93603,19244,SOCIAL,SO_GIFT_POETRY,收到Y的贈詩、文,directed,,,0.5,primary,textid=40303,438,P,1,1
93603,30851,SOCIAL,SO_GIFT_POETRY,收到Y的贈詩、文,directed,,,0.5,primary,textid=40303,438,P,0,1
93603,32174,SOCIAL,SO_GIFT_POETRY,收到Y的贈詩、文,directed,,,0.5,primary,textid=40303,438,P,0,1
93627,17029,SOCIAL,SO_GIFT_POETRY,收到Y的贈詩、文,directed,,,0.5,primary,textid=40303,438,P,0,1
93627,34916,SOCIAL,SO_GIFT_POETRY,收到Y的贈詩、文,directed,,,0.5,primary,textid=40303,438,P,0,1
93627,94183,SOCIAL,SO_GIFT_POETRY,收到Y的贈詩、文,directed,,,0.5,primary,textid=40303,438,P,0,1
93663,3840,POLITICAL,PO_ADMIRE,被Y欣賞/器重,directed,,,0.5,primary,資治通鑑,17,P,1,0
93663,13060,KIN,K_AFFINAL,翁;公公;丈夫之父,directed,,,0.7,inferred,,395,KIN,0,0
93663,19242,KIN,K_CHILD,子,directed,,,1.0,inferred,,180,KIN,1,1
93663,19243,POLITICAL,PO_SUPPORT,擁立Y,directed,684,,0.5,primary,資治通鑑,262,A,0,1
93663,19243,KIN,K_CHILD,子,directed,,,1.0,inferred,,180,KIN,1,1
93663,19244,KIN,K_OTHER,孫,directed,,,0.7,inferred,,243,KIN,0,0
93663,24645,KIN,K_NEPHEW_NIECE,從子;姪子,directed,,,0.7,primary,textid=24309,177,KIN,1,1
93663,31322,POLITICAL,PO_ADMIRE,被Y欣賞/器重,directed,,,0.5,primary,舊唐書,17,P,1,0
93663,31560,LITERARY,LI_PRAISE_POETRY,詩作為Y所稱道,directed,,,0.4,primary,舊唐書,70,P,1,0
93663,91931,POLITICAL,PO_ADMIRE,被Y欣賞/器重,directed,,,0.5,primary,資治通鑑,17,P,1,0
93663,92959,KIN,K_CHILD,子,directed,,,1.0,inferred,,180,KIN,1,1
93663,444850,KIN,K_CHILD,女兒,directed,,,1.0,inferred,,176,KIN,1,1
93671,24654,SOCIAL,SO_GIFT_POETRY,收到Y的贈詩、文,directed,,,0.5,primary,textid=40303,438,P,0,1
93671,94271,SOCIAL,SO_GIFT_POETRY,收到Y的贈詩、文,directed,,,0.5,primary,textid=40303,438,P,0,1
93707,93080,SOCIAL,SO_GIFT_POETRY,收到Y的贈詩、文,directed,,,0.5,primary,textid=40303,438,P,1,1
93707,448874,SOCIAL,SO_GIFT_POETRY,收到Y的贈詩、文,directed,,,0.5,primary,textid=40303,438,P,0,1
93785,17029,SOCIAL,SO_GIFT_POETRY,收到Y的贈詩、文,directed,,,0.5,primary,textid=40303,438,P,0,0
93785,30977,SOCIAL,SO_GIFT_POETRY,贈詩、文,directed,,,0.5,primary,textid=40303,437,A,1,1
93785,92533,SOCIAL,SO_GIFT_POETRY,贈詩、文,directed,,,0.5,primary,textid=40303,437,A,1,1
93785,93503,SOCIAL,SO_GIFT_POETRY,贈詩、文,directed,,,0.5,primary,textid=40303,437,A,1,1
93785,94160,SOCIAL,SO_GIFT_POETRY,贈詩、文,directed,,,0.5,primary,textid=40303,437,A,1,0
93785,94227,SOCIAL,SO_GIFT_POETRY,贈詩、文,directed,,,0.5,primary,textid=40303,437,A,1,0
93785,94595,SOCIAL,SO_GIFT_POETRY,贈詩、文,directed,,,0.5,primary,textid=40303,437,A,1,0
93785,445676,SOCIAL,SO_GIFT_POETRY,贈詩、文,directed,,,0.5,primary,textid=40303,437,A,1,1
93785,446820,SOCIAL,SO_GIFT_POETRY,贈詩、文,directed,,,0.5,primary,textid=40303,437,A,1,1
93785,447803,SOCIAL,SO_GIFT_POETRY,贈詩、文,directed,,,0.5,primary,textid=40303,437,A,1,1
93785,449049,SOCIAL,SO_GIFT_POETRY,贈詩、文,directed,,,0.5,primary,textid=40303,437,A,1,1
93785,449084,SOCIAL,SO_GIFT_POETRY,贈詩、文,directed,,,0.5,primary,textid=40303,437,A,1,1
93785,449624,SOCIAL,SO_GIFT_POETRY,贈詩、文,directed,,,0.5,primary,textid=40303,437,A,1,1
93803,187089,SOCIAL,SO_GIFT_POETRY,贈詩、文,directed,,,0.5,primary,textid=40303,437,A,1,1
93803,447567,SOCIAL,SO_GIFT_POETRY,贈詩、文,directed,,,0.5,primary,textid=40303,437,A,1,0
93803,447803,SOCIAL,SO_GIFT_POETRY,贈詩、文,directed,,,0.5,primary,textid=40303,437,A,1,1
93832,3915,SOCIAL,SO_GIFT_POETRY,收到Y的贈詩、文,directed,,,0.5,primary,textid=40303,438,P,1,0
93832,17029,SOCIAL,SO_GIFT_POETRY,收到Y的贈詩、文,directed,,,0.5,primary,textid=40303,438,P,1,0
93832,32540,SOCIAL,SO_GIFT_POETRY,收到Y的贈詩、文,directed,,,0.5,primary,textid=40303,438,P,1,0
93832,91990,SOCIAL,SO_GIFT_POETRY,贈詩、文,directed,,,0.5,primary,textid=40303,437,A,0,1
93832,92050,SOCIAL,SO_GIFT_POETRY,贈詩、文,directed,,,0.5,primary,textid=40303,437,A,1,1
93832,92246,SOCIAL,SO_GIFT_POETRY,贈詩、文,directed,,,0.5,primary,textid=40303,437,A,1,1
93832,92704,SOCIAL,SO_GIFT_POETRY,贈詩、文,directed,,,0.5,primary,textid=40303,437,A,0,1
93832,92751,SOCIAL,SO_GIFT_POETRY,贈詩、文,directed,,,0.5,primary,textid=40303,437,A,1,1
93832,93080,SOCIAL,SO_GIFT_POETRY,收到Y的贈詩、文,directed,,,0.5,primary,textid=40303,438,P,1,0
93832,93893,SOCIAL,SO_GIFT_POETRY,贈詩、文,directed,,,0.5,primary,textid=40303,437,A,1,1
93832,94227,SOCIAL,SO_GIFT_POETRY,贈詩、文,directed,,,0.5,primary,textid=40303,437,A,1,0
93832,94237,SOCIAL,SO_GIFT_POETRY,贈詩、文,directed,,,0.5,primary,textid=40303,437,A,1,1
93832,94371,SOCIAL,SO_GIFT_POETRY,贈詩、文,directed,,,0.5,primary,textid=40303,437,A,1,1
93832,94475,SOCIAL,SO_GIFT_POETRY,贈詩、文,directed,,,0.5,primary,textid=40303,437,A,0,1
93832,94484,SOCIAL,SO_GIFT_POETRY,贈詩、文,directed,,,0.5,primary,textid=40303,437,A,0,1
93832,95071,SOCIAL,SO_GIFT_POETRY,贈詩、文,directed,,,0.5,primary,textid=40303,437,A,1,0
93832,146237,SOCIAL,SO_GIFT_POETRY,贈詩、文,directed,,,0.5,primary,textid=40303,437,A,0,1
93832,173788,SOCIAL,SO_GIFT_POETRY,贈詩、文,directed,,,0.5,primary,textid=40303,437,A,1,1
93832,176408,SOCIAL,SO_GIFT_POETRY,贈詩、文,directed,,,0.5,primary,textid=40303,437,A,1,1
93832,187166,SOCIAL,SO_GIFT_POETRY,贈詩、文,directed,,,0.5,primary,textid=40303,437,A,1,1
93832,187373,SOCIAL,SO_GIFT_POETRY,贈詩、文,directed,,,0.5,primary,textid=40303,437,A,1,1
93832,381933,SOCIAL,SO_GIFT_POETRY,贈詩、文,directed,,,0.5,primary,textid=40303,437,A,1,1
93832,446299,SOCIAL,SO_GIFT_POETRY,贈詩、文,directed,,,0.5,primary,textid=40303,437,A,1,1
93832,447504,SOCIAL,SO_GIFT_POETRY,贈詩、文,directed,,,0.5,primary,textid=40303,437,A,1,1
93832,449535,SOCIAL,SO_GIFT_POETRY,贈詩、文,directed,,,0.5,primary,textid=40303,437,A,1,1
93832,450285,SOCIAL,SO_GIFT_POETRY,贈詩、文,directed,,,0.5,primary,textid=40303,437,A,1,1
93832,450312,SOCIAL,SO_GIFT_POETRY,贈詩、文,directed,,,0.5,primary,textid=40303,437,A,1,1
93832,450457,SOCIAL,SO_GIFT_POETRY,贈詩、文,directed,,,0.5,primary,textid=40303,437,A,1,1
93832,450704,SOCIAL,SO_GIFT_POETRY,贈詩、文,directed,,,0.5,primary,textid=40303,437,A,1,1
93893,36130,SOCIAL,SO_GIFT_POETRY,收到Y的贈詩、文,directed,,,0.5,primary,textid=40303,438,P,1,1
93893,92743,SOCIAL,SO_GIFT_POETRY,收到Y的贈詩、文,directed,,,0.5,primary,textid=40303,438,P,0,1
93893,93080,SOCIAL,SO_GIFT_POETRY,收到Y的贈詩、文,directed,,,0.5,primary,textid=40303,438,P,0,1
93893,93832,SOCIAL,SO_GIFT_POETRY,收到Y的贈詩、文,directed,,,0.5,primary,textid=40303,438,P,0,1
93894,3915,SOCIAL,SO_GIFT_POETRY,收到Y的贈詩、文,directed,,,0.5,primary,textid=40303,438,P,1,1
93894,19254,KIN,K_AFFINAL,岳父,directed,,,0.7,primary,textid=32033,76,KIN,0,1
93899,450129,SOCIAL,SO_GIFT_POETRY,收到Y的贈詩、文,directed,,,0.5,primary,textid=40303,438,P,1,1
93952,3332,SOCIAL,SO_GIFT_POETRY,收到Y的贈詩、文,directed,,,0.5,primary,textid=40303,438,P,0,0
93952,13575,SOCIAL,SO_GIFT_POETRY,收到Y的贈詩、文,directed,,,0.5,primary,textid=40303,438,P,0,0
93952,22469,SOCIAL,SO_GIFT_POETRY,收到Y的贈詩、文,directed,,,0.5,primary,textid=40303,438,P,0,0
93952,32822,SOCIAL,SO_GIFT_POETRY,收到Y的贈詩、文,directed,,,0.5,primary,textid=40303,438,P,1,0
93952,33153,SOCIAL,SO_GIFT_POETRY,贈詩、文,directed,,,0.5,primary,textid=40303,437,A,1,1
93952,33487,SOCIAL,SO_GIFT_POETRY,贈詩、文,directed,,,0.5,primary,textid=40303,437,A,1,1
93952,33859,SOCIAL,SO_GIFT_POETRY,收到Y的贈詩、文,directed,,,0.5,primary,textid=40303,438,P,1,0
93952,92079,SOCIAL,SO_GIFT_POETRY,贈詩、文,directed,,,0.5,primary,textid=40303,437,A,1,1
93952,92153,SOCIAL,SO_GIFT_POETRY,贈詩、文,directed,,,0.5,primary,textid=40303,437,A,1,1
93952,92177,SOCIAL,SO_GIFT_POETRY,贈詩、文,directed,,,0.5,primary,textid=40303,437,A,1,1
93952,92411,SOCIAL,SO_GIFT_POETRY,贈詩、文,directed,,,0.5,primary,textid=40303,437,A,1,1
93952,92603,SOCIAL,SO_GIFT_POETRY,贈詩、文,directed,,,0.5,primary,textid=40303,437,A,0,1
93952,93063,SOCIAL,SO_GIFT_POETRY,贈詩、文,directed,,,0.5,primary,textid=40303,437,A,1,1
93952,93452,SOCIAL,SO_GIFT_POETRY,贈詩、文,directed,,,0.5,primary,textid=40303,437,A,1,1
93952,93963,SOCIAL,SO_GIFT_POETRY,贈詩、文,directed,,,0.5,primary,textid=40303,437,A,1,1
93952,94109,SOCIAL,SO_GIFT_POETRY,贈詩、文,directed,,,0.5,primary,textid=40303,437,A,1,1
93952,94227,SOCIAL,SO_FRIEND,友,undirected,,,0.6,primary,textid=9602,9,M,1,0
93952,94227,SOCIAL,SO_GIFT_POETRY,贈詩、文,directed,,,0.5,primary,textid=40303,437,A,0,0
93952,94273,SOCIAL,SO_GIFT_POETRY,贈詩、文,directed,,,0.5,primary,textid=40303,437,A,1,1
93952,94595,SOCIAL,SO_GIFT_POETRY,贈詩、文,directed,,,0.5,primary,textid=40303,437,A,1,0
93952,94651,SOCIAL,SO_GIFT_POETRY,贈詩、文,directed,,,0.5,primary,textid=40303,437,A,1,1
93952,94860,SOCIAL,SO_GIFT_POETRY,贈詩、文,directed,,,0.5,primary,textid=40303,437,A,0,1
93952,146237,SOCIAL,SO_GIFT_POETRY,贈詩、文,directed,,,0.5,primary,textid=40303,437,A,0,1
93952,173812,SOCIAL,SO_GIFT_POETRY,贈詩、文,directed,,,0.5,primary,textid=40303,437,A,1,1
93952,177603,SOCIAL,SO_GIFT_POETRY,贈詩、文,directed,,,0.5,primary,textid=40303,437,A,1,1
93952,179585,SOCIAL,SO_GIFT_POETRY,贈詩、文,directed,,,0.5,primary,textid=40303,437,A,0,1
93952,382253,SOCIAL,SO_GIFT_POETRY,贈詩、文,directed,,,0.5,primary,textid=40303,437,A,1,1
93952,382368,SOCIAL,SO_GIFT_POETRY,贈詩、文,directed,,,0.5,primary,textid=40303,437,A,1,1
93952,445341,SOCIAL,SO_GIFT_POETRY,贈詩、文,directed,,,0.5,primary,textid=40303,437,A,1,1
93952,445729,SOCIAL,SO_GIFT_POETRY,贈詩、文,directed,,,0.5,primary,textid=40303,437,A,1,1
93952,445983,SOCIAL,SO_GIFT_POETRY,贈詩、文,directed,,,0.5,primary,textid=40303,437,A,1,0
93952,446338,SOCIAL,SO_GIFT_POETRY,贈詩、文,directed,,,0.5,primary,textid=40303,437,A,1,1
93952,446523,SOCIAL,SO_GIFT_POETRY,贈詩、文,directed,,,0.5,primary,textid=40303,437,A,1,1
93952,447541,SOCIAL,SO_GIFT_POETRY,贈詩、文,directed,,,0.5,primary,textid=40303,437,A,1,1
93952,447722,SOCIAL,SO_GIFT_POETRY,贈詩、文,directed,,,0.5,primary,textid=40303,437,A,1,1
93952,448280,SOCIAL,SO_GIFT_POETRY,贈詩、文,directed,,,0.5,primary,textid=40303,437,A,1,1
93952,448969,SOCIAL,SO_GIFT_POETRY,贈詩、文,directed,,,0.5,primary,textid=40303,437,A,1,1
93952,449911,SOCIAL,SO_GIFT_POETRY,贈詩、文,directed,,,0.5,primary,textid=40303,437,A,1,1
93956,3130,SOCIAL,SO_GIFT_POETRY,收到Y的贈詩、文,directed,,,0.5,primary,textid=40303,438,P,1,0
93956,15353,SOCIAL,SO_GIFT_POETRY,贈詩、文,directed,,,0.5,primary,textid=40303,437,A,1,1
93956,17137,SOCIAL,SO_GIFT_POETRY,贈詩、文,directed,,,0.5,primary,textid=40303,437,A,1,1
93956,26935,SOCIAL,SO_GIFT_POETRY,收到Y的贈詩、文,directed,,,0.5,primary,textid=40303,438,P,1,0
93956,31407,SOCIAL,SO_GIFT_POETRY,收到Y的贈詩、文,directed,,,0.5,primary,textid=40303,438,P,1,0
93956,32061,SOCIAL,SO_GIFT_POETRY,贈詩、文,directed,,,0.5,primary,textid=40303,437,A,1,1
93956,32174,SOCIAL,SO_GIFT_POETRY,收到Y的贈詩、文,directed,,,0.5,primary,textid=40303,438,P,0,0
93956,33026,SOCIAL,SO_GIFT_POETRY,贈詩、文,directed,,,0.5,primary,textid=40303,437,A,1,1
93956,33754,SOCIAL,SO_GIFT_POETRY,贈詩、文,directed,,,0.5,primary,textid=40303,437,A,1,1
93956,92035,SOCIAL,SO_GIFT_POETRY,收到Y的贈詩、文,directed,,,0.5,primary,textid=40303,438,P,1,0
93956,92533,SOCIAL,SO_GIFT_POETRY,贈詩、文,directed,,,0.5,primary,textid=40303,437,A,0,1
93956,92665,SOCIAL,SO_GIFT_POETRY,贈詩、文,directed,,,0.5,primary,textid=40303,437,A,0,1
93956,92704,SOCIAL,SO_GIFT_POETRY,贈詩、文,directed,,,0.5,primary,textid=40303,437,A,0,1
93956,93476,SOCIAL,SO_GIFT_POETRY,贈詩、文,directed,,,0.5,primary,textid=40303,437,A,0,1
93956,93503,SOCIAL,SO_GIFT_POETRY,贈詩、文,directed,,,0.5,primary,textid=40303,437,A,1,1
93956,93541,SOCIAL,SO_GIFT_POETRY,贈詩、文,directed,,,0.5,primary,textid=40303,437,A,0,1
93956,93952,SOCIAL,SO_GIFT_POETRY,收到Y的贈詩、文,directed,,,0.5,primary,textid=40303,438,P,1,0
93956,94771,SOCIAL,SO_GIFT_POETRY,贈詩、文,directed,,,0.5,primary,textid=40303,437,A,1,1
93956,94901,SOCIAL,SO_GIFT_POETRY,贈詩、文,directed,,,0.5,primary,textid=40303,437,A,1,1
93956,94937,SOCIAL,SO_GIFT_POETRY,贈詩、文,directed,,,0.5,primary,textid=40303,437,A,1,1
93956,179256,SOCIAL,SO_GIFT_POETRY,贈詩、文,directed,,,0.5,primary,textid=40303,437,A,1,1
93956,183952,SOCIAL,SO_GIFT_POETRY,贈詩、文,directed,,,0.5,primary,textid=40303,437,A,1,1
93956,184603,SOCIAL,SO_GIFT_POETRY,贈詩、文,directed,,,0.5,primary,textid=40303,437,A,1,1
93956,445579,SOCIAL,SO_GIFT_POETRY,贈詩、文,directed,,,0.5,primary,textid=40303,437,A,1,1
93956,445957,SOCIAL,SO_GIFT_POETRY,贈詩、文,directed,,,0.5,primary,textid=40303,437,A,1,1
93956,446488,SOCIAL,SO_GIFT_POETRY,贈詩、文,directed,,,0.5,primary,textid=40303,437,A,0,1
93956,448463,SOCIAL,SO_GIFT_POETRY,贈詩、文,directed,,,0.5,primary,textid=40303,437,A,1,1
93956,449046,SOCIAL,SO_GIFT_POETRY,贈詩、文,directed,,,0.5,primary,textid=40303,437,A,1,1
93956,449943,SOCIAL,SO_GIFT_POETRY,贈詩、文,directed,,,0.5,primary,textid=40303,437,A,0,1
93956,450109,SOCIAL,SO_GIFT_POETRY,贈詩、文,directed,,,0.5,primary,textid=40303,437,A,1,1
93963,3332,SOCIAL,SO_GIFT_POETRY,收到Y的贈詩、文,directed,,,0.5,primary,textid=40303,438,P,0,1
93963,92982,SOCIAL,SO_GIFT_POETRY,收到Y的贈詩、文,directed,,,0.5,primary,textid=40303,438,P,0,1
93963,93952,SOCIAL,SO_GIFT_POETRY,收到Y的贈詩、文,directed,,,0.5,primary,textid=40303,438,P,0,1
93963,94227,SOCIAL,SO_FRIEND,友,undirected,,,0.6,primary,textid=9602,9,M,1,1
93963,94227,SOCIAL,SO_GIFT_POETRY,收到Y的贈詩、文,directed,,,0.5,primary,textid=40303,438,P,0,1
94018,15161,SOCIAL,SO_GIFT_POETRY,收到Y的贈詩、文,directed,,,0.5,primary,textid=40303,438,P,1,1
94018,21194,SOCIAL,SO_GIFT_POETRY,收到Y的贈詩、文,directed,,,0.5,primary,textid=40303,438,P,0,1
94018,32248,SOCIAL,SO_GIFT_POETRY,收到Y的贈詩、文,directed,,,0.5,primary,textid=40303,438,P,1,1
94018,32985,SOCIAL,SO_GIFT_POETRY,收到Y的贈詩、文,directed,,,0.5,primary,textid=40303,438,P,1,1
94018,447567,SOCIAL,SO_GIFT_POETRY,收到Y的贈詩、文,directed,,,0.5,primary,textid=40303,438,P,0,1
94051,32227,SOCIAL,SO_GIFT_POETRY,收到Y的贈詩、文,directed,,,0.5,primary,textid=40303,438,P,0,1
94051,92516,SOCIAL,SO_GIFT_POETRY,收到Y的贈詩、文,directed,,,0.5,primary,textid=40303,438,P,0,1
94051,93080,SOCIAL,SO_GIFT_POETRY,收到Y的贈詩、文,directed,,,0.5,primary,textid=40303,438,P,0,1
94051,94227,SOCIAL,SO_GIFT_POETRY,收到Y的贈詩、文,directed,,,0.5,primary,textid=40303,438,P,0,1
94055,32169,KIN,K_AFFINAL,岳父,directed,,,0.7,primary,textid=32033,76,KIN,0,1
94055,32169,KIN,K_UNCLE_AUNT,母舅,directed,,,0.7,primary,textid=24309,77,KIN,0,1
94055,94595,SOCIAL,SO_GIFT_POETRY,收到Y的贈詩、文,directed,,,0.5,primary,textid=40303,438,P,0,1
94055,95025,SOCIAL,SO_GIFT_POETRY,收到Y的贈詩、文,directed,,,0.5,primary,textid=40303,438,P,0,1
94073,32583,SOCIAL,SO_GIFT_POETRY,收到Y的贈詩、文,directed,,,0.5,primary,textid=40303,438,P,0,1
94073,32822,SOCIAL,SO_GIFT_POETRY,收到Y的贈詩、文,directed,,,0.5,primary,textid=40303,438,P,1,1
94075,450129,SOCIAL,SO_GIFT_POETRY,收到Y的贈詩、文,directed,,,0.5,primary,textid=40303,438,P,1,1
94109,30851,SOCIAL,SO_GIFT_POETRY,收到Y的贈詩、文,directed,,,0.5,primary,textid=40303,438,P,1,1
94109,32174,SOCIAL,SO_GIFT_POETRY,收到Y的贈詩、文,directed,,,0.5,primary,textid=40303,438,P,1,1
94109,33566,SOCIAL,SO_GIFT_POETRY,收到Y的贈詩、文,directed,,,0.5,primary,textid=40303,438,P,1,1
94109,33859,SOCIAL,SO_GIFT_POETRY,收到Y的贈詩、文,directed,,,0.5,primary,textid=40303,438,P,1,1
94109,93952,SOCIAL,SO_GIFT_POETRY,收到Y的贈詩、文,directed,,,0.5,primary,textid=40303,438,P,0,1
94109,94271,SOCIAL,SO_GIFT_POETRY,收到Y的贈詩、文,directed,,,0.5,primary,textid=40303,438,P,0,1
94112,32054,SOCIAL,SO_GIFT_POETRY,收到Y的贈詩、文,directed,,,0.5,primary,textid=40303,438,P,1,1
94112,94116,KIN,K_PARENT,父,directed,,,1.0,primary,textid=24309,75,KIN,0,1
94116,3332,TEACHER_STUDENT,TS_STUDENT,學生為Y,directed,,,0.8,primary,textid=9602,23,P,1,0
94116,3605,LITERARY,LI_EULOGY,祭文由Y所作,directed,,,0.4,inferred,,146,P,1,0
94116,32889,SOCIAL,SO_GIFT_POETRY,收到Y的贈詩、文,directed,,,0.5,primary,textid=40303,438,P,1,0
94116,92079,KIN,K_UNCLE_AUNT,母舅,directed,,,0.7,primary,textid=24309,77,KIN,1,1
94116,94112,KIN,K_CHILD,子,directed,,,1.0,primary,textid=24309,180,KIN,1,1
94160,3332,SOCIAL,SO_GIFT_POETRY,收到Y的贈詩、文,directed,,,0.5,primary,textid=40303,438,P,1,0
94160,13575,SOCIAL,SO_GIFT_POETRY,收到Y的贈詩、文,directed,,,0.5,primary,textid=40303,438,P,1,0
94160,15161,SOCIAL,SO_GIFT_POETRY,收到Y的贈詩、文,directed,,,0.5,primary,textid=40303,438,P,1,0
94160,22559,SOCIAL,SO_GIFT_POETRY,贈詩、文,directed,,,0.5,primary,textid=40303,437,A,1,1
94160,22560,SOCIAL,SO_GIFT_POETRY,贈詩、文,directed,,,0.5,primary,textid=40303,437,A,1,1
94160,26935,KIN,K_OTHER,祖父,directed,,,0.7,primary,textid=24309,62,KIN,0,0
94160,32109,SOCIAL,SO_GIFT_POETRY,贈詩、文,directed,,,0.5,primary,textid=40303,437,A,1,1
94160,32227,SOCIAL,SO_GIFT_POETRY,收到Y的贈詩、文,directed,,,0.5,primary,textid=40303,438,P,1,0
94160,32644,SOCIAL,SO_GIFT_POETRY,贈詩、文,directed,,,0.5,primary,textid=40303,437,A,1,1
94160,32980,SOCIAL,SO_GIFT_POETRY,收到Y的贈詩、文,directed,,,0.5,primary,textid=40303,438,P,1,0
94160,33158,SOCIAL,SO_GIFT_POETRY,贈詩、文,directed,,,0.5,primary,textid=40303,437,A,1,1
94160,33649,SOCIAL,SO_GIFT_POETRY,收到Y的贈詩、文,directed,,,0.5,primary,textid=40303,438,P,1,0
94160,91973,SOCIAL,SO_GIFT_POETRY,贈詩、文,directed,,,0.5,primary,textid=40303,437,A,0,1
94160,92047,SOCIAL,SO_GIFT_POETRY,收到Y的贈詩、文,directed,,,0.5,primary,textid=40303,438,P,1,0
94160,92136,SOCIAL,SO_GIFT_POETRY,贈詩、文,directed,,,0.5,primary,textid=40303,437,A,1,1
94160,92366,KIN,K_AFFINAL,岳父,directed,,,0.7,primary,textid=32033,76,KIN,1,1
94160,92533,SOCIAL,SO_GIFT_POETRY,贈詩、文,directed,,,0.5,primary,textid=40303,437,A,1,1
94160,92603,SOCIAL,SO_GIFT_POETRY,贈詩、文,directed,,,0.5,primary,textid=40303,437,A,0,1
94160,92704,SOCIAL,SO_GIFT_POETRY,贈詩、文,directed,,,0.5,primary,textid=40303,437,A,0,1
94160,92982,SOCIAL,SO_GIFT_POETRY,收到Y的贈詩、文,directed,,,0.5,primary,textid=40303,438,P,1,0
94160,93025,SOCIAL,SO_GIFT_POETRY,贈詩、文,directed,,,0.5,primary,textid=40303,437,A,1,1
94160,93080,SOCIAL,SO_GIFT_POETRY,收到Y的贈詩、文,directed,,,0.5,primary,textid=40303,438,P,0,0
94160,93080,KIN,K_AFFINAL,女婿,directed,,,0.7,primary,textid=24309,181,KIN,0,0
94160,93088,SOCIAL,SO_GIFT_POETRY,贈詩、文,directed,,,0.5,primary,textid=40303,437,A,1,1
94160,93093,SOCIAL,SO_GIFT_POETRY,贈詩、文,directed,,,0.5,primary,textid=40303,437,A,1,1
94160,93139,SOCIAL,SO_GIFT_POETRY,贈詩、文,directed,,,0.5,primary,textid=40303,437,A,1,1
94160,93187,SOCIAL,SO_GIFT_POETRY,贈詩、文,directed,,,0.5,primary,textid=40303,437,A,1,1
94160,94172,SOCIAL,SO_GIFT_POETRY,贈詩、文,directed,,,0.5,primary,textid=40303,437,A,0,1
94160,94227,SOCIAL,SO_FRIEND,友,undirected,,,0.6,primary,textid=9602,9,M,1,0
94160,94227,SOCIAL,SO_GIFT_POETRY,贈詩、文,directed,,,0.5,primary,textid=40303,437,A,0,0
94160,94262,SOCIAL,SO_GIFT_POETRY,贈詩、文,directed,,,0.5,primary,textid=40303,437,A,1,1
94160,94324,SOCIAL,SO_GIFT_POETRY,贈詩、文,directed,,,0.5,primary,textid=40303,437,A,1,1
94160,94341,SOCIAL,SO_GIFT_POETRY,贈詩、文,directed,,,0.5,primary,textid=40303,437,A,1,1
94160,94722,SOCIAL,SO_GIFT_POETRY,贈詩、文,directed,,,0.5,primary,textid=40303,437,A,1,1
94160,94740,SOCIAL,SO_GIFT_POETRY,贈詩、文,directed,,,0.5,primary,textid=40303,437,A,0,1
94160,94864,SOCIAL,SO_GIFT_POETRY,贈詩、文,directed,,,0.5,primary,textid=40303,437,A,1,0
94160,94941,SOCIAL,SO_GIFT_POETRY,贈詩、文,directed,,,0.5,primary,textid=40303,437,A,1,1
94160,169209,SOCIAL,SO_GIFT_POETRY,贈詩、文,directed,,,0.5,primary,textid=40303,437,A,1,1
94160,175289,SOCIAL,SO_GIFT_POETRY,贈詩、文,directed,,,0.5,primary,textid=40303,437,A,1,1
94160,188190,SOCIAL,SO_GIFT_POETRY,贈詩、文,directed,,,0.5,primary,textid=40303,437,A,1,1
94160,194588,SOCIAL,SO_GIFT_POETRY,贈詩、文,directed,,,0.5,primary,textid=40303,437,A,1,1
94160,381789,SOCIAL,SO_GIFT_POETRY,贈詩、文,directed,,,0.5,primary,textid=40303,437,A,1,1
94160,382368,SOCIAL,SO_GIFT_POETRY,贈詩、文,directed,,,0.5,primary,textid=40303,437,A,1,1
94160,445700,SOCIAL,SO_GIFT_POETRY,贈詩、文,directed,,,0.5,primary,textid=40303,437,A,1,1
94160,446137,SOCIAL,SO_GIFT_POETRY,贈詩、文,directed,,,0.5,primary,textid=40303,437,A,1,1
94160,446206,SOCIAL,SO_GIFT_POETRY,贈詩、文,directed,,,0.5,primary,textid=40303,437,A,1,1
94160,446299,SOCIAL,SO_GIFT_POETRY,贈詩、文,directed,,,0.5,primary,textid=40303,437,A,1,1
94160,446523,SOCIAL,SO_GIFT_POETRY,贈詩、文,directed,,,0.5,primary,textid=40303,437,A,1,1
94160,446556,SOCIAL,SO_GIFT_POETRY,贈詩、文,directed,,,0.5,primary,textid=40303,437,A,1,1
94160,446797,SOCIAL,SO_GIFT_POETRY,贈詩、文,directed,,,0.5,primary,textid=40303,437,A,1,1
94160,446812,SOCIAL,SO_GIFT_POETRY,贈詩、文,directed,,,0.5,primary,textid=40303,437,A,1,1
94160,447419,SOCIAL,SO_GIFT_POETRY,贈詩、文,directed,,,0.5,primary,textid=40303,437,A,1,0
94160,447701,SOCIAL,SO_GIFT_POETRY,贈詩、文,directed,,,0.5,primary,textid=40303,437,A,1,1
94160,447721,SOCIAL,SO_GIFT_POETRY,贈詩、文,directed,,,0.5,primary,textid=40303,437,A,1,1
94160,449450,SOCIAL,SO_GIFT_POETRY,贈詩、文,directed,,,0.5,primary,textid=40303,437,A,1,1
94160,449624,SOCIAL,SO_GIFT_POETRY,贈詩、文,directed,,,0.5,primary,textid=40303,437,A,1,1
94160,449911,SOCIAL,SO_GIFT_POETRY,贈詩、文,directed,,,0.5,primary,textid=40303,437,A,1,1
94160,450597,SOCIAL,SO_GIFT_POETRY,贈詩、文,directed,,,0.5,primary,textid=40303,437,A,1,1
94172,34916,SOCIAL,SO_GIFT_POETRY,收到Y的贈詩、文,directed,,,0.5,primary,textid=40303,438,P,0,1
94172,94160,SOCIAL,SO_GIFT_POETRY,收到Y的贈詩、文,directed,,,0.5,primary,textid=40303,438,P,1,1
94172,94864,SOCIAL,SO_GIFT_POETRY,收到Y的贈詩、文,directed,,,0.5,primary,textid=40303,438,P,1,1
94183,3036,SOCIAL,SO_GIFT_POETRY,贈詩、文,directed,,,0.5,primary,textid=40303,437,A,1,1
94183,3915,SOCIAL,SO_GIFT_POETRY,收到Y的贈詩、文,directed,,,0.5,primary,textid=40303,438,P,1,0
94183,17029,SOCIAL,SO_GIFT_POETRY,收到Y的贈詩、文,directed,,,0.5,primary,textid=40303,438,P,1,0
94183,19244,SOCIAL,SO_GIFT_POETRY,收到Y的贈詩、文,directed,,,0.5,primary,textid=40303,438,P,1,0
94183,21751,SOCIAL,SO_GIFT_POETRY,收到Y的贈詩、文,directed,,,0.5,primary,textid=40303,438,P,1,0
94183,26935,SOCIAL,SO_GIFT_POETRY,收到Y的贈詩、文,directed,,,0.5,primary,textid=40303,438,P,1,0
94183,33649,SOCIAL,SO_GIFT_POETRY,收到Y的贈詩、文,directed,,,0.5,primary,textid=40303,438,P,1,0
94183,91990,SOCIAL,SO_GIFT_POETRY,贈詩、文,directed,,,0.5,primary,textid=40303,437,A,1,1
94183,92047,SOCIAL,SO_GIFT_POETRY,收到Y的贈詩、文,directed,,,0.5,primary,textid=40303,438,P,1,0
94183,92161,SOCIAL,SO_GIFT_POETRY,收到Y的贈詩、文,directed,,,0.5,primary,textid=40303,438,P,1,0
94183,92673,SOCIAL,SO_GIFT_POETRY,收到Y的贈詩、文,directed,,,0.5,primary,textid=40303,438,P,1,0
94183,92704,SOCIAL,SO_GIFT_POETRY,贈詩、文,directed,,,0.5,primary,textid=40303,437,A,0,1
94183,92751,SOCIAL,SO_GIFT_POETRY,贈詩、文,directed,,,0.5,primary,textid=40303,437,A,1,1
94183,93080,SOCIAL,SO_GIFT_POETRY,收到Y的贈詩、文,directed,,,0.5,primary,textid=40303,438,P,1,0
94183,93246,SOCIAL,SO_GIFT_POETRY,收到Y的贈詩、文,directed,,,0.5,primary,textid=40303,438,P,1,0
94183,93297,SOCIAL,SO_GIFT_POETRY,贈詩、文,directed,,,0.5,primary,textid=40303,437,A,1,1
94183,93520,SOCIAL,SO_GIFT_POETRY,贈詩、文,directed,,,0.5,primary,textid=40303,437,A,1,1
94183,93627,SOCIAL,SO_GIFT_POETRY,贈詩、文,directed,,,0.5,primary,textid=40303,437,A,1,1
94183,93952,SOCIAL,SO_GIFT_POETRY,收到Y的贈詩、文,directed,,,0.5,primary,textid=40303,438,P,1,0
94183,93956,SOCIAL,SO_GIFT_POETRY,收到Y的贈詩、文,directed,,,0.5,primary,textid=40303,438,P,1,0
94183,94160,SOCIAL,SO_GIFT_POETRY,收到Y的贈詩、文,directed,,,0.5,primary,textid=40303,438,P,1,0
94183,94220,SOCIAL,SO_GIFT_POETRY,贈詩、文,directed,,,0.5,primary,textid=40303,437,A,1,1
94183,94227,SOCIAL,SO_GIFT_POETRY,贈詩、文,directed,,,0.5,primary,textid=40303,437,A,1,0
94183,94240,SOCIAL,SO_GIFT_POETRY,贈詩、文,directed,,,0.5,primary,textid=40303,437,A,1,1
94183,94371,SOCIAL,SO_GIFT_POETRY,贈詩、文,directed,,,0.5,primary,textid=40303,437,A,1,1
94183,94427,SOCIAL,SO_GIFT_POETRY,贈詩、文,directed,,,0.5,primary,textid=40303,437,A,1,1
94183,94475,SOCIAL,SO_GIFT_POETRY,贈詩、文,directed,,,0.5,primary,textid=40303,437,A,0,1
94183,94484,SOCIAL,SO_GIFT_POETRY,贈詩、文,directed,,,0.5,primary,textid=40303,437,A,1,1
94183,94595,SOCIAL,SO_GIFT_POETRY,贈詩、文,directed,,,0.5,primary,textid=40303,437,A,1,0
94183,94717,SOCIAL,SO_GIFT_POETRY,贈詩、文,directed,,,0.5,primary,textid=40303,437,A,1,0
94183,94935,SOCIAL,SO_GIFT_POETRY,贈詩、文,directed,,,0.5,primary,textid=40303,437,A,1,1
94183,94943,SOCIAL,SO_GIFT_POETRY,贈詩、文,directed,,,0.5,primary,textid=40303,437,A,0,1
94183,177679,SOCIAL,SO_GIFT_POETRY,贈詩、文,directed,,,0.5,primary,textid=40303,437,A,1,1
94183,445700,SOCIAL,SO_GIFT_POETRY,贈詩、文,directed,,,0.5,primary,textid=40303,437,A,1,1
94183,446299,SOCIAL,SO_GIFT_POETRY,贈詩、文,directed,,,0.5,primary,textid=40303,437,A,1,1
94183,446488,SOCIAL,SO_GIFT_POETRY,贈詩、文,directed,,,0.5,primary,textid=40303,437,A,1,1
94183,447532,SOCIAL,SO_GIFT_POETRY,贈詩、文,directed,,,0.5,primary,textid=40303,437,A,1,1
94183,448861,SOCIAL,SO_GIFT_POETRY,贈詩、文,directed,,,0.5,primary,textid=40303,437,A,1,1
94183,449087,SOCIAL,SO_GIFT_POETRY,贈詩、文,directed,,,0.5,primary,textid=40303,437,A,1,1
94183,449450,SOCIAL,SO_GIFT_POETRY,贈詩、文,directed,,,0.5,primary,textid=40303,437,A,1,1
94185,32822,SOCIAL,SO_GIFT_POETRY,收到Y的贈詩、文,directed,,,0.5,primary,textid=40303,438,P,1,1
94185,33566,SOCIAL,SO_GIFT_POETRY,收到Y的贈詩、文,directed,,,0.5,primary,textid=40303,438,P,0,1
94185,94271,SOCIAL,SO_GIFT_POETRY,收到Y的贈詩、文,directed,,,0.5,primary,textid=40303,438,P,1,1
94185,94595,SOCIAL,SO_GIFT_POETRY,收到Y的贈詩、文,directed,,,0.5,primary,textid=40303,438,P,1,1
94204,32174,SOCIAL,SO_GIFT_POETRY,收到Y的贈詩、文,directed,,,0.5,primary,textid=40303,438,P,1,1
94204,33566,SOCIAL,SO_GIFT_POETRY,收到Y的贈詩、文,directed,,,0.5,primary,textid=40303,438,P,0,1
94204,33859,SOCIAL,SO_GIFT_POETRY,收到Y的贈詩、文,directed,,,0.5,primary,textid=40303,438,P,0,1
94204,94271,SOCIAL,SO_GIFT_POETRY,收到Y的贈詩、文,directed,,,0.5,primary,textid=40303,438,P,1,1
94204,95025,SOCIAL,SO_GIFT_POETRY,收到Y的贈詩、文,directed,,,0.5,primary,textid=40303,438,P,0,1
94220,92673,SOCIAL,SO_GIFT_POETRY,收到Y的贈詩、文,directed,,,0.5,primary,textid=40303,438,P,1,1
94220,93080,SOCIAL,SO_GIFT_POETRY,收到Y的贈詩、文,directed,,,0.5,primary,textid=40303,438,P,0,1
94220,94183,SOCIAL,SO_GIFT_POETRY,收到Y的贈詩、文,directed,,,0.5,primary,textid=40303,438,P,0,1
94220,94227,SOCIAL,SO_GIFT_POETRY,收到Y的贈詩、文,directed,,,0.5,primary,textid=40303,438,P,0,1
94227,3332,TEACHER_STUDENT,TS_STUDENT,學生為Y,directed,,,0.8,primary,textid=9602,23,P,1,0
94227,22559,SOCIAL,SO_GIFT_POETRY,贈詩、文,directed,,,0.5,primary,textid=40303,437,A,1,1
94227,32980,SOCIAL,SO_GIFT_POETRY,收到Y的贈詩、文,directed,,,0.5,primary,textid=40303,438,P,1,0
94227,33487,SOCIAL,SO_GIFT_POETRY,贈詩、文,directed,,,0.5,primary,textid=40303,437,A,1,1
94227,33589,SOCIAL,SO_GIFT_POETRY,收到Y的贈詩、文,directed,,,0.5,primary,textid=40303,438,P,0,0
94227,91973,SOCIAL,SO_GIFT_POETRY,贈詩、文,directed,,,0.5,primary,textid=40303,437,A,0,1
94227,92047,SOCIAL,SO_GIFT_POETRY,收到Y的贈詩、文,directed,,,0.5,primary,textid=40303,438,P,0,0
94227,92136,SOCIAL,SO_GIFT_POETRY,贈詩、文,directed,,,0.5,primary,textid=40303,437,A,1,1
94227,92147,KIN,K_OTHER,從弟,directed,,,0.7,primary,textid=24309,130,KIN,0,0
94227,92369,SOCIAL,SO_GIFT_POETRY,贈詩、文,directed,,,0.5,primary,textid=40303,437,A,0,1
94227,92533,SOCIAL,SO_GIFT_POETRY,贈詩、文,directed,,,0.5,primary,textid=40303,437,A,0,1
94227,92704,SOCIAL,SO_GIFT_POETRY,贈詩、文,directed,,,0.5,primary,textid=40303,437,A,0,1
94227,93088,SOCIAL,SO_GIFT_POETRY,贈詩、文,directed,,,0.5,primary,textid=40303,437,A,1,1
94227,93139,SOCIAL,SO_GIFT_POETRY,贈詩、文,directed,,,0.5,primary,textid=40303,437,A,1,1
94227,93141,SOCIAL,SO_GIFT_POETRY,贈詩、文,directed,,,0.5,primary,textid=40303,437,A,1,1
94227,93311,SOCIAL,SO_GIFT_POETRY,贈詩、文,directed,,,0.5,primary,textid=40303,437,A,1,1
94227,93541,SOCIAL,SO_GIFT_POETRY,贈詩、文,directed,,,0.5,primary,textid=40303,437,A,0,1
94227,93963,SOCIAL,SO_GIFT_POETRY,贈詩、文,directed,,,0.5,primary,textid=40303,437,A,0,1
94227,94051,SOCIAL,SO_GIFT_POETRY,贈詩、文,directed,,,0.5,primary,textid=40303,437,A,1,1
94227,94116,SOCIAL,SO_GIFT_POETRY,收到Y的贈詩、文,directed,,,0.5,primary,textid=40303,438,P,1,0
94227,94220,SOCIAL,SO_GIFT_POETRY,贈詩、文,directed,,,0.5,primary,textid=40303,437,A,1,1
94227,94273,SOCIAL,SO_GIFT_POETRY,贈詩、文,directed,,,0.5,primary,textid=40303,437,A,1,1
94227,94324,SOCIAL,SO_GIFT_POETRY,贈詩、文,directed,,,0.5,primary,textid=40303,437,A,1,1
94227,94427,SOCIAL,SO_GIFT_POETRY,贈詩、文,directed,,,0.5,primary,textid=40303,437,A,1,1
94227,94475,SOCIAL,SO_GIFT_POETRY,贈詩、文,directed,,,0.5,primary,textid=40303,437,A,0,1
94227,94691,SOCIAL,SO_GIFT_POETRY,贈詩、文,directed,,,0.5,primary,textid=40303,437,A,1,1
94227,94722,SOCIAL,SO_GIFT_POETRY,贈詩、文,directed,,,0.5,primary,textid=40303,437,A,1,1
94227,94740,SOCIAL,SO_GIFT_POETRY,贈詩、文,directed,,,0.5,primary,textid=40303,437,A,0,1
94227,94864,SOCIAL,SO_FRIEND,友,undirected,,,0.6,primary,textid=9602,9,M,1,0
94227,94864,SOCIAL,SO_GIFT_POETRY,贈詩、文,directed,,,0.5,primary,textid=40303,437,A,0,0
94227,173741,SOCIAL,SO_GIFT_POETRY,贈詩、文,directed,,,0.5,primary,textid=40303,437,A,1,1
94227,176408,SOCIAL,SO_GIFT_POETRY,贈詩、文,directed,,,0.5,primary,textid=40303,437,A,0,1
94227,184921,SOCIAL,SO_GIFT_POETRY,贈詩、文,directed,,,0.5,primary,textid=40303,437,A,0,1
94227,186899,SOCIAL,SO_GIFT_POETRY,贈詩、文,directed,,,0.5,primary,textid=40303,437,A,1,1
94227,187089,SOCIAL,SO_GIFT_POETRY,贈詩、文,directed,,,0.5,primary,textid=40303,437,A,0,1
94227,187166,SOCIAL,SO_GIFT_POETRY,贈詩、文,directed,,,0.5,primary,textid=40303,437,A,0,1
94227,188190,SOCIAL,SO_GIFT_POETRY,贈詩、文,directed,,,0.5,primary,textid=40303,437,A,1,1
94227,445068,SOCIAL,SO_GIFT_POETRY,贈詩、文,directed,,,0.5,primary,textid=40303,437,A,1,1
94227,445192,SOCIAL,SO_GIFT_POETRY,贈詩、文,directed,,,0.5,primary,textid=40303,437,A,1,1
94227,445603,SOCIAL,SO_GIFT_POETRY,贈詩、文,directed,,,0.5,primary,textid=40303,437,A,1,1
94227,445771,SOCIAL,SO_GIFT_POETRY,贈詩、文,directed,,,0.5,primary,textid=40303,437,A,1,1
94227,445800,SOCIAL,SO_GIFT_POETRY,贈詩、文,directed,,,0.5,primary,textid=40303,437,A,1,1
94227,446797,SOCIAL,SO_GIFT_POETRY,贈詩、文,directed,,,0.5,primary,textid=40303,437,A,1,1
94227,447201,SOCIAL,SO_GIFT_POETRY,贈詩、文,directed,,,0.5,primary,textid=40303,437,A,0,1
94227,447346,SOCIAL,SO_GIFT_POETRY,贈詩、文,directed,,,0.5,primary,textid=40303,437,A,1,1
94227,447535,SOCIAL,SO_GIFT_POETRY,贈詩、文,directed,,,0.5,primary,textid=40303,437,A,1,1
94227,448009,SOCIAL,SO_GIFT_POETRY,贈詩、文,directed,,,0.5,primary,textid=40303,437,A,1,1
94227,448891,SOCIAL,SO_GIFT_POETRY,贈詩、文,directed,,,0.5,primary,textid=40303,437,A,1,1
94227,448972,SOCIAL,SO_GIFT_POETRY,贈詩、文,directed,,,0.5,primary,textid=40303,437,A,1,1
94227,449624,SOCIAL,SO_GIFT_POETRY,贈詩、文,directed,,,0.5,primary,textid=40303,437,A,1,1
94227,449792,SOCIAL,SO_GIFT_POETRY,贈詩、文,directed,,,0.5,primary,textid=40303,437,A,1,1
94227,449924,SOCIAL,SO_GIFT_POETRY,贈詩、文,directed,,,0.5,primary,textid=40303,437,A,1,1
94227,450027,SOCIAL,SO_GIFT_POETRY,贈詩、文,directed,,,0.5,primary,textid=40303,437,A,1,1
94227,450127,SOCIAL,SO_GIFT_POETRY,贈詩、文,directed,,,0.5,primary,textid=40303,437,A,1,1
94237,33649,SOCIAL,SO_GIFT_POETRY,收到Y的贈詩、文,directed,,,0.5,primary,textid=40303,438,P,0,1
94237,34916,SOCIAL,SO_GIFT_POETRY,收到Y的贈詩、文,directed,,,0.5,primary,textid=40303,438,P,0,1
94237,93832,SOCIAL,SO_GIFT_POETRY,收到Y的贈詩、文,directed,,,0.5,primary,textid=40303,438,P,0,1
94240,32227,POLITICAL,PO_ADMIRE,被Y欣賞/器重,directed,,,0.5,inferred,,17,P,1,1
94240,32227,SOCIAL,SO_VISIT,受到Y拜訪,directed,,,0.4,primary,舊唐書,340,P,0,1
94240,32822,SOCIAL,SO_GIFT_POETRY,收到Y的贈詩、文,directed,,,0.5,primary,textid=40303,438,P,0,1
94240,32847,SOCIAL,SO_GIFT_POETRY,收到Y的贈詩、文,directed,,,0.5,primary,textid=40303,438,P,1,1
94240,94183,SOCIAL,SO_GIFT_POETRY,收到Y的贈詩、文,directed,,,0.5,primary,textid=40303,438,P,0,1
94240,94595,SOCIAL,SO_GIFT_POETRY,收到Y的贈詩、文,directed,,,0.5,primary,textid=40303,438,P,0,1
94262,94160,SOCIAL,SO_GIFT_POETRY,收到Y的贈詩、文,directed,,,0.5,primary,textid=40303,438,P,0,1
94262,94271,KIN,K_OTHER,祖父,directed,,,0.7,primary,textid=24309,62,KIN,0,1
94271,3130,SOCIAL,SO_GIFT_POETRY,收到Y的贈詩、文,directed,,,0.5,primary,textid=40303,438,P,1,0
94271,11524,SOCIAL,SO_GIFT_POETRY,收到Y的贈詩、文,directed,,,0.5,primary,textid=40303,438,P,1,0
94271,20876,SOCIAL,SO_GIFT_POETRY,收到Y的贈詩、文,directed,,,0.5,primary,textid=40303,438,P,1,0
94271,21187,SOCIAL,SO_GIFT_POETRY,贈詩、文,directed,,,0.5,primary,textid=40303,437,A,1,1
94271,24691,SOCIAL,SO_GIFT_POETRY,贈詩、文,directed,,,0.5,primary,textid=40303,437,A,1,1
94271,32174,SOCIAL,SO_GIFT_POETRY,收到Y的贈詩、文,directed,,,0.5,primary,textid=40303,438,P,1,0
94271,32175,SOCIAL,SO_GIFT_POETRY,贈詩、文,directed,,,0.5,primary,textid=40303,437,A,1,1
94271,32562,SOCIAL,SO_GIFT_POETRY,贈詩、文,directed,,,0.5,primary,textid=40303,437,A,1,1
94271,32575,SOCIAL,SO_GIFT_POETRY,贈詩、文,directed,,,0.5,primary,textid=40303,437,A,1,1
94271,32672,SOCIAL,SO_GIFT_POETRY,贈詩、文,directed,,,0.5,primary,textid=40303,437,A,1,1
94271,32683,SOCIAL,SO_GIFT_POETRY,贈詩、文,directed,,,0.5,primary,textid=40303,437,A,1,1
94271,33566,SOCIAL,SO_GIFT_POETRY,收到Y的贈詩、文,directed,,,0.5,primary,textid=40303,438,P,1,0
94271,33705,SOCIAL,SO_GIFT_POETRY,贈詩、文,directed,,,0.5,primary,textid=40303,437,A,1,1
94271,92328,SOCIAL,SO_GIFT_POETRY,贈詩、文,directed,,,0.5,primary,textid=40303,437,A,0,1
94271,92446,SOCIAL,SO_GIFT_POETRY,贈詩、文,directed,,,0.5,primary,textid=40303,437,A,0,1
94271,92814,SOCIAL,SO_GIFT_POETRY,贈詩、文,directed,,,0.5,primary,textid=40303,437,A,1,1
94271,93096,SOCIAL,SO_GIFT_POETRY,贈詩、文,directed,,,0.5,primary,textid=40303,437,A,1,1
94271,93103,SOCIAL,SO_GIFT_POETRY,贈詩、文,directed,,,0.5,primary,textid=40303,437,A,0,1
94271,93297,SOCIAL,SO_GIFT_POETRY,贈詩、文,directed,,,0.5,primary,textid=40303,437,A,1,1
94271,93458,SOCIAL,SO_GIFT_POETRY,贈詩、文,directed,,,0.5,primary,textid=40303,437,A,1,1
94271,93503,SOCIAL,SO_GIFT_POETRY,贈詩、文,directed,,,0.5,primary,textid=40303,437,A,1,1
94271,93671,SOCIAL,SO_GIFT_POETRY,贈詩、文,directed,,,0.5,primary,textid=40303,437,A,1,1
94271,94109,SOCIAL,SO_GIFT_POETRY,贈詩、文,directed,,,0.5,primary,textid=40303,437,A,1,1
94271,94185,SOCIAL,SO_GIFT_POETRY,贈詩、文,directed,,,0.5,primary,textid=40303,437,A,0,1
94271,94204,SOCIAL,SO_GIFT_POETRY,贈詩、文,directed,,,0.5,primary,textid=40303,437,A,0,1
94271,94262,KIN,K_OTHER,孫,directed,,,0.7,primary,textid=24309,243,KIN,1,1
94271,94273,KIN,K_CHILD,子,directed,,,1.0,primary,textid=24309,180,KIN,1,1
94271,94305,SOCIAL,SO_GIFT_POETRY,贈詩、文,directed,,,0.5,primary,textid=40303,437,A,1,1
94271,94714,SOCIAL,SO_GIFT_POETRY,贈詩、文,directed,,,0.5,primary,textid=40303,437,A,1,1
94271,94937,SOCIAL,SO_GIFT_POETRY,贈詩、文,directed,,,0.5,primary,textid=40303,437,A,1,1
94271,146237,SOCIAL,SO_GIFT_POETRY,贈詩、文,directed,,,0.5,primary,textid=40303,437,A,0,1
94271,177103,SOCIAL,SO_GIFT_POETRY,贈詩、文,directed,,,0.5,primary,textid=40303,437,A,1,1
94271,177679,SOCIAL,SO_GIFT_POETRY,贈詩、文,directed,,,0.5,primary,textid=40303,437,A,1,1
94271,184603,SOCIAL,SO_GIFT_POETRY,贈詩、文,directed,,,0.5,primary,textid=40303,437,A,1,1
94271,379405,SOCIAL,SO_GIFT_POETRY,贈詩、文,directed,,,0.5,primary,textid=40303,437,A,1,1
94271,445481,SOCIAL,SO_GIFT_POETRY,贈詩、文,directed,,,0.5,primary,textid=40303,437,A,1,1
94271,445660,SOCIAL,SO_GIFT_POETRY,贈詩、文,directed,,,0.5,primary,textid=40303,437,A,1,1
94271,445957,SOCIAL,SO_GIFT_POETRY,贈詩、文,directed,,,0.5,primary,textid=40303,437,A,1,1
94271,445959,SOCIAL,SO_GIFT_POETRY,贈詩、文,directed,,,0.5,primary,textid=40303,437,A,1,1
94271,446154,SOCIAL,SO_GIFT_POETRY,贈詩、文,directed,,,0.5,primary,textid=40303,437,A,1,1
94271,446976,SOCIAL,SO_GIFT_POETRY,贈詩、文,directed,,,0.5,primary,textid=40303,437,A,1,1
94271,447143,SOCIAL,SO_GIFT_POETRY,贈詩、文,directed,,,0.5,primary,textid=40303,437,A,1,1
94271,447465,SOCIAL,SO_GIFT_POETRY,贈詩、文,directed,,,0.5,primary,textid=40303,437,A,1,1
94271,447853,SOCIAL,SO_GIFT_POETRY,贈詩、文,directed,,,0.5,primary,textid=40303,437,A,1,1
94271,447857,SOCIAL,SO_GIFT_POETRY,贈詩、文,directed,,,0.5,primary,textid=40303,437,A,1,1
94271,447879,SOCIAL,SO_GIFT_POETRY,贈詩、文,directed,,,0.5,primary,textid=40303,437,A,1,1
94271,448069,SOCIAL,SO_GIFT_POETRY,贈詩、文,directed,,,0.5,primary,textid=40303,437,A,1,1
94271,448663,SOCIAL,SO_GIFT_POETRY,贈詩、文,directed,,,0.5,primary,textid=40303,437,A,1,1
94271,448714,SOCIAL,SO_GIFT_POETRY,贈詩、文,directed,,,0.5,primary,textid=40303,437,A,1,1
94271,448799,SOCIAL,SO_GIFT_POETRY,贈詩、文,directed,,,0.5,primary,textid=40303,437,A,1,1
94271,448912,SOCIAL,SO_GIFT_POETRY,贈詩、文,directed,,,0.5,primary,textid=40303,437,A,1,1
94271,449049,SOCIAL,SO_GIFT_POETRY,贈詩、文,directed,,,0.5,primary,textid=40303,437,A,1,1
94271,449581,SOCIAL,SO_GIFT_POETRY,贈詩、文,directed,,,0.5,primary,textid=40303,437,A,1,1
94271,449759,SOCIAL,SO_GIFT_POETRY,贈詩、文,directed,,,0.5,primary,textid=40303,437,A,0,1
94271,450364,SOCIAL,SO_GIFT_POETRY,贈詩、文,directed,,,0.5,primary,textid=40303,437,A,1,1
94271,450449,SOCIAL,SO_GIFT_POETRY,贈詩、文,directed,,,0.5,primary,textid=40303,437,A,1,1
94273,3332,SOCIAL,SO_GIFT_POETRY,收到Y的贈詩、文,directed,,,0.5,primary,textid=40303,438,P,0,1
94273,32227,SOCIAL,SO_GIFT_POETRY,收到Y的贈詩、文,directed,,,0.5,primary,textid=40303,438,P,0,1
94273,32248,SOCIAL,SO_GIFT_POETRY,收到Y的贈詩、文,directed,,,0.5,primary,textid=40303,438,P,0,1
94273,32980,SOCIAL,SO_GIFT_POETRY,收到Y的贈詩、文,directed,,,0.5,primary,textid=40303,438,P,0,1
94273,33606,SOCIAL,SO_GIFT_POETRY,收到Y的贈詩、文,directed,,,0.5,primary,textid=40303,438,P,0,1
94273,92047,SOCIAL,SO_GIFT_POETRY,收到Y的贈詩、文,directed,,,0.5,primary,textid=40303,438,P,0,1
94273,93952,SOCIAL,SO_GIFT_POETRY,收到Y的贈詩、文,directed,,,0.5,primary,textid=40303,438,P,0,1
94273,94227,SOCIAL,SO_GIFT_POETRY,收到Y的贈詩、文,directed,,,0.5,primary,textid=40303,438,P,0,1
94273,94271,KIN,K_PARENT,父,directed,,,1.0,primary,textid=24309,75,KIN,0,1
94305,30851,SOCIAL,SO_GIFT_POETRY,收到Y的贈詩、文,directed,,,0.5,primary,textid=40303,438,P,0,1
94305,32917,SOCIAL,SO_GIFT_POETRY,收到Y的贈詩、文,directed,,,0.5,primary,textid=40303,438,P,0,1
94305,94271,SOCIAL,SO_GIFT_POETRY,收到Y的贈詩、文,directed,,,0.5,primary,textid=40303,438,P,0,1
94324,22469,SOCIAL,SO_GIFT_POETRY,收到Y的贈詩、文,directed,,,0.5,primary,textid=40303,438,P,1,1
94324,32227,SOCIAL,SO_GIFT_POETRY,收到Y的贈詩、文,directed,,,0.5,primary,textid=40303,438,P,1,1
94324,33606,SOCIAL,SO_GIFT_POETRY,收到Y的贈詩、文,directed,,,0.5,primary,textid=40303,438,P,1,1
94324,92147,SOCIAL,SO_GIFT_POETRY,收到Y的贈詩、文,directed,,,0.5,primary,textid=40303,438,P,0,1
94324,92743,SOCIAL,SO_GIFT_POETRY,收到Y的贈詩、文,directed,,,0.5,primary,textid=40303,438,P,1,1
94324,92982,SOCIAL,SO_GIFT_POETRY,收到Y的贈詩、文,directed,,,0.5,primary,textid=40303,438,P,1,1
94324,94160,SOCIAL,SO_GIFT_POETRY,收到Y的贈詩、文,directed,,,0.5,primary,textid=40303,438,P,0,1
94324,94227,SOCIAL,SO_GIFT_POETRY,收到Y的贈詩、文,directed,,,0.5,primary,textid=40303,438,P,0,1
94324,94864,SOCIAL,SO_GIFT_POETRY,收到Y的贈詩、文,directed,,,0.5,primary,textid=40303,438,P,1,1
94341,33606,SOCIAL,SO_GIFT_POETRY,收到Y的贈詩、文,directed,,,0.5,primary,textid=40303,438,P,0,1
94341,92743,SOCIAL,SO_GIFT_POETRY,收到Y的贈詩、文,directed,,,0.5,primary,textid=40303,438,P,0,1
94341,94160,SOCIAL,SO_GIFT_POETRY,收到Y的贈詩、文,directed,,,0.5,primary,textid=40303,438,P,0,1
94356,33649,SOCIAL,SO_GIFT_POETRY,收到Y的贈詩、文,directed,,,0.5,primary,textid=40303,438,P,0,1
94356,95068,SOCIAL,SO_GIFT_POETRY,收到Y的贈詩、文,directed,,,0.5,primary,textid=40303,438,P,0,1
94369,450129,SOCIAL,SO_GIFT_POETRY,收到Y的贈詩、文,directed,,,0.5,primary,textid=40303,438,P,1,1
94371,93832,SOCIAL,SO_GIFT_POETRY,收到Y的贈詩、文,directed,,,0.5,primary,textid=40303,438,P,0,1
94371,94183,SOCIAL,SO_GIFT_POETRY,收到Y的贈詩、文,directed,,,0.5,primary,textid=40303,438,P,0,1
94373,3915,SOCIAL,SO_GIFT_POETRY,收到Y的贈詩、文,directed,,,0.5,primary,textid=40303,438,P,0,1
94373,33606,SOCIAL,SO_GIFT_POETRY,收到Y的贈詩、文,directed,,,0.5,primary,textid=40303,438,P,0,1
94412,17029,SOCIAL,SO_GIFT_POETRY,收到Y的贈詩、文,directed,,,0.5,primary,textid=40303,438,P,1,0
94412,189016,SOCIAL,SO_GIFT_POETRY,贈詩、文,directed,,,0.5,primary,textid=40303,437,A,1,1
94412,448363,SOCIAL,SO_GIFT_POETRY,贈詩、文,directed,,,0.5,primary,textid=40303,437,A,1,1
94427,3332,SOCIAL,SO_GIFT_POETRY,收到Y的贈詩、文,directed,,,0.5,primary,textid=40303,438,P,0,1
94427,94183,SOCIAL,SO_GIFT_POETRY,收到Y的贈詩、文,directed,,,0.5,primary,textid=40303,438,P,0,1
94427,94227,SOCIAL,SO_GIFT_POETRY,收到Y的贈詩、文,directed,,,0.5,primary,textid=40303,438,P,0,1
94475,17029,SOCIAL,SO_GIFT_POETRY,收到Y的贈詩、文,directed,,,0.5,primary,textid=40303,438,P,1,1
94475,19244,SOCIAL,SO_GIFT_POETRY,收到Y的贈詩、文,directed,,,0.5,primary,textid=40303,438,P,1,1
94475,32540,SOCIAL,SO_GIFT_POETRY,收到Y的贈詩、文,directed,,,0.5,primary,textid=40303,438,P,1,1
94475,93080,SOCIAL,SO_GIFT_POETRY,收到Y的贈詩、文,directed,,,0.5,primary,textid=40303,438,P,1,1
94475,93832,SOCIAL,SO_GIFT_POETRY,收到Y的贈詩、文,directed,,,0.5,primary,textid=40303,438,P,1,1
94475,94183,SOCIAL,SO_GIFT_POETRY,收到Y的贈詩、文,directed,,,0.5,primary,textid=40303,438,P,1,1
94475,94227,SOCIAL,SO_GIFT_POETRY,收到Y的贈詩、文,directed,,,0.5,primary,textid=40303,438,P,1,1
94484,17029,SOCIAL,SO_GIFT_POETRY,收到Y的贈詩、文,directed,,,0.5,primary,textid=40303,438,P,1,1
94484,93832,SOCIAL,SO_GIFT_POETRY,收到Y的贈詩、文,directed,,,0.5,primary,textid=40303,438,P,1,1
94484,94183,SOCIAL,SO_GIFT_POETRY,收到Y的贈詩、文,directed,,,0.5,primary,textid=40303,438,P,0,1
94484,195105,SOCIAL,SO_GIFT_POETRY,收到Y的贈詩、文,directed,,,0.5,primary,textid=40303,438,P,1,1
94489,33566,SOCIAL,SO_GIFT_POETRY,收到Y的贈詩、文,directed,,,0.5,primary,textid=40303,438,P,0,1
94489,92035,SOCIAL,SO_GIFT_POETRY,收到Y的贈詩、文,directed,,,0.5,primary,textid=40303,438,P,1,1
94500,3130,SOCIAL,SO_GIFT_POETRY,收到Y的贈詩、文,directed,,,0.5,primary,textid=40303,438,P,0,1
94500,11605,SOCIAL,SO_GIFT_POETRY,收到Y的贈詩、文,directed,,,0.5,primary,textid=40303,438,P,0,1
94500,19244,SOCIAL,SO_GIFT_POETRY,收到Y的贈詩、文,directed,,,0.5,primary,textid=40303,438,P,1,1
94500,31407,SOCIAL,SO_GIFT_POETRY,收到Y的贈詩、文,directed,,,0.5,primary,textid=40303,438,P,1,1
94500,32198,SOCIAL,SO_GIFT_POETRY,收到Y的贈詩、文,directed,,,0.5,primary,textid=40303,438,P,0,1
94500,447292,SOCIAL,SO_GIFT_POETRY,收到Y的贈詩、文,directed,,,0.5,primary,textid=40303,438,P,1,1
94549,19244,SOCIAL,SO_GIFT_POETRY,收到Y的贈詩、文,directed,,,0.5,primary,textid=40303,438,P,1,1
94549,31322,SOCIAL,SO_GIFT_POETRY,收到Y的贈詩、文,directed,,,0.5,primary,textid=40303,438,P,0,1
94549,31407,SOCIAL,SO_GIFT_POETRY,收到Y的贈詩、文,directed,,,0.5,primary,textid=40303,438,P,1,1
94549,31575,SOCIAL,SO_GIFT_POETRY,收到Y的贈詩、文,directed,,,0.5,primary,textid=40303,438,P,1,1
94575,17029,SOCIAL,SO_GIFT_POETRY,收到Y的贈詩、文,directed,,,0.5,primary,textid=40303,438,P,1,0
94575,32873,SOCIAL,SO_GIFT_POETRY,贈詩、文,directed,,,0.5,primary,textid=40303,437,A,1,1
94575,93544,SOCIAL,SO_GIFT_POETRY,贈詩、文,directed,,,0.5,primary,textid=40303,437,A,1,1
94575,94227,SOCIAL,SO_GIFT_POETRY,收到Y的贈詩、文,directed,,,0.5,primary,textid=40303,438,P,1,0
94576,3605,LITERARY,LI_EULOGY,祭文由Y所作,directed,,,0.4,inferred,,146,P,1,1
94576,32227,LITERARY,LI_EULOGY,祭文由Y所作,directed,,,0.4,inferred,,146,P,0,1
94576,32227,LITERARY,LI_LETTER,收到Y的答書,directed,,,0.4,inferred,,432,P,0,1
94595,3130,SOCIAL,SO_GIFT_POETRY,收到Y的贈詩、文,directed,,,0.5,primary,textid=40303,438,P,1,0
94595,19241,SOCIAL,SO_GIFT_POETRY,收到Y的贈詩、文,directed,,,0.5,primary,textid=40303,438,P,1,0
94595,30976,SOCIAL,SO_GIFT_POETRY,贈詩、文,directed,,,0.5,primary,textid=40303,437,A,1,1
94595,32128,SOCIAL,SO_GIFT_POETRY,贈詩、文,directed,,,0.5,primary,textid=40303,437,A,1,1
94595,32174,SOCIAL,SO_GIFT_POETRY,收到Y的贈詩、文,directed,,,0.5,primary,textid=40303,438,P,1,0
94595,33487,SOCIAL,SO_GIFT_POETRY,贈詩、文,directed,,,0.5,primary,textid=40303,437,A,1,1
94595,33859,SOCIAL,SO_GIFT_POETRY,收到Y的贈詩、文,directed,,,0.5,primary,textid=40303,438,P,0,0
94595,92180,SOCIAL,SO_GIFT_POETRY,贈詩、文,directed,,,0.5,primary,textid=40303,437,A,1,1
94595,92541,SOCIAL,SO_GIFT_POETRY,贈詩、文,directed,,,0.5,primary,textid=40303,437,A,1,1
94595,92704,SOCIAL,SO_GIFT_POETRY,贈詩、文,directed,,,0.5,primary,textid=40303,437,A,0,1
94595,92921,SOCIAL,SO_GIFT_POETRY,贈詩、文,directed,,,0.5,primary,textid=40303,437,A,1,1
94595,93096,SOCIAL,SO_GIFT_POETRY,贈詩、文,directed,,,0.5,primary,textid=40303,437,A,1,1
94595,93103,SOCIAL,SO_GIFT_POETRY,贈詩、文,directed,,,0.5,primary,textid=40303,437,A,0,1
94595,93367,SOCIAL,SO_GIFT_POETRY,贈詩、文,directed,,,0.5,primary,textid=40303,437,A,1,1
94595,93409,SOCIAL,SO_GIFT_POETRY,收到Y的贈詩、文,directed,,,0.5,primary,textid=40303,438,P,1,0
94595,93832,SOCIAL,SO_GIFT_POETRY,收到Y的贈詩、文,directed,,,0.5,primary,textid=40303,438,P,1,0
94595,94055,SOCIAL,SO_GIFT_POETRY,贈詩、文,directed,,,0.5,primary,textid=40303,437,A,1,1
94595,94185,SOCIAL,SO_GIFT_POETRY,贈詩、文,directed,,,0.5,primary,textid=40303,437,A,0,1
94595,94240,SOCIAL,SO_GIFT_POETRY,贈詩、文,directed,,,0.5,primary,textid=40303,437,A,1,1
94595,94651,SOCIAL,SO_GIFT_POETRY,贈詩、文,directed,,,0.5,primary,textid=40303,437,A,1,1
94595,95025,SOCIAL,SO_GIFT_POETRY,贈詩、文,directed,,,0.5,primary,textid=40303,437,A,1,0
94595,95066,SOCIAL,SO_GIFT_POETRY,贈詩、文,directed,,,0.5,primary,textid=40303,437,A,1,1
94595,177603,SOCIAL,SO_GIFT_POETRY,贈詩、文,directed,,,0.5,primary,textid=40303,437,A,1,1
94595,179585,SOCIAL,SO_GIFT_POETRY,贈詩、文,directed,,,0.5,primary,textid=40303,437,A,1,1
94595,189633,SOCIAL,SO_GIFT_POETRY,贈詩、文,directed,,,0.5,primary,textid=40303,437,A,0,1
94595,190786,SOCIAL,SO_GIFT_POETRY,贈詩、文,directed,,,0.5,primary,textid=40303,437,A,1,1
94595,380576,SOCIAL,SO_GIFT_POETRY,贈詩、文,directed,,,0.5,primary,textid=40303,437,A,1,1
94595,381119,SOCIAL,SO_GIFT_POETRY,贈詩、文,directed,,,0.5,primary,textid=40303,437,A,1,1
94595,445220,SOCIAL,SO_GIFT_POETRY,贈詩、文,directed,,,0.5,primary,textid=40303,437,A,1,1
94595,445755,SOCIAL,SO_GIFT_POETRY,贈詩、文,directed,,,0.5,primary,textid=40303,437,A,1,1
94595,446511,SOCIAL,SO_GIFT_POETRY,贈詩、文,directed,,,0.5,primary,textid=40303,437,A,1,1
94595,446976,SOCIAL,SO_GIFT_POETRY,贈詩、文,directed,,,0.5,primary,textid=40303,437,A,1,1
94595,447879,SOCIAL,SO_GIFT_POETRY,贈詩、文,directed,,,0.5,primary,textid=40303,437,A,1,1
94595,447906,SOCIAL,SO_GIFT_POETRY,贈詩、文,directed,,,0.5,primary,textid=40303,437,A,1,1
94595,448363,SOCIAL,SO_GIFT_POETRY,贈詩、文,directed,,,0.5,primary,textid=40303,437,A,1,1
94595,449894,SOCIAL,SO_GIFT_POETRY,贈詩、文,directed,,,0.5,primary,textid=40303,437,A,1,1
94595,450288,SOCIAL,SO_GIFT_POETRY,贈詩、文,directed,,,0.5,primary,textid=40303,437,A,0,1
94595,450449,SOCIAL,SO_GIFT_POETRY,贈詩、文,directed,,,0.5,primary,textid=40303,437,A,1,1
94614,32822,SOCIAL,SO_GIFT_POETRY,收到Y的贈詩、文,directed,,,0.5,primary,textid=40303,438,P,0,1
94614,33566,SOCIAL,SO_GIFT_POETRY,收到Y的贈詩、文,directed,,,0.5,primary,textid=40303,438,P,0,1
94617,32248,SOCIAL,SO_GIFT_POETRY,收到Y的贈詩、文,directed,,,0.5,primary,textid=40303,438,P,1,1
94617,92982,SOCIAL,SO_GIFT_POETRY,收到Y的贈詩、文,directed,,,0.5,primary,textid=40303,438,P,0,1
94617,94864,SOCIAL,SO_GIFT_POETRY,收到Y的贈詩、文,directed,,,0.5,primary,textid=40303,438,P,0,1
94651,32917,TEACHER_STUDENT,TS_STUDENT,學生為Y,directed,,,0.8,primary,textid=40334,23,P,1,1
94651,32917,SOCIAL,SO_GIFT_POETRY,收到Y的贈詩、文,directed,,,0.5,primary,textid=40303,438,P,0,1
94651,33566,SOCIAL,SO_GIFT_POETRY,收到Y的贈詩、文,directed,,,0.5,primary,textid=40303,438,P,0,1
94651,93952,SOCIAL,SO_GIFT_POETRY,收到Y的贈詩、文,directed,,,0.5,primary,textid=40303,438,P,0,1
94651,94595,SOCIAL,SO_GIFT_POETRY,收到Y的贈詩、文,directed,,,0.5,primary,textid=40303,438,P,0,1
94691,92047,SOCIAL,SO_GIFT_POETRY,收到Y的贈詩、文,directed,,,0.5,primary,textid=40303,438,P,0,1
94691,92982,SOCIAL,SO_GIFT_POETRY,收到Y的贈詩、文,directed,,,0.5,primary,textid=40303,438,P,0,1
94691,94227,SOCIAL,SO_GIFT_POETRY,收到Y的贈詩、文,directed,,,0.5,primary,textid=40303,438,P,0,1
94714,11605,SOCIAL,SO_GIFT_POETRY,收到Y的贈詩、文,directed,,,0.5,primary,textid=40303,438,P,1,1
94714,24412,SOCIAL,SO_GIFT_POETRY,收到Y的贈詩、文,directed,,,0.5,primary,textid=40303,438,P,0,1
94714,32917,SOCIAL,SO_GIFT_POETRY,收到Y的贈詩、文,directed,,,0.5,primary,textid=40303,438,P,1,1
94714,33062,SOCIAL,SO_GIFT_POETRY,收到Y的贈詩、文,directed,,,0.5,primary,textid=40303,438,P,1,1
94714,94271,SOCIAL,SO_GIFT_POETRY,收到Y的贈詩、文,directed,,,0.5,primary,textid=40303,438,P,0,1
94717,3036,SOCIAL,SO_GIFT_POETRY,贈詩、文,directed,,,0.5,primary,textid=40303,437,A,1,1
94717,33026,SOCIAL,SO_GIFT_POETRY,贈詩、文,directed,,,0.5,primary,textid=40303,437,A,1,1
94717,93246,SOCIAL,SO_GIFT_POETRY,收到Y的贈詩、文,directed,,,0.5,primary,textid=40303,438,P,0,0
94717,93297,SOCIAL,SO_GIFT_POETRY,贈詩、文,directed,,,0.5,primary,textid=40303,437,A,1,1
94717,171077,SOCIAL,SO_GIFT_POETRY,贈詩、文,directed,,,0.5,primary,textid=40303,437,A,1,1
94717,173788,SOCIAL,SO_GIFT_POETRY,贈詩、文,directed,,,0.5,primary,textid=40303,437,A,1,1
94717,449087,SOCIAL,SO_GIFT_POETRY,贈詩、文,directed,,,0.5,primary,textid=40303,437,A,1,1
94717,449088,SOCIAL,SO_GIFT_POETRY,贈詩、文,directed,,,0.5,primary,textid=40303,437,A,1,1
94722,3332,SOCIAL,SO_GIFT_POETRY,收到Y的贈詩、文,directed,,,0.5,primary,textid=40303,438,P,0,1
94722,3332,KIN,K_OTHER,祖父,directed,,,0.7,primary,textid=24309,62,KIN,0,1
94722,92147,SOCIAL,SO_GIFT_POETRY,收到Y的贈詩、文,directed,,,0.5,primary,textid=40303,438,P,0,1
94722,94160,SOCIAL,SO_GIFT_POETRY,收到Y的贈詩、文,directed,,,0.5,primary,textid=40303,438,P,0,1
94722,94227,SOCIAL,SO_GIFT_POETRY,收到Y的贈詩、文,directed,,,0.5,primary,textid=40303,438,P,0,1
94724,188616,SOCIAL,SO_GIFT_POETRY,收到Y的贈詩、文,directed,,,0.5,primary,textid=40303,438,P,1,1
94740,17029,SOCIAL,SO_GIFT_POETRY,收到Y的贈詩、文,directed,,,0.5,primary,textid=40303,438,P,0,1
94740,24412,SOCIAL,SO_GIFT_POETRY,收到Y的贈詩、文,directed,,,0.5,primary,textid=40303,438,P,1,1
94740,92147,SOCIAL,SO_GIFT_POETRY,收到Y的贈詩、文,directed,,,0.5,primary,textid=40303,438,P,0,1
94740,93080,SOCIAL,SO_GIFT_POETRY,收到Y的贈詩、文,directed,,,0.5,primary,textid=40303,438,P,1,1
94740,94160,SOCIAL,SO_GIFT_POETRY,收到Y的贈詩、文,directed,,,0.5,primary,textid=40303,438,P,1,1
94740,94227,SOCIAL,SO_GIFT_POETRY,收到Y的贈詩、文,directed,,,0.5,primary,textid=40303,438,P,1,1
94740,447419,SOCIAL,SO_GIFT_POETRY,收到Y的贈詩、文,directed,,,0.5,primary,textid=40303,438,P,0,1
94771,3915,SOCIAL,SO_GIFT_POETRY,收到Y的贈詩、文,directed,,,0.5,primary,textid=40303,438,P,0,1
94771,30851,SOCIAL,SO_GIFT_POETRY,收到Y的贈詩、文,directed,,,0.5,primary,textid=40303,438,P,1,1
94771,32174,SOCIAL,SO_GIFT_POETRY,收到Y的贈詩、文,directed,,,0.5,primary,textid=40303,438,P,0,1
94771,32583,SOCIAL,SO_GIFT_POETRY,收到Y的贈詩、文,directed,,,0.5,primary,textid=40303,438,P,1,1
94771,33062,SOCIAL,SO_GIFT_POETRY,收到Y的贈詩、文,directed,,,0.5,primary,textid=40303,438,P,1,1
94771,93956,SOCIAL,SO_GIFT_POETRY,收到Y的贈詩、文,directed,,,0.5,primary,textid=40303,438,P,0,1
94860,3332,SOCIAL,SO_GIFT_POETRY,收到Y的贈詩、文,directed,,,0.5,primary,textid=40303,438,P,1,1
94860,21194,SOCIAL,SO_GIFT_POETRY,收到Y的贈詩、文,directed,,,0.5,primary,textid=40303,438,P,0,1
94860,92673,SOCIAL,SO_GIFT_POETRY,收到Y的贈詩、文,directed,,,0.5,primary,textid=40303,438,P,0,1
94860,92743,SOCIAL,SO_GIFT_POETRY,收到Y的贈詩、文,directed,,,0.5,primary,textid=40303,438,P,0,1
94860,93952,SOCIAL,SO_GIFT_POETRY,收到Y的贈詩、文,directed,,,0.5,primary,textid=40303,438,P,1,1
94864,3915,SOCIAL,SO_GIFT_POETRY,收到Y的贈詩、文,directed,,,0.5,primary,textid=40303,438,P,1,0
94864,32227,SOCIAL,SO_GIFT_POETRY,收到Y的贈詩、文,directed,,,0.5,primary,textid=40303,438,P,1,0
94864,91939,SOCIAL,SO_GIFT_POETRY,贈詩、文,directed,,,0.5,primary,textid=40303,437,A,1,1
94864,92047,SOCIAL,SO_GIFT_POETRY,收到Y的贈詩、文,directed,,,0.5,primary,textid=40303,438,P,1,0
94864,92136,SOCIAL,SO_GIFT_POETRY,贈詩、文,directed,,,0.5,primary,textid=40303,437,A,1,1
94864,92147,SOCIAL,SO_GIFT_POETRY,收到Y的贈詩、文,directed,,,0.5,primary,textid=40303,438,P,1,0
94864,93088,SOCIAL,SO_GIFT_POETRY,贈詩、文,directed,,,0.5,primary,textid=40303,437,A,1,1
94864,93220,SOCIAL,SO_GIFT_POETRY,贈詩、文,directed,,,0.5,primary,textid=40303,437,A,1,1
94864,94172,SOCIAL,SO_GIFT_POETRY,贈詩、文,directed,,,0.5,primary,textid=40303,437,A,0,1
94864,94324,SOCIAL,SO_GIFT_POETRY,贈詩、文,directed,,,0.5,primary,textid=40303,437,A,0,1
94864,94617,SOCIAL,SO_GIFT_POETRY,贈詩、文,directed,,,0.5,primary,textid=40303,437,A,1,1
94864,439055,SOCIAL,SO_FRIEND,友,undirected,,,0.6,primary,textid=9602,9,M,1,1
94864,445800,SOCIAL,SO_GIFT_POETRY,贈詩、文,directed,,,0.5,primary,textid=40303,437,A,1,1
94864,446797,SOCIAL,SO_GIFT_POETRY,贈詩、文,directed,,,0.5,primary,textid=40303,437,A,1,1
94864,447213,SOCIAL,SO_GIFT_POETRY,贈詩、文,directed,,,0.5,primary,textid=40303,437,A,1,1
94870,3130,SOCIAL,SO_GIFT_POETRY,收到Y的贈詩、文,directed,,,0.5,primary,textid=40303,438,P,1,1
94870,19244,SOCIAL,SO_GIFT_POETRY,收到Y的贈詩、文,directed,,,0.5,primary,textid=40303,438,P,1,1
94870,31222,SOCIAL,SO_GIFT_POETRY,收到Y的贈詩、文,directed,,,0.5,primary,textid=40303,438,P,1,1
94870,33566,SOCIAL,SO_GIFT_POETRY,收到Y的贈詩、文,directed,,,0.5,primary,textid=40303,438,P,1,1
94871,17130,SOCIAL,SO_GIFT_POETRY,收到Y的贈詩、文,directed,,,0.5,primary,textid=40303,438,P,1,1
94871,30864,SOCIAL,SO_GIFT_POETRY,收到Y的贈詩、文,directed,,,0.5,primary,textid=40303,438,P,1,1
94871,32227,SOCIAL,SO_GIFT_POETRY,收到Y的贈詩、文,directed,,,0.5,primary,textid=40303,438,P,0,1
94871,32248,SOCIAL,SO_GIFT_POETRY,收到Y的贈詩、文,directed,,,0.5,primary,textid=40303,438,P,0,1
94871,32980,SOCIAL,SO_GIFT_POETRY,收到Y的贈詩、文,directed,,,0.5,primary,textid=40303,438,P,0,1
94871,33606,SOCIAL,SO_GIFT_POETRY,收到Y的贈詩、文,directed,,,0.5,primary,textid=40303,438,P,1,1
94871,92516,SOCIAL,SO_GIFT_POETRY,收到Y的贈詩、文,directed,,,0.5,primary,textid=40303,438,P,1,1
94888,24654,SOCIAL,SO_GIFT_POETRY,收到Y的贈詩、文,directed,,,0.5,primary,textid=40303,438,P,0,1
94888,32248,SOCIAL,SO_GIFT_POETRY,收到Y的贈詩、文,directed,,,0.5,primary,textid=40303,438,P,0,1
94888,33606,POLITICAL,PO_IMPEACH,被Y彈劾,directed,,,0.4,primary,舊唐書,12,P,1,1
94888,33606,SOCIAL,SO_GIFT_POETRY,收到Y的贈詩、文,directed,,,0.5,primary,textid=40303,438,P,0,1
94888,92516,SOCIAL,SO_GIFT_POETRY,收到Y的贈詩、文,directed,,,0.5,primary,textid=40303,438,P,0,1
94888,95025,SOCIAL,SO_GIFT_POETRY,收到Y的贈詩、文,directed,,,0.5,primary,textid=40303,438,P,1,1
94901,3130,SOCIAL,SO_GIFT_POETRY,收到Y的贈詩、文,directed,,,0.5,primary,textid=40303,438,P,0,1
94901,30851,SOCIAL,SO_GIFT_POETRY,收到Y的贈詩、文,directed,,,0.5,primary,textid=40303,438,P,0,1
94901,32174,SOCIAL,SO_GIFT_POETRY,收到Y的贈詩、文,directed,,,0.5,primary,textid=40303,438,P,0,1
94901,32822,SOCIAL,SO_GIFT_POETRY,收到Y的贈詩、文,directed,,,0.5,primary,textid=40303,438,P,0,1
94901,92035,SOCIAL,SO_GIFT_POETRY,收到Y的贈詩、文,directed,,,0.5,primary,textid=40303,438,P,0,1
94901,93956,SOCIAL,SO_GIFT_POETRY,收到Y的贈詩、文,directed,,,0.5,primary,textid=40303,438,P,0,1
94935,3702,SOCIAL,SO_GIFT_POETRY,收到Y的贈詩、文,directed,,,0.5,primary,textid=40303,438,P,0,1
94935,21194,SOCIAL,SO_GIFT_POETRY,收到Y的贈詩、文,directed,,,0.5,primary,textid=40303,438,P,0,1
94935,33753,SOCIAL,SO_GIFT_POETRY,收到Y的贈詩、文,directed,,,0.5,primary,textid=40303,438,P,0,1
94935,94183,SOCIAL,SO_GIFT_POETRY,收到Y的贈詩、文,directed,,,0.5,primary,textid=40303,438,P,0,1
94937,3915,SOCIAL,SO_GIFT_POETRY,收到Y的贈詩、文,directed,,,0.5,primary,textid=40303,438,P,0,1
94937,32174,SOCIAL,SO_GIFT_POETRY,收到Y的贈詩、文,directed,,,0.5,primary,textid=40303,438,P,0,1
94937,33859,SOCIAL,SO_GIFT_POETRY,收到Y的贈詩、文,directed,,,0.5,primary,textid=40303,438,P,1,1
94937,93956,SOCIAL,SO_GIFT_POETRY,收到Y的贈詩、文,directed,,,0.5,primary,textid=40303,438,P,0,1
94937,94271,SOCIAL,SO_GIFT_POETRY,收到Y的贈詩、文,directed,,,0.5,primary,textid=40303,438,P,0,1
94941,3332,SOCIAL,SO_GIFT_POETRY,收到Y的贈詩、文,directed,,,0.5,primary,textid=40303,438,P,0,1
94941,3605,SOCIAL,SO_GIFT_POETRY,收到Y的贈詩、文,directed,,,0.5,primary,textid=40303,438,P,0,1
94941,13575,SOCIAL,SO_GIFT_POETRY,收到Y的贈詩、文,directed,,,0.5,primary,textid=40303,438,P,0,1
94941,24654,SOCIAL,SO_GIFT_POETRY,收到Y的贈詩、文,directed,,,0.5,primary,textid=40303,438,P,0,1
94941,31407,SOCIAL,SO_GIFT_POETRY,收到Y的贈詩、文,directed,,,0.5,primary,textid=40303,438,P,1,1
94941,32227,SOCIAL,SO_GIFT_POETRY,收到Y的贈詩、文,directed,,,0.5,primary,textid=40303,438,P,0,1
94941,32248,SOCIAL,SO_GIFT_POETRY,收到Y的贈詩、文,directed,,,0.5,primary,textid=40303,438,P,1,1
94941,32980,SOCIAL,SO_GIFT_POETRY,收到Y的贈詩、文,directed,,,0.5,primary,textid=40303,438,P,1,1
94941,33606,SOCIAL,SO_GIFT_POETRY,收到Y的贈詩、文,directed,,,0.5,primary,textid=40303,438,P,0,1
94941,92047,SOCIAL,SO_GIFT_POETRY,收到Y的贈詩、文,directed,,,0.5,primary,textid=40303,438,P,0,1
94941,92982,SOCIAL,SO_GIFT_POETRY,收到Y的贈詩、文,directed,,,0.5,primary,textid=40303,438,P,0,1
94941,94160,SOCIAL,SO_GIFT_POETRY,收到Y的贈詩、文,directed,,,0.5,primary,textid=40303,438,P,0,1
94941,95068,SOCIAL,SO_CHANGHE,相唱和,undirected,,,0.6,primary,textid=9601,114,M,1,1
94941,195105,SOCIAL,SO_GIFT_POETRY,收到Y的贈詩、文,directed,,,0.5,primary,textid=40303,438,P,0,1
94941,447567,SOCIAL,SO_GIFT_POETRY,收到Y的贈詩、文,directed,,,0.5,primary,textid=40303,438,P,0,1
94943,3915,SOCIAL,SO_GIFT_POETRY,收到Y的贈詩、文,directed,,,0.5,primary,textid=40303,438,P,1,1
94943,32822,SOCIAL,SO_GIFT_POETRY,收到Y的贈詩、文,directed,,,0.5,primary,textid=40303,438,P,0,1
94943,94183,SOCIAL,SO_GIFT_POETRY,收到Y的贈詩、文,directed,,,0.5,primary,textid=40303,438,P,1,1
95025,22572,SOCIAL,SO_GIFT_POETRY,贈詩、文,directed,,,0.5,primary,textid=40303,437,A,0,1
95025,30976,SOCIAL,SO_GIFT_POETRY,贈詩、文,directed,,,0.5,primary,textid=40303,437,A,0,1
95025,31275,LITERARY,LI_EPITAPH,墓誌銘由Y所作,directed,,,0.4,inferred,,43,P,1,0
95025,31999,SOCIAL,SO_GIFT_POETRY,贈詩、文,directed,,,0.5,primary,textid=40303,437,A,1,1
95025,32128,SOCIAL,SO_GIFT_POETRY,贈詩、文,directed,,,0.5,primary,textid=40303,437,A,1,1
95025,32430,KIN,K_OTHER,祖父,directed,,,0.7,primary,textid=24309,62,KIN,1,1
95025,32889,LITERARY,LI_EPITAPH,墓誌銘由Y所作,directed,,,0.4,inferred,,43,P,1,0
95025,33487,SOCIAL,SO_GIFT_POETRY,贈詩、文,directed,,,0.5,primary,textid=40303,437,A,0,1
95025,33859,SOCIAL,SO_GIFT_POETRY,收到Y的贈詩、文,directed,,,0.5,primary,textid=40303,438,P,0,0
95025,92153,KIN,K_OTHER,孫,directed,,,0.7,primary,textid=24309,243,KIN,1,1
95025,92180,SOCIAL,SO_GIFT_POETRY,贈詩、文,directed,,,0.5,primary,textid=40303,437,A,1,1
95025,92328,SOCIAL,SO_GIFT_POETRY,贈詩、文,directed,,,0.5,primary,textid=40303,437,A,0,1
95025,92463,SOCIAL,SO_GIFT_POETRY,贈詩、文,directed,,,0.5,primary,textid=40303,437,A,0,1
95025,94055,SOCIAL,SO_GIFT_POETRY,贈詩、文,directed,,,0.5,primary,textid=40303,437,A,1,1
95025,94204,SOCIAL,SO_GIFT_POETRY,贈詩、文,directed,,,0.5,primary,textid=40303,437,A,1,1
95025,94595,SOCIAL,SO_GIFT_POETRY,收到Y的贈詩、文,directed,,,0.5,primary,textid=40303,438,P,0,0
95025,94888,SOCIAL,SO_GIFT_POETRY,贈詩、文,directed,,,0.5,primary,textid=40303,437,A,0,1
95025,173812,SOCIAL,SO_GIFT_POETRY,贈詩、文,directed,,,0.5,primary,textid=40303,437,A,0,1
95025,446976,SOCIAL,SO_GIFT_POETRY,贈詩、文,directed,,,0.5,primary,textid=40303,437,A,0,1
95025,447047,SOCIAL,SO_GIFT_POETRY,贈詩、文,directed,,,0.5,primary,textid=40303,437,A,0,1
95025,447541,SOCIAL,SO_GIFT_POETRY,贈詩、文,directed,,,0.5,primary,textid=40303,437,A,1,1
95025,448985,SOCIAL,SO_GIFT_POETRY,贈詩、文,directed,,,0.5,primary,textid=40303,437,A,1,1
95025,449084,SOCIAL,SO_GIFT_POETRY,贈詩、文,directed,,,0.5,primary,textid=40303,437,A,0,1
95025,449112,SOCIAL,SO_GIFT_POETRY,贈詩、文,directed,,,0.5,primary,textid=40303,437,A,0,1
95042,11524,KIN,K_OTHER,祖父,directed,,,0.7,primary,textid=24309,62,KIN,0,1
95042,13624,SOCIAL,SO_GIFT_POETRY,收到Y的贈詩、文,directed,,,0.5,primary,textid=40303,438,P,0,1
95047,31110,COLLEAGUE,CL_RECOMMEND,被Y推薦,directed,,,0.7,inferred,,14,P,1,1
95047,31367,COLLEAGUE,CL_RECOMMEND,被Y推薦,directed,,,0.7,inferred,,14,P,1,1
95066,19254,SOCIAL,SO_GIFT_POETRY,收到Y的贈詩、文,directed,,,0.5,primary,textid=40303,438,P,1,1
95066,24412,SOCIAL,SO_GIFT_POETRY,收到Y的贈詩、文,directed,,,0.5,primary,textid=40303,438,P,1,1
95066,94595,SOCIAL,SO_GIFT_POETRY,收到Y的贈詩、文,directed,,,0.5,primary,textid=40303,438,P,0,1
95068,15161,SOCIAL,SO_GIFT_POETRY,收到Y的贈詩、文,directed,,,0.5,primary,textid=40303,438,P,1,0
95068,21751,SOCIAL,SO_GIFT_POETRY,收到Y的贈詩、文,directed,,,0.5,primary,textid=40303,438,P,1,0
95068,24654,SOCIAL,SO_GIFT_POETRY,收到Y的贈詩、文,directed,,,0.5,primary,textid=40303,438,P,1,0
95068,30868,SOCIAL,SO_GIFT_POETRY,贈詩、文,directed,,,0.5,primary,textid=40303,437,A,1,1
95068,32248,SOCIAL,SO_GIFT_POETRY,收到Y的贈詩、文,directed,,,0.5,primary,textid=40303,438,P,0,0
95068,91939,SOCIAL,SO_GIFT_POETRY,贈詩、文,directed,,,0.5,primary,textid=40303,437,A,1,1
95068,92109,SOCIAL,SO_GIFT_POETRY,贈詩、文,directed,,,0.5,primary,textid=40303,437,A,1,1
95068,93063,SOCIAL,SO_GIFT_POETRY,贈詩、文,directed,,,0.5,primary,textid=40303,437,A,1,1
95068,94356,SOCIAL,SO_GIFT_POETRY,贈詩、文,directed,,,0.5,primary,textid=40303,437,A,1,1
95068,156023,SOCIAL,SO_GIFT_POETRY,贈詩、文,directed,,,0.5,primary,textid=40303,437,A,1,1
95071,3915,SOCIAL,SO_GIFT_POETRY,收到Y的贈詩、文,directed,,,0.5,primary,textid=40303,438,P,1,0
95071,21194,SOCIAL,SO_GIFT_POETRY,收到Y的贈詩、文,directed,,,0.5,primary,textid=40303,438,P,1,0
95071,32227,SOCIAL,SO_GIFT_POETRY,收到Y的贈詩、文,directed,,,0.5,primary,textid=40303,438,P,1,0
95071,32248,SOCIAL,SO_GIFT_POETRY,收到Y的贈詩、文,directed,,,0.5,primary,textid=40303,438,P,1,0
95071,33606,SOCIAL,SO_GIFT_POETRY,收到Y的贈詩、文,directed,,,0.5,primary,textid=40303,438,P,1,0
95071,91973,SOCIAL,SO_GIFT_POETRY,贈詩、文,directed,,,0.5,primary,textid=40303,437,A,1,1
95071,92147,SOCIAL,SO_GIFT_POETRY,收到Y的贈詩、文,directed,,,0.5,primary,textid=40303,438,P,1,0
95071,92673,SOCIAL,SO_GIFT_POETRY,收到Y的贈詩、文,directed,,,0.5,primary,textid=40303,438,P,1,0
95071,92751,SOCIAL,SO_GIFT_POETRY,贈詩、文,directed,,,0.5,primary,textid=40303,437,A,1,1
95071,93080,SOCIAL,SO_GIFT_POETRY,收到Y的贈詩、文,directed,,,0.5,primary,textid=40303,438,P,1,0
95071,93541,SOCIAL,SO_GIFT_POETRY,贈詩、文,directed,,,0.5,primary,textid=40303,437,A,0,1
95071,94227,SOCIAL,SO_GIFT_POETRY,收到Y的贈詩、文,directed,,,0.5,primary,textid=40303,438,P,1,0
95071,176408,SOCIAL,SO_GIFT_POETRY,贈詩、文,directed,,,0.5,primary,textid=40303,437,A,1,1
95071,381233,SOCIAL,SO_GIFT_POETRY,贈詩、文,directed,,,0.5,primary,textid=40303,437,A,1,1
95071,381789,SOCIAL,SO_GIFT_POETRY,贈詩、文,directed,,,0.5,primary,textid=40303,437,A,1,1
95071,445585,SOCIAL,SO_GIFT_POETRY,贈詩、文,directed,,,0.5,primary,textid=40303,437,A,1,1
95071,448009,SOCIAL,SO_GIFT_POETRY,贈詩、文,directed,,,0.5,primary,textid=40303,437,A,1,1
95071,449121,SOCIAL,SO_GIFT_POETRY,贈詩、文,directed,,,0.5,primary,textid=40303,437,A,1,1
95071,449434,SOCIAL,SO_GIFT_POETRY,贈詩、文,directed,,,0.5,primary,textid=40303,437,A,1,1
95071,449610,SOCIAL,SO_GIFT_POETRY,贈詩、文,directed,,,0.5,primary,textid=40303,437,A,1,1
95071,450035,SOCIAL,SO_GIFT_POETRY,贈詩、文,directed,,,0.5,primary,textid=40303,437,A,0,1
95210,32248,SOCIAL,SO_GIFT_POETRY,收到Y的贈詩、文,directed,,,0.5,primary,textid=40303,438,P,0,0
95210,32248,KIN,K_OTHER,表兄弟,directed,,,0.7,primary,textid=9601,411,KIN,0,0
118199,13575,SOCIAL,SO_GIFT_POETRY,收到Y的贈詩、文,directed,,,0.5,primary,textid=40303,438,P,0,1
118199,92982,COLLEAGUE,CL_MULIAO,幕僚為Y,directed,807,,0.8,primary,舊唐書,67,P,0,1
118199,92982,SOCIAL,SO_GIFT_POETRY,收到Y的贈詩、文,directed,,,0.5,primary,textid=40303,438,P,0,1
136174,32822,SOCIAL,SO_GIFT_POETRY,收到Y的贈詩、文,directed,,,0.5,primary,textid=40303,438,P,0,1
136174,93347,COLLEAGUE,CL_RECOMMEND,被Y推薦,directed,788,,0.7,primary,舊唐書,14,P,1,1
136174,93348,COLLEAGUE,CL_RECOMMEND,被Y推薦,directed,788,,0.7,primary,舊唐書,14,P,1,1
139162,139166,KIN,K_SPOUSE,妻子,undirected,,,1.0,inferred,,135,KIN,1,1
139166,18636,LITERARY,LI_EPITAPH,為Y作墓誌銘,directed,645,,0.4,inferred,,44,A,0,1
139166,30586,KIN,K_CHILD,子,directed,,,1.0,inferred,,180,KIN,1,1
139166,30947,KIN,K_PARENT,父,directed,,,1.0,primary,textid=32038,75,KIN,1,1
139166,147517,KIN,K_OTHER,曾祖,directed,,,0.7,primary,textid=32038,48,KIN,1,1
139166,147518,KIN,K_OTHER,祖父,directed,,,0.7,primary,textid=32038,62,KIN,1,1
139803,13059,KIN,K_OTHER,祖父,directed,,,0.7,primary,textid=32038,62,KIN,0,1
139803,13060,KIN,K_PARENT,父,directed,,,1.0,primary,textid=32038,75,KIN,0,1
139803,31068,KIN,K_UNCLE_AUNT,母舅,directed,,,0.7,primary,textid=32038,77,KIN,0,1
140204,13059,KIN,K_OTHER,高祖;四世祖,directed,,,0.7,primary,textid=32038,39,KIN,0,1
140204,13060,KIN,K_OTHER,曾祖,directed,,,0.7,primary,textid=32038,48,KIN,0,1
140204,19241,KIN,K_OTHER,祖父,directed,,,0.7,primary,textid=32038,62,KIN,0,1
145215,32227,SOCIAL,SO_GIFT_POETRY,收到Y的贈詩、文,directed,,,0.5,primary,textid=40303,438,P,1,1
145215,32980,SOCIAL,SO_GIFT_POETRY,收到Y的贈詩、文,directed,,,0.5,primary,textid=40303,438,P,1,1
145215,92147,SOCIAL,SO_GIFT_POETRY,收到Y的贈詩、文,directed,,,0.5,primary,textid=40303,438,P,0,1
145566,32169,KIN,K_PARENT,父,directed,,,1.0,primary,textid=32033,75,KIN,0,1
145814,3915,SOCIAL,SO_GIFT_POETRY,收到Y的贈詩、文,directed,,,0.5,primary,textid=40303,438,P,0,1
145814,13624,LITERARY,LI_STELE,神道碑由Y所作,directed,809,,0.4,primary,權載之文集,405,P,0,1
146097,92446,SOCIAL,SO_GIFT_POETRY,贈詩、文,directed,,,0.5,primary,textid=40303,437,A,0,1
146097,93096,SOCIAL,SO_GIFT_POETRY,贈詩、文,directed,,,0.5,primary,textid=40303,437,A,0,1
146237,13624,SOCIAL,SO_GIFT_POETRY,收到Y的贈詩、文,directed,,,0.5,primary,textid=40303,438,P,0,1
146237,17029,SOCIAL,SO_GIFT_POETRY,收到Y的贈詩、文,directed,,,0.5,primary,textid=40303,438,P,0,1
146237,31367,SOCIAL,SO_GIFT_POETRY,收到Y的贈詩、文,directed,,,0.5,primary,textid=40303,438,P,1,1
146237,33485,SOCIAL,SO_GIFT_POETRY,收到Y的贈詩、文,directed,,,0.5,primary,textid=40303,438,P,1,1
146237,33606,SOCIAL,SO_GIFT_POETRY,收到Y的贈詩、文,directed,,,0.5,primary,textid=40303,438,P,1,1
146237,33859,SOCIAL,SO_GIFT_POETRY,收到Y的贈詩、文,directed,,,0.5,primary,textid=40303,438,P,1,1
146237,92147,SOCIAL,SO_GIFT_POETRY,收到Y的贈詩、文,directed,,,0.5,primary,textid=40303,438,P,1,1
146237,93832,SOCIAL,SO_GIFT_POETRY,收到Y的贈詩、文,directed,,,0.5,primary,textid=40303,438,P,1,1
146237,93952,SOCIAL,SO_GIFT_POETRY,收到Y的贈詩、文,directed,,,0.5,primary,textid=40303,438,P,1,1
146237,94271,SOCIAL,SO_GIFT_POETRY,收到Y的贈詩、文,directed,,,0.5,primary,textid=40303,438,P,1,1
147517,139166,KIN,K_OTHER,曾孫; 重孫,directed,,,0.7,primary,textid=32038,255,KIN,0,1
147518,139166,KIN,K_OTHER,孫,directed,,,0.7,primary,textid=32038,243,KIN,0,1
156023,3332,SOCIAL,SO_GIFT_POETRY,收到Y的贈詩、文,directed,,,0.5,primary,textid=40303,438,P,0,1
156023,24654,SOCIAL,SO_GIFT_POETRY,收到Y的贈詩、文,directed,,,0.5,primary,textid=40303,438,P,0,1
156023,32227,SOCIAL,SO_GIFT_POETRY,收到Y的贈詩、文,directed,,,0.5,primary,textid=40303,438,P,0,1
156023,32248,SOCIAL,SO_GIFT_POETRY,收到Y的贈詩、文,directed,,,0.5,primary,textid=40303,438,P,0,1
156023,33606,SOCIAL,SO_GIFT_POETRY,收到Y的贈詩、文,directed,,,0.5,primary,textid=40303,438,P,0,1
156023,92047,SOCIAL,SO_GIFT_POETRY,收到Y的贈詩、文,directed,,,0.5,primary,textid=40303,438,P,0,1
156023,92982,SOCIAL,SO_GIFT_POETRY,收到Y的贈詩、文,directed,,,0.5,primary,textid=40303,438,P,0,1
156023,95068,SOCIAL,SO_GIFT_POETRY,收到Y的贈詩、文,directed,,,0.5,primary,textid=40303,438,P,0,1
169209,21194,SOCIAL,SO_GIFT_POETRY,收到Y的贈詩、文,directed,,,0.5,primary,textid=40303,438,P,0,1
169209,92673,SOCIAL,SO_GIFT_POETRY,收到Y的贈詩、文,directed,,,0.5,primary,textid=40303,438,P,0,1
169209,94160,SOCIAL,SO_GIFT_POETRY,收到Y的贈詩、文,directed,,,0.5,primary,textid=40303,438,P,0,1
171077,34916,SOCIAL,SO_GIFT_POETRY,收到Y的贈詩、文,directed,,,0.5,primary,textid=40303,438,P,0,1
171077,93246,SOCIAL,SO_GIFT_POETRY,收到Y的贈詩、文,directed,,,0.5,primary,textid=40303,438,P,0,1
171077,94717,SOCIAL,SO_GIFT_POETRY,收到Y的贈詩、文,directed,,,0.5,primary,textid=40303,438,P,0,1
171253,13624,SOCIAL,SO_GIFT_POETRY,收到Y的贈詩、文,directed,,,0.5,primary,textid=40303,438,P,0,1
171253,32227,SOCIAL,SO_GIFT_POETRY,收到Y的贈詩、文,directed,,,0.5,primary,textid=40303,438,P,0,1
171253,32248,SOCIAL,SO_GIFT_POETRY,收到Y的贈詩、文,directed,,,0.5,primary,textid=40303,438,P,0,1
171253,33606,SOCIAL,SO_GIFT_POETRY,收到Y的贈詩、文,directed,,,0.5,primary,textid=40303,438,P,0,1
172582,31221,KIN,K_PARENT,父,directed,,,1.0,primary,textid=32033,75,KIN,0,1
173145,32169,SOCIAL,SO_GIFT_POETRY,收到Y的贈詩、文,directed,,,0.5,primary,textid=40303,438,P,1,1
173383,31322,SOCIAL,SO_GIFT_POETRY,收到Y的贈詩、文,directed,,,0.5,primary,textid=40303,438,P,0,1
173383,31407,SOCIAL,SO_GIFT_POETRY,收到Y的贈詩、文,directed,,,0.5,primary,textid=40303,438,P,0,1
173383,447292,SOCIAL,SO_GIFT_POETRY,收到Y的贈詩、文,directed,,,0.5,primary,textid=40303,438,P,1,1
173516,31143,SOCIAL,SO_GIFT_POETRY,收到Y的贈詩、文,directed,,,0.5,primary,textid=40303,438,P,0,1
173516,33651,SOCIAL,SO_GIFT_POETRY,收到Y的贈詩、文,directed,,,0.5,primary,textid=40303,438,P,0,1
173741,3332,SOCIAL,SO_GIFT_POETRY,收到Y的贈詩、文,directed,,,0.5,primary,textid=40303,438,P,0,1
173741,21194,SOCIAL,SO_GIFT_POETRY,收到Y的贈詩、文,directed,,,0.5,primary,textid=40303,438,P,0,1
173741,94227,SOCIAL,SO_GIFT_POETRY,收到Y的贈詩、文,directed,,,0.5,primary,textid=40303,438,P,0,1
173788,3915,SOCIAL,SO_GIFT_POETRY,收到Y的贈詩、文,directed,,,0.5,primary,textid=40303,438,P,0,1
173788,32540,TEACHER_STUDENT,TS_CONGYOU,從遊者為Y,directed,,,0.7,primary,textid=40303,50,P,0,1
173788,93246,SOCIAL,SO_GIFT_POETRY,收到Y的贈詩、文,directed,,,0.5,primary,textid=40303,438,P,0,1
173788,93832,SOCIAL,SO_GIFT_POETRY,收到Y的贈詩、文,directed,,,0.5,primary,textid=40303,438,P,0,1
173788,94717,SOCIAL,SO_GIFT_POETRY,收到Y的贈詩、文,directed,,,0.5,primary,textid=40303,438,P,0,1
173788,448874,SOCIAL,SO_GIFT_POETRY,收到Y的贈詩、文,directed,,,0.5,primary,textid=40303,438,P,0,1
173812,3332,SOCIAL,SO_GIFT_POETRY,收到Y的贈詩、文,directed,,,0.5,primary,textid=40303,438,P,0,1
173812,93952,SOCIAL,SO_GIFT_POETRY,收到Y的贈詩、文,directed,,,0.5,primary,textid=40303,438,P,0,1
173812,95025,SOCIAL,SO_GIFT_POETRY,收到Y的贈詩、文,directed,,,0.5,primary,textid=40303,438,P,1,1
174518,3130,SOCIAL,SO_GIFT_POETRY,收到Y的贈詩、文,directed,,,0.5,primary,textid=40303,438,P,0,1
174518,11605,SOCIAL,SO_GIFT_POETRY,收到Y的贈詩、文,directed,,,0.5,primary,textid=40303,438,P,1,1
174518,19244,SOCIAL,SO_GIFT_POETRY,收到Y的贈詩、文,directed,,,0.5,primary,textid=40303,438,P,1,1
174518,30851,SOCIAL,SO_GIFT_POETRY,收到Y的贈詩、文,directed,,,0.5,primary,textid=40303,438,P,1,1
174518,31560,SOCIAL,SO_GIFT_POETRY,收到Y的贈詩、文,directed,,,0.5,primary,textid=40303,438,P,1,1
174518,31575,SOCIAL,SO_GIFT_POETRY,收到Y的贈詩、文,directed,,,0.5,primary,textid=40303,438,P,1,1
174518,447292,SOCIAL,SO_GIFT_POETRY,收到Y的贈詩、文,directed,,,0.5,primary,textid=40303,438,P,1,1
175289,21194,SOCIAL,SO_GIFT_POETRY,收到Y的贈詩、文,directed,,,0.5,primary,textid=40303,438,P,0,1
175289,32227,SOCIAL,SO_GIFT_POETRY,收到Y的贈詩、文,directed,,,0.5,primary,textid=40303,438,P,0,1
175289,33589,SOCIAL,SO_GIFT_POETRY,收到Y的贈詩、文,directed,,,0.5,primary,textid=40303,438,P,0,1
175289,33606,SOCIAL,SO_GIFT_POETRY,收到Y的贈詩、文,directed,,,0.5,primary,textid=40303,438,P,0,1
175289,92982,SOCIAL,SO_GIFT_POETRY,收到Y的贈詩、文,directed,,,0.5,primary,textid=40303,438,P,0,1
175289,94160,SOCIAL,SO_GIFT_POETRY,收到Y的贈詩、文,directed,,,0.5,primary,textid=40303,438,P,0,1
175493,24412,SOCIAL,SO_GIFT_POETRY,收到Y的贈詩、文,directed,,,0.5,primary,textid=40303,438,P,0,1
175493,33606,SOCIAL,SO_GIFT_POETRY,收到Y的贈詩、文,directed,,,0.5,primary,textid=40303,438,P,0,1
175810,21194,SOCIAL,SO_GIFT_POETRY,收到Y的贈詩、文,directed,,,0.5,primary,textid=40303,438,P,0,1
175810,33649,SOCIAL,SO_GIFT_POETRY,收到Y的贈詩、文,directed,,,0.5,primary,textid=40303,438,P,0,1
175810,93080,SOCIAL,SO_GIFT_POETRY,收到Y的贈詩、文,directed,,,0.5,primary,textid=40303,438,P,0,1
176026,11605,SOCIAL,SO_GIFT_POETRY,收到Y的贈詩、文,directed,,,0.5,primary,textid=40303,438,P,0,1
176026,31407,SOCIAL,SO_GIFT_POETRY,收到Y的贈詩、文,directed,,,0.5,primary,textid=40303,438,P,0,1
176026,32198,SOCIAL,SO_GIFT_POETRY,收到Y的贈詩、文,directed,,,0.5,primary,textid=40303,438,P,0,1
176037,19254,SOCIAL,SO_GIFT_POETRY,收到Y的贈詩、文,directed,,,0.5,primary,textid=40303,438,P,1,1
176037,21194,SOCIAL,SO_GIFT_POETRY,收到Y的贈詩、文,directed,,,0.5,primary,textid=40303,438,P,0,1
176037,24412,SOCIAL,SO_GIFT_POETRY,收到Y的贈詩、文,directed,,,0.5,primary,textid=40303,438,P,0,1
176037,32227,SOCIAL,SO_GIFT_POETRY,收到Y的贈詩、文,directed,,,0.5,primary,textid=40303,438,P,1,1
176037,92743,SOCIAL,SO_GIFT_POETRY,收到Y的贈詩、文,directed,,,0.5,primary,textid=40303,438,P,0,1
176408,34916,SOCIAL,SO_GIFT_POETRY,收到Y的贈詩、文,directed,,,0.5,primary,textid=40303,438,P,0,1
176408,92035,SOCIAL,SO_GIFT_POETRY,收到Y的贈詩、文,directed,,,0.5,primary,textid=40303,438,P,1,1
176408,93080,SOCIAL,SO_GIFT_POETRY,收到Y的贈詩、文,directed,,,0.5,primary,textid=40303,438,P,1,1
176408,93832,SOCIAL,SO_GIFT_POETRY,收到Y的贈詩、文,directed,,,0.5,primary,textid=40303,438,P,0,1
176408,94227,SOCIAL,SO_GIFT_POETRY,收到Y的贈詩、文,directed,,,0.5,primary,textid=40303,438,P,1,1
176408,95071,SOCIAL,SO_GIFT_POETRY,收到Y的贈詩、文,directed,,,0.5,primary,textid=40303,438,P,0,1
176815,19254,SOCIAL,SO_GIFT_POETRY,收到Y的贈詩、文,directed,,,0.5,primary,textid=40303,438,P,1,1
176815,21194,SOCIAL,SO_GIFT_POETRY,收到Y的贈詩、文,directed,,,0.5,primary,textid=40303,438,P,0,1
176815,32227,SOCIAL,SO_GIFT_POETRY,收到Y的贈詩、文,directed,,,0.5,primary,textid=40303,438,P,0,1
177103,3915,SOCIAL,SO_GIFT_POETRY,收到Y的贈詩、文,directed,,,0.5,primary,textid=40303,438,P,0,1
177103,32174,SOCIAL,SO_GIFT_POETRY,收到Y的贈詩、文,directed,,,0.5,primary,textid=40303,438,P,0,1
177103,32583,SOCIAL,SO_GIFT_POETRY,收到Y的贈詩、文,directed,,,0.5,primary,textid=40303,438,P,0,1
177103,94271,SOCIAL,SO_GIFT_POETRY,收到Y的贈詩、文,directed,,,0.5,primary,textid=40303,438,P,0,1
177429,17029,SOCIAL,SO_GIFT_POETRY,收到Y的贈詩、文,directed,,,0.5,primary,textid=40303,438,P,1,1
177429,21194,SOCIAL,SO_GIFT_POETRY,收到Y的贈詩、文,directed,,,0.5,primary,textid=40303,438,P,1,1
177429,195105,SOCIAL,SO_GIFT_POETRY,收到Y的贈詩、文,directed,,,0.5,primary,textid=40303,438,P,0,1
177429,448874,SOCIAL,SO_GIFT_POETRY,收到Y的贈詩、文,directed,,,0.5,primary,textid=40303,438,P,0,1
177601,33606,SOCIAL,SO_GIFT_POETRY,收到Y的贈詩、文,directed,,,0.5,primary,textid=40303,438,P,0,1
177601,92743,SOCIAL,SO_GIFT_POETRY,收到Y的贈詩、文,directed,,,0.5,primary,textid=40303,438,P,0,1
177603,3332,SOCIAL,SO_GIFT_POETRY,收到Y的贈詩、文,directed,,,0.5,primary,textid=40303,438,P,0,1
177603,13624,SOCIAL,SO_GIFT_POETRY,收到Y的贈詩、文,directed,,,0.5,primary,textid=40303,438,P,0,1
177603,33606,SOCIAL,SO_GIFT_POETRY,收到Y的贈詩、文,directed,,,0.5,primary,textid=40303,438,P,0,1
177603,93952,SOCIAL,SO_GIFT_POETRY,收到Y的贈詩、文,directed,,,0.5,primary,textid=40303,438,P,0,1
177603,94595,SOCIAL,SO_GIFT_POETRY,收到Y的贈詩、文,directed,,,0.5,primary,textid=40303,438,P,0,1
177679,17029,SOCIAL,SO_GIFT_POETRY,收到Y的贈詩、文,directed,,,0.5,primary,textid=40303,438,P,0,1
177679,32822,SOCIAL,SO_GIFT_POETRY,收到Y的贈詩、文,directed,,,0.5,primary,textid=40303,438,P,1,1
177679,94183,SOCIAL,SO_GIFT_POETRY,收到Y的贈詩、文,directed,,,0.5,primary,textid=40303,438,P,0,1
177679,94271,SOCIAL,SO_GIFT_POETRY,收到Y的贈詩、文,directed,,,0.5,primary,textid=40303,438,P,0,1
178361,3605,SOCIAL,SO_GIFT_POETRY,收到Y的贈詩、文,directed,,,0.5,primary,textid=40303,438,P,0,1
178361,32227,SOCIAL,SO_GIFT_POETRY,收到Y的贈詩、文,directed,,,0.5,primary,textid=40303,438,P,0,1
178361,33606,SOCIAL,SO_GIFT_POETRY,收到Y的贈詩、文,directed,,,0.5,primary,textid=40303,438,P,0,1
178775,24412,SOCIAL,SO_GIFT_POETRY,收到Y的贈詩、文,directed,,,0.5,primary,textid=40303,438,P,0,1
178775,33649,SOCIAL,SO_GIFT_POETRY,收到Y的贈詩、文,directed,,,0.5,primary,textid=40303,438,P,0,1
178775,92743,SOCIAL,SO_GIFT_POETRY,收到Y的贈詩、文,directed,,,0.5,primary,textid=40303,438,P,0,1
179256,19244,SOCIAL,SO_GIFT_POETRY,收到Y的贈詩、文,directed,,,0.5,primary,textid=40303,438,P,1,1
179256,93956,SOCIAL,SO_GIFT_POETRY,收到Y的贈詩、文,directed,,,0.5,primary,textid=40303,438,P,0,1
179585,3332,SOCIAL,SO_GIFT_POETRY,收到Y的贈詩、文,directed,,,0.5,primary,textid=40303,438,P,0,1
179585,13624,SOCIAL,SO_GIFT_POETRY,收到Y的贈詩、文,directed,,,0.5,primary,textid=40303,438,P,0,1
179585,33566,SOCIAL,SO_GIFT_POETRY,收到Y的贈詩、文,directed,,,0.5,primary,textid=40303,438,P,0,1
179585,93952,SOCIAL,SO_GIFT_POETRY,收到Y的贈詩、文,directed,,,0.5,primary,textid=40303,438,P,1,1
179585,94595,SOCIAL,SO_GIFT_POETRY,收到Y的贈詩、文,directed,,,0.5,primary,textid=40303,438,P,0,1
179808,3915,SOCIAL,SO_GIFT_POETRY,收到Y的贈詩、文,directed,,,0.5,primary,textid=40303,438,P,0,1
179808,11605,SOCIAL,SO_GIFT_POETRY,收到Y的贈詩、文,directed,,,0.5,primary,textid=40303,438,P,0,1
179808,31407,SOCIAL,SO_GIFT_POETRY,收到Y的贈詩、文,directed,,,0.5,primary,textid=40303,438,P,0,1
179808,447292,SOCIAL,SO_GIFT_POETRY,收到Y的贈詩、文,directed,,,0.5,primary,textid=40303,438,P,1,1
181936,32169,SOCIAL,SO_GIFT_POETRY,收到Y的贈詩、文,directed,,,0.5,primary,textid=40303,438,P,1,1
183943,24412,SOCIAL,SO_GIFT_POETRY,收到Y的贈詩、文,directed,,,0.5,primary,textid=40303,438,P,0,1
183943,448874,SOCIAL,SO_GIFT_POETRY,收到Y的贈詩、文,directed,,,0.5,primary,textid=40303,438,P,0,1
183952,32593,SOCIAL,SO_GIFT_POETRY,收到Y的贈詩、文,directed,,,0.5,primary,textid=40303,438,P,0,1
183952,91931,SOCIAL,SO_GIFT_POETRY,收到Y的贈詩、文,directed,,,0.5,primary,textid=40303,438,P,1,1
183952,93956,SOCIAL,SO_GIFT_POETRY,收到Y的贈詩、文,directed,,,0.5,primary,textid=40303,438,P,0,1
184472,22469,SOCIAL,SO_GIFT_POETRY,收到Y的贈詩、文,directed,,,0.5,primary,textid=40303,438,P,1,1
184472,32227,SOCIAL,SO_GIFT_POETRY,收到Y的贈詩、文,directed,,,0.5,primary,textid=40303,438,P,0,1
184603,3915,SOCIAL,SO_GIFT_POETRY,收到Y的贈詩、文,directed,,,0.5,primary,textid=40303,438,P,0,1
184603,32917,SOCIAL,SO_GIFT_POETRY,收到Y的贈詩、文,directed,,,0.5,primary,textid=40303,438,P,1,1
184603,93956,SOCIAL,SO_GIFT_POETRY,收到Y的贈詩、文,directed,,,0.5,primary,textid=40303,438,P,0,1
184603,94271,SOCIAL,SO_GIFT_POETRY,收到Y的贈詩、文,directed,,,0.5,primary,textid=40303,438,P,0,1
184796,3915,SOCIAL,SO_GIFT_POETRY,收到Y的贈詩、文,directed,,,0.5,primary,textid=40303,438,P,0,1
184796,32540,SOCIAL,SO_GIFT_POETRY,收到Y的贈詩、文,directed,,,0.5,primary,textid=40303,438,P,0,1
184796,33566,SOCIAL,SO_GIFT_POETRY,收到Y的贈詩、文,directed,,,0.5,primary,textid=40303,438,P,0,1
184921,3332,SOCIAL,SO_GIFT_POETRY,收到Y的贈詩、文,directed,,,0.5,primary,textid=40303,438,P,1,1
184921,19254,SOCIAL,SO_GIFT_POETRY,收到Y的贈詩、文,directed,,,0.5,primary,textid=40303,438,P,1,1
184921,94227,SOCIAL,SO_GIFT_POETRY,收到Y的贈詩、文,directed,,,0.5,primary,textid=40303,438,P,1,1
186899,21194,SOCIAL,SO_GIFT_POETRY,收到Y的贈詩、文,directed,,,0.5,primary,textid=40303,438,P,0,1
186899,94227,SOCIAL,SO_GIFT_POETRY,收到Y的贈詩、文,directed,,,0.5,primary,textid=40303,438,P,0,1
187046,21194,SOCIAL,SO_GIFT_POETRY,收到Y的贈詩、文,directed,,,0.5,primary,textid=40303,438,P,0,1
187046,32227,SOCIAL,SO_GIFT_POETRY,收到Y的贈詩、文,directed,,,0.5,primary,textid=40303,438,P,0,1
187046,33606,SOCIAL,SO_GIFT_POETRY,收到Y的贈詩、文,directed,,,0.5,primary,textid=40303,438,P,0,1
187089,17029,SOCIAL,SO_GIFT_POETRY,收到Y的贈詩、文,directed,,,0.5,primary,textid=40303,438,P,0,1
187089,21194,SOCIAL,SO_GIFT_POETRY,收到Y的贈詩、文,directed,,,0.5,primary,textid=40303,438,P,0,1
187089,24412,SOCIAL,SO_GIFT_POETRY,收到Y的贈詩、文,directed,,,0.5,primary,textid=40303,438,P,1,1
187089,92147,SOCIAL,SO_GIFT_POETRY,收到Y的贈詩、文,directed,,,0.5,primary,textid=40303,438,P,1,1
187089,93803,SOCIAL,SO_GIFT_POETRY,收到Y的贈詩、文,directed,,,0.5,primary,textid=40303,438,P,0,1
187089,94227,SOCIAL,SO_GIFT_POETRY,收到Y的贈詩、文,directed,,,0.5,primary,textid=40303,438,P,1,1
187089,447567,SOCIAL,SO_GIFT_POETRY,收到Y的贈詩、文,directed,,,0.5,primary,textid=40303,438,P,0,1
187166,92147,SOCIAL,SO_GIFT_POETRY,收到Y的贈詩、文,directed,,,0.5,primary,textid=40303,438,P,1,1
187166,93832,SOCIAL,SO_GIFT_POETRY,收到Y的贈詩、文,directed,,,0.5,primary,textid=40303,438,P,0,1
187166,94227,SOCIAL,SO_GIFT_POETRY,收到Y的贈詩、文,directed,,,0.5,primary,textid=40303,438,P,1,1
187166,195105,SOCIAL,SO_GIFT_POETRY,收到Y的贈詩、文,directed,,,0.5,primary,textid=40303,438,P,1,1
187242,30851,SOCIAL,SO_GIFT_POETRY,收到Y的贈詩、文,directed,,,0.5,primary,textid=40303,438,P,0,1
187242,32174,SOCIAL,SO_GIFT_POETRY,收到Y的贈詩、文,directed,,,0.5,primary,textid=40303,438,P,0,1
187373,32534,KIN,K_PARENT,父,directed,,,1.0,primary,textid=32033,75,KIN,0,1
187373,93832,SOCIAL,SO_GIFT_POETRY,收到Y的贈詩、文,directed,,,0.5,primary,textid=40303,438,P,0,1
187617,3915,SOCIAL,SO_GIFT_POETRY,收到Y的贈詩、文,directed,,,0.5,primary,textid=40303,438,P,0,1
187617,19241,SOCIAL,SO_GIFT_POETRY,收到Y的贈詩、文,directed,,,0.5,primary,textid=40303,438,P,1,1
188190,13575,SOCIAL,SO_GIFT_POETRY,收到Y的贈詩、文,directed,,,0.5,primary,textid=40303,438,P,0,1
188190,32248,SOCIAL,SO_GIFT_POETRY,收到Y的贈詩、文,directed,,,0.5,primary,textid=40303,438,P,0,1
188190,94160,SOCIAL,SO_GIFT_POETRY,收到Y的贈詩、文,directed,,,0.5,primary,textid=40303,438,P,0,1
188190,94227,SOCIAL,SO_GIFT_POETRY,收到Y的贈詩、文,directed,,,0.5,primary,textid=40303,438,P,0,1
188233,3915,SOCIAL,SO_GIFT_POETRY,收到Y的贈詩、文,directed,,,0.5,primary,textid=40303,438,P,0,1
188499,21194,SOCIAL,SO_GIFT_POETRY,收到Y的贈詩、文,directed,,,0.5,primary,textid=40303,438,P,0,1
188499,24412,SOCIAL,SO_GIFT_POETRY,收到Y的贈詩、文,directed,,,0.5,primary,textid=40303,438,P,0,1
188499,92743,SOCIAL,SO_GIFT_POETRY,收到Y的贈詩、文,directed,,,0.5,primary,textid=40303,438,P,0,1
188499,447567,SOCIAL,SO_GIFT_POETRY,收到Y的贈詩、文,directed,,,0.5,primary,textid=40303,438,P,0,1
188616,12236,SOCIAL,SO_GIFT_POETRY,贈詩、文,directed,,,0.5,primary,textid=40303,437,A,0,1
188616,19756,KIN,K_PARENT,父,directed,,,1.0,primary,textid=32033,75,KIN,1,1
188616,92658,SOCIAL,SO_GIFT_POETRY,贈詩、文,directed,,,0.5,primary,textid=40303,437,A,0,1
188616,92880,SOCIAL,SO_GIFT_POETRY,贈詩、文,directed,,,0.5,primary,textid=40303,437,A,0,1
188616,94724,SOCIAL,SO_GIFT_POETRY,贈詩、文,directed,,,0.5,primary,textid=40303,437,A,0,1
188616,188617,KIN,K_CHILD,子,directed,,,1.0,primary,textid=32033,180,KIN,1,1
188616,188618,KIN,K_CHILD,子,directed,,,1.0,primary,textid=32033,180,KIN,1,1
188616,188619,KIN,K_CHILD,子,directed,,,1.0,primary,textid=32033,180,KIN,1,1
188616,188620,KIN,K_CHILD,子,directed,,,1.0,primary,textid=32033,180,KIN,1,1
188616,445183,SOCIAL,SO_GIFT_POETRY,贈詩、文,directed,,,0.5,primary,textid=40303,437,A,1,1
188616,447581,SOCIAL,SO_GIFT_POETRY,贈詩、文,directed,,,0.5,primary,textid=40303,437,A,0,1
188616,447867,SOCIAL,SO_GIFT_POETRY,贈詩、文,directed,,,0.5,primary,textid=40303,437,A,1,1
188616,447918,SOCIAL,SO_GIFT_POETRY,贈詩、文,directed,,,0.5,primary,textid=40303,437,A,1,1
188616,450715,SOCIAL,SO_GIFT_POETRY,贈詩、文,directed,,,0.5,primary,textid=40303,437,A,1,1
188617,188616,KIN,K_PARENT,父,directed,,,1.0,primary,textid=32033,75,KIN,0,1
188618,188616,KIN,K_PARENT,父,directed,,,1.0,primary,textid=32033,75,KIN,0,1
188619,188616,KIN,K_PARENT,父,directed,,,1.0,primary,textid=32033,75,KIN,0,1
188620,188616,KIN,K_PARENT,父,directed,,,1.0,primary,textid=32033,75,KIN,0,1
188925,31407,SOCIAL,SO_GIFT_POETRY,收到Y的贈詩、文,directed,,,0.5,primary,textid=40303,438,P,0,1
188925,32198,SOCIAL,SO_GIFT_POETRY,收到Y的贈詩、文,directed,,,0.5,primary,textid=40303,438,P,0,1
189016,3915,SOCIAL,SO_GIFT_POETRY,收到Y的贈詩、文,directed,,,0.5,primary,textid=40303,438,P,0,1
189016,31407,SOCIAL,SO_GIFT_POETRY,收到Y的贈詩、文,directed,,,0.5,primary,textid=40303,438,P,0,1
189016,32174,TEACHER_STUDENT,TS_CONGYOU,從遊者為Y,directed,719,,0.7,primary,textid=60019,50,P,0,1
189016,32174,SOCIAL,SO_GIFT_POETRY,收到Y的贈詩、文,directed,,,0.5,primary,textid=40303,438,P,0,1
189016,32227,SOCIAL,SO_GIFT_POETRY,收到Y的贈詩、文,directed,,,0.5,primary,textid=40303,438,P,0,1
189016,33649,SOCIAL,SO_GIFT_POETRY,收到Y的贈詩、文,directed,,,0.5,primary,textid=40303,438,P,0,1
189016,94412,SOCIAL,SO_GIFT_POETRY,收到Y的贈詩、文,directed,,,0.5,primary,textid=40303,438,P,0,1
189491,3332,SOCIAL,SO_GIFT_POETRY,收到Y的贈詩、文,directed,,,0.5,primary,textid=40303,438,P,0,1
189491,24412,SOCIAL,SO_GIFT_POETRY,收到Y的贈詩、文,directed,,,0.5,primary,textid=40303,438,P,0,1
189491,32227,SOCIAL,SO_GIFT_POETRY,收到Y的贈詩、文,directed,,,0.5,primary,textid=40303,438,P,0,1
189491,92047,SOCIAL,SO_GIFT_POETRY,收到Y的贈詩、文,directed,,,0.5,primary,textid=40303,438,P,0,1
189569,13624,SOCIAL,SO_GIFT_POETRY,收到Y的贈詩、文,directed,,,0.5,primary,textid=40303,438,P,0,1
189569,24654,SOCIAL,SO_GIFT_POETRY,收到Y的贈詩、文,directed,,,0.5,primary,textid=40303,438,P,0,1
189569,33606,SOCIAL,SO_GIFT_POETRY,收到Y的贈詩、文,directed,,,0.5,primary,textid=40303,438,P,0,1
189633,92982,SOCIAL,SO_GIFT_POETRY,收到Y的贈詩、文,directed,,,0.5,primary,textid=40303,438,P,0,1
189633,94595,SOCIAL,SO_GIFT_POETRY,收到Y的贈詩、文,directed,,,0.5,primary,textid=40303,438,P,1,1
190786,13624,SOCIAL,SO_GIFT_POETRY,收到Y的贈詩、文,directed,,,0.5,primary,textid=40303,438,P,0,1
190786,33566,SOCIAL,SO_GIFT_POETRY,收到Y的贈詩、文,directed,,,0.5,primary,textid=40303,438,P,0,1
190786,94595,SOCIAL,SO_GIFT_POETRY,收到Y的贈詩、文,directed,,,0.5,primary,textid=40303,438,P,0,1
194122,32169,KIN,K_CHILD,子,directed,,,1.0,primary,textid=32033,180,KIN,0,1
194588,13575,SOCIAL,SO_GIFT_POETRY,收到Y的贈詩、文,directed,,,0.5,primary,textid=40303,438,P,0,1
194588,32227,SOCIAL,SO_GIFT_POETRY,收到Y的贈詩、文,directed,,,0.5,primary,textid=40303,438,P,0,1
194588,32248,SOCIAL,SO_GIFT_POETRY,收到Y的贈詩、文,directed,,,0.5,primary,textid=40303,438,P,0,1
194588,33606,SOCIAL,SO_GIFT_POETRY,收到Y的贈詩、文,directed,,,0.5,primary,textid=40303,438,P,0,1
194588,94160,SOCIAL,SO_GIFT_POETRY,收到Y的贈詩、文,directed,,,0.5,primary,textid=40303,438,P,0,1
195105,17137,SOCIAL,SO_GIFT_POETRY,贈詩、文,directed,,,0.5,primary,textid=40303,437,A,1,1
195105,30851,SOCIAL,SO_GIFT_POETRY,收到Y的贈詩、文,directed,,,0.5,primary,textid=40303,438,P,1,0
195105,31322,SOCIAL,SO_GIFT_POETRY,收到Y的贈詩、文,directed,,,0.5,primary,textid=40303,438,P,1,0
195105,32540,SOCIAL,SO_GIFT_POETRY,收到Y的贈詩、文,directed,,,0.5,primary,textid=40303,438,P,1,0
195105,92050,SOCIAL,SO_GIFT_POETRY,贈詩、文,directed,,,0.5,primary,textid=40303,437,A,1,1
195105,92246,SOCIAL,SO_GIFT_POETRY,贈詩、文,directed,,,0.5,primary,textid=40303,437,A,1,1
195105,92704,SOCIAL,SO_GIFT_POETRY,贈詩、文,directed,,,0.5,primary,textid=40303,437,A,0,1
195105,93311,SOCIAL,SO_GIFT_POETRY,贈詩、文,directed,,,0.5,primary,textid=40303,437,A,1,1
195105,93785,SOCIAL,SO_GIFT_POETRY,收到Y的贈詩、文,directed,,,0.5,primary,textid=40303,438,P,1,0
195105,94484,SOCIAL,SO_GIFT_POETRY,贈詩、文,directed,,,0.5,primary,textid=40303,437,A,0,1
195105,94941,SOCIAL,SO_GIFT_POETRY,贈詩、文,directed,,,0.5,primary,textid=40303,437,A,1,1
195105,177429,SOCIAL,SO_GIFT_POETRY,贈詩、文,directed,,,0.5,primary,textid=40303,437,A,1,1
195105,187166,SOCIAL,SO_GIFT_POETRY,贈詩、文,directed,,,0.5,primary,textid=40303,437,A,0,1
195105,445577,SOCIAL,SO_GIFT_POETRY,贈詩、文,directed,,,0.5,primary,textid=40303,437,A,1,1
195105,445700,SOCIAL,SO_GIFT_POETRY,贈詩、文,directed,,,0.5,primary,textid=40303,437,A,1,1
195105,447201,SOCIAL,SO_GIFT_POETRY,贈詩、文,directed,,,0.5,primary,textid=40303,437,A,0,1
195105,449535,SOCIAL,SO_GIFT_POETRY,贈詩、文,directed,,,0.5,primary,textid=40303,437,A,1,1
195105,450312,SOCIAL,SO_GIFT_POETRY,贈詩、文,directed,,,0.5,primary,textid=40303,437,A,1,1
195105,450457,SOCIAL,SO_GIFT_POETRY,贈詩、文,directed,,,0.5,primary,textid=40303,437,A,0,1
195688,3915,SOCIAL,SO_GIFT_POETRY,收到Y的贈詩、文,directed,,,0.5,primary,textid=40303,438,P,0,1
195688,3915,COLLEAGUE,CL_MULIAO,幕僚為Y,directed,,,0.8,inferred,,67,P,0,1
195688,32174,SOCIAL,SO_GIFT_POETRY,收到Y的贈詩、文,directed,,,0.5,primary,textid=40303,438,P,0,1
195688,32583,SOCIAL,SO_GIFT_POETRY,收到Y的贈詩、文,directed,,,0.5,primary,textid=40303,438,P,0,1
196063,92047,SOCIAL,SO_GIFT_POETRY,收到Y的贈詩、文,directed,,,0.5,primary,textid=40303,438,P,0,1
196063,92982,SOCIAL,SO_GIFT_POETRY,收到Y的贈詩、文,directed,,,0.5,primary,textid=40303,438,P,0,1
339631,3130,SOCIAL,SO_GIFT_POETRY,收到Y的贈詩、文,directed,,,0.5,primary,textid=40303,438,P,0,1
339631,19244,SOCIAL,SO_GIFT_POETRY,收到Y的贈詩、文,directed,,,0.5,primary,textid=40303,438,P,0,1
339631,31407,SOCIAL,SO_GIFT_POETRY,收到Y的贈詩、文,directed,,,0.5,primary,textid=40303,438,P,0,1
339631,32174,TEACHER_STUDENT,TS_CONGYOU,從遊者為Y,directed,719,,0.7,primary,textid=60019,50,P,0,1
339631,32174,SOCIAL,SO_GIFT_POETRY,收到Y的贈詩、文,directed,,,0.5,primary,textid=40303,438,P,0,1
376309,3915,SOCIAL,SO_GIFT_POETRY,收到Y的贈詩、文,directed,,,0.5,primary,textid=40303,438,P,0,1
376309,19244,SOCIAL,SO_GIFT_POETRY,收到Y的贈詩、文,directed,,,0.5,primary,textid=40303,438,P,0,1
377178,3605,SOCIAL,SO_GIFT_POETRY,收到Y的贈詩、文,directed,,,0.5,primary,textid=40303,438,P,0,1
377178,32227,SOCIAL,SO_GIFT_POETRY,收到Y的贈詩、文,directed,,,0.5,primary,textid=40303,438,P,0,1
377178,33606,SOCIAL,SO_GIFT_POETRY,收到Y的贈詩、文,directed,,,0.5,primary,textid=40303,438,P,0,1
377597,3332,SOCIAL,SO_GIFT_POETRY,收到Y的贈詩、文,directed,,,0.5,primary,textid=40303,438,P,0,1
377597,92516,SOCIAL,SO_GIFT_POETRY,收到Y的贈詩、文,directed,,,0.5,primary,textid=40303,438,P,0,1
379269,92147,SOCIAL,SO_GIFT_POETRY,收到Y的贈詩、文,directed,,,0.5,primary,textid=40303,438,P,0,1
379269,92516,SOCIAL,SO_GIFT_POETRY,收到Y的贈詩、文,directed,,,0.5,primary,textid=40303,438,P,0,1
379405,32822,SOCIAL,SO_GIFT_POETRY,收到Y的贈詩、文,directed,,,0.5,primary,textid=40303,438,P,0,1
379405,94271,SOCIAL,SO_GIFT_POETRY,收到Y的贈詩、文,directed,,,0.5,primary,textid=40303,438,P,0,1
379430,31560,SOCIAL,SO_GIFT_POETRY,收到Y的贈詩、文,directed,,,0.5,primary,textid=40303,438,P,1,1
379430,31575,SOCIAL,SO_GIFT_POETRY,收到Y的贈詩、文,directed,,,0.5,primary,textid=40303,438,P,1,1
379430,447292,SOCIAL,SO_GIFT_POETRY,收到Y的贈詩、文,directed,,,0.5,primary,textid=40303,438,P,1,1
380576,33566,SOCIAL,SO_GIFT_POETRY,收到Y的贈詩、文,directed,,,0.5,primary,textid=40303,438,P,0,1
380576,94595,SOCIAL,SO_GIFT_POETRY,收到Y的贈詩、文,directed,,,0.5,primary,textid=40303,438,P,0,1
380654,21194,SOCIAL,SO_GIFT_POETRY,收到Y的贈詩、文,directed,,,0.5,primary,textid=40303,438,P,0,1
380654,31110,SOCIAL,SO_GIFT_POETRY,收到Y的贈詩、文,directed,,,0.5,primary,textid=40303,438,P,0,1
381119,32540,SOCIAL,SO_GIFT_POETRY,收到Y的贈詩、文,directed,,,0.5,primary,textid=40303,438,P,0,1
381119,94595,SOCIAL,SO_GIFT_POETRY,收到Y的贈詩、文,directed,,,0.5,primary,textid=40303,438,P,0,1
381233,17029,SOCIAL,SO_GIFT_POETRY,收到Y的贈詩、文,directed,,,0.5,primary,textid=40303,438,P,0,1
381233,33649,SOCIAL,SO_GIFT_POETRY,收到Y的贈詩、文,directed,,,0.5,primary,textid=40303,438,P,0,1
381233,95071,SOCIAL,SO_GIFT_POETRY,收到Y的贈詩、文,directed,,,0.5,primary,textid=40303,438,P,0,1
381573,13624,SOCIAL,SO_GIFT_POETRY,收到Y的贈詩、文,directed,,,0.5,primary,textid=40303,438,P,0,1
381573,32540,SOCIAL,SO_GIFT_POETRY,收到Y的贈詩、文,directed,,,0.5,primary,textid=40303,438,P,0,1
381789,33606,SOCIAL,SO_GIFT_POETRY,收到Y的贈詩、文,directed,,,0.5,primary,textid=40303,438,P,0,1
381789,94160,SOCIAL,SO_GIFT_POETRY,收到Y的贈詩、文,directed,,,0.5,primary,textid=40303,438,P,0,1
381789,95071,SOCIAL,SO_GIFT_POETRY,收到Y的贈詩、文,directed,,,0.5,primary,textid=40303,438,P,0,1
381933,93832,SOCIAL,SO_GIFT_POETRY,收到Y的贈詩、文,directed,,,0.5,primary,textid=40303,438,P,0,1
381933,447567,SOCIAL,SO_GIFT_POETRY,收到Y的贈詩、文,directed,,,0.5,primary,textid=40303,438,P,0,1
382253,3332,SOCIAL,SO_GIFT_POETRY,收到Y的贈詩、文,directed,,,0.5,primary,textid=40303,438,P,0,1
382253,24654,SOCIAL,SO_GIFT_POETRY,收到Y的贈詩、文,directed,,,0.5,primary,textid=40303,438,P,0,1
382253,32822,SOCIAL,SO_GIFT_POETRY,收到Y的贈詩、文,directed,,,0.5,primary,textid=40303,438,P,0,1
382253,93952,SOCIAL,SO_GIFT_POETRY,收到Y的贈詩、文,directed,,,0.5,primary,textid=40303,438,P,0,1
382322,3915,SOCIAL,SO_GIFT_POETRY,收到Y的贈詩、文,directed,,,0.5,primary,textid=40303,438,P,0,1
382322,33566,SOCIAL,SO_GIFT_POETRY,收到Y的贈詩、文,directed,,,0.5,primary,textid=40303,438,P,0,1
382368,13575,SOCIAL,SO_GIFT_POETRY,收到Y的贈詩、文,directed,,,0.5,primary,textid=40303,438,P,0,1
382368,32248,SOCIAL,SO_GIFT_POETRY,收到Y的贈詩、文,directed,,,0.5,primary,textid=40303,438,P,0,1
382368,93952,SOCIAL,SO_GIFT_POETRY,收到Y的贈詩、文,directed,,,0.5,primary,textid=40303,438,P,0,1
382368,94160,SOCIAL,SO_GIFT_POETRY,收到Y的贈詩、文,directed,,,0.5,primary,textid=40303,438,P,0,1
382589,11605,SOCIAL,SO_GIFT_POETRY,收到Y的贈詩、文,directed,,,0.5,primary,textid=40303,438,P,0,1
382589,31407,SOCIAL,SO_GIFT_POETRY,收到Y的贈詩、文,directed,,,0.5,primary,textid=40303,438,P,0,1
382589,32198,SOCIAL,SO_GIFT_POETRY,收到Y的贈詩、文,directed,,,0.5,primary,textid=40303,438,P,0,1
382863,19244,SOCIAL,SO_GIFT_POETRY,收到Y的贈詩、文,directed,,,0.5,primary,textid=40303,438,P,0,1
382863,32174,SOCIAL,SO_GIFT_POETRY,收到Y的贈詩、文,directed,,,0.5,primary,textid=40303,438,P,0,1
382863,32227,SOCIAL,SO_GIFT_POETRY,收到Y的贈詩、文,directed,,,0.5,primary,textid=40303,438,P,0,1
382868,32227,SOCIAL,SO_GIFT_POETRY,收到Y的贈詩、文,directed,,,0.5,primary,textid=40303,438,P,0,1
382868,32248,SOCIAL,SO_GIFT_POETRY,收到Y的贈詩、文,directed,,,0.5,primary,textid=40303,438,P,0,1
382868,92047,SOCIAL,SO_GIFT_POETRY,收到Y的贈詩、文,directed,,,0.5,primary,textid=40303,438,P,0,1
444817,444827,KIN,K_CHILD,女兒,directed,,,1.0,primary,舊唐書,176,KIN,1,1
444817,447292,KIN,K_CHILD,女兒,directed,,,1.0,primary,舊唐書,176,KIN,1,0
444827,31575,SOCIAL,SO_GIFT_POETRY,收到Y的贈詩、文,directed,,,0.5,primary,textid=40303,438,P,0,1
444827,91931,SOCIAL,SO_GIFT_POETRY,收到Y的贈詩、文,directed,,,0.5,primary,textid=40303,438,P,0,1
444827,444817,KIN,K_PARENT,母,directed,,,1.0,primary,舊唐書,111,KIN,0,1
444850,3332,SOCIAL,SO_GIFT_POETRY,收到Y的贈詩、文,directed,,,0.5,primary,textid=40303,438,P,0,1
444850,11605,SOCIAL,SO_GIFT_POETRY,收到Y的贈詩、文,directed,,,0.5,primary,textid=40303,438,P,0,1
444850,19241,SOCIAL,SO_GIFT_POETRY,收到Y的贈詩、文,directed,,,0.5,primary,textid=40303,438,P,0,1
444850,19241,KIN,K_PARENT,父,directed,,,1.0,primary,舊唐書,75,KIN,0,1
444850,31560,SOCIAL,SO_GIFT_POETRY,收到Y的贈詩、文,directed,,,0.5,primary,textid=40303,438,P,0,1
444850,31575,SOCIAL,SO_GIFT_POETRY,收到Y的贈詩、文,directed,,,0.5,primary,textid=40303,438,P,0,1
444850,32198,SOCIAL,SO_GIFT_POETRY,收到Y的贈詩、文,directed,,,0.5,primary,textid=40303,438,P,0,1
444850,93663,KIN,K_PARENT,母,directed,,,1.0,inferred,,111,KIN,0,1
445068,32227,SOCIAL,SO_GIFT_POETRY,收到Y的贈詩、文,directed,,,0.5,primary,textid=40303,438,P,0,1
445068,33606,SOCIAL,SO_GIFT_POETRY,收到Y的贈詩、文,directed,,,0.5,primary,textid=40303,438,P,0,1
445068,92982,SOCIAL,SO_GIFT_POETRY,收到Y的贈詩、文,directed,,,0.5,primary,textid=40303,438,P,0,1
445068,94227,SOCIAL,SO_GIFT_POETRY,收到Y的贈詩、文,directed,,,0.5,primary,textid=40303,438,P,0,1
445110,30851,SOCIAL,SO_GIFT_POETRY,收到Y的贈詩、文,directed,,,0.5,primary,textid=40303,438,P,0,1
445110,32174,SOCIAL,SO_GIFT_POETRY,收到Y的贈詩、文,directed,,,0.5,primary,textid=40303,438,P,0,1
445183,188616,SOCIAL,SO_GIFT_POETRY,收到Y的贈詩、文,directed,,,0.5,primary,textid=40303,438,P,0,1
445192,3332,SOCIAL,SO_GIFT_POETRY,收到Y的贈詩、文,directed,,,0.5,primary,textid=40303,438,P,0,1
445192,32227,SOCIAL,SO_GIFT_POETRY,收到Y的贈詩、文,directed,,,0.5,primary,textid=40303,438,P,0,1
445192,94227,SOCIAL,SO_GIFT_POETRY,收到Y的贈詩、文,directed,,,0.5,primary,textid=40303,438,P,0,1
445220,13624,SOCIAL,SO_GIFT_POETRY,收到Y的贈詩、文,directed,,,0.5,primary,textid=40303,438,P,0,1
445220,94595,SOCIAL,SO_GIFT_POETRY,收到Y的贈詩、文,directed,,,0.5,primary,textid=40303,438,P,0,1
445237,3332,SOCIAL,SO_GIFT_POETRY,收到Y的贈詩、文,directed,,,0.5,primary,textid=40303,438,P,0,1
445237,13624,SOCIAL,SO_GIFT_POETRY,收到Y的贈詩、文,directed,,,0.5,primary,textid=40303,438,P,0,1
445237,32227,SOCIAL,SO_GIFT_POETRY,收到Y的贈詩、文,directed,,,0.5,primary,textid=40303,438,P,0,1
445237,92516,SOCIAL,SO_GIFT_POETRY,收到Y的贈詩、文,directed,,,0.5,primary,textid=40303,438,P,0,1
445341,32227,SOCIAL,SO_GIFT_POETRY,收到Y的贈詩、文,directed,,,0.5,primary,textid=40303,438,P,0,1
445341,33606,SOCIAL,SO_GIFT_POETRY,收到Y的贈詩、文,directed,,,0.5,primary,textid=40303,438,P,0,1
445341,93952,SOCIAL,SO_GIFT_POETRY,收到Y的贈詩、文,directed,,,0.5,primary,textid=40303,438,P,0,1
445343,30851,SOCIAL,SO_GIFT_POETRY,收到Y的贈詩、文,directed,,,0.5,primary,textid=40303,438,P,0,1
445343,92035,SOCIAL,SO_GIFT_POETRY,收到Y的贈詩、文,directed,,,0.5,primary,textid=40303,438,P,0,1
445407,3915,SOCIAL,SO_GIFT_POETRY,收到Y的贈詩、文,directed,,,0.5,primary,textid=40303,438,P,0,1
445407,32583,SOCIAL,SO_GIFT_POETRY,收到Y的贈詩、文,directed,,,0.5,primary,textid=40303,438,P,0,1
445407,33566,SOCIAL,SO_GIFT_POETRY,收到Y的贈詩、文,directed,,,0.5,primary,textid=40303,438,P,0,1
445425,30851,SOCIAL,SO_GIFT_POETRY,收到Y的贈詩、文,directed,,,0.5,primary,textid=40303,438,P,0,1
445425,31407,SOCIAL,SO_GIFT_POETRY,收到Y的贈詩、文,directed,,,0.5,primary,textid=40303,438,P,0,1
445425,32174,SOCIAL,SO_GIFT_POETRY,收到Y的贈詩、文,directed,,,0.5,primary,textid=40303,438,P,0,1
445481,3915,SOCIAL,SO_GIFT_POETRY,收到Y的贈詩、文,directed,,,0.5,primary,textid=40303,438,P,0,1
445481,32583,SOCIAL,SO_GIFT_POETRY,收到Y的贈詩、文,directed,,,0.5,primary,textid=40303,438,P,0,1
445481,32917,SOCIAL,SO_GIFT_POETRY,收到Y的贈詩、文,directed,,,0.5,primary,textid=40303,438,P,0,1
445481,94271,SOCIAL,SO_GIFT_POETRY,收到Y的贈詩、文,directed,,,0.5,primary,textid=40303,438,P,0,1
445500,3915,SOCIAL,SO_GIFT_POETRY,收到Y的贈詩、文,directed,,,0.5,primary,textid=40303,438,P,0,1
445500,32583,SOCIAL,SO_GIFT_POETRY,收到Y的贈詩、文,directed,,,0.5,primary,textid=40303,438,P,0,1
445500,32917,SOCIAL,SO_GIFT_POETRY,收到Y的贈詩、文,directed,,,0.5,primary,textid=40303,438,P,0,1
445518,32174,SOCIAL,SO_GIFT_POETRY,收到Y的贈詩、文,directed,,,0.5,primary,textid=40303,438,P,0,1
445518,32583,SOCIAL,SO_GIFT_POETRY,收到Y的贈詩、文,directed,,,0.5,primary,textid=40303,438,P,0,1
445530,13624,SOCIAL,SO_GIFT_POETRY,收到Y的贈詩、文,directed,,,0.5,primary,textid=40303,438,P,0,1
445530,24654,SOCIAL,SO_GIFT_POETRY,收到Y的贈詩、文,directed,,,0.5,primary,textid=40303,438,P,0,1
445530,32227,SOCIAL,SO_GIFT_POETRY,收到Y的贈詩、文,directed,,,0.5,primary,textid=40303,438,P,0,1
445577,34916,SOCIAL,SO_GIFT_POETRY,收到Y的贈詩、文,directed,,,0.5,primary,textid=40303,438,P,0,1
445577,195105,SOCIAL,SO_GIFT_POETRY,收到Y的贈詩、文,directed,,,0.5,primary,textid=40303,438,P,0,1
445579,30982,SOCIAL,SO_GIFT_POETRY,收到Y的贈詩、文,directed,,,0.5,primary,textid=40303,438,P,0,1
445579,93956,SOCIAL,SO_GIFT_POETRY,收到Y的贈詩、文,directed,,,0.5,primary,textid=40303,438,P,0,1
445585,3332,SOCIAL,SO_GIFT_POETRY,收到Y的贈詩、文,directed,,,0.5,primary,textid=40303,438,P,0,1
445585,13624,SOCIAL,SO_GIFT_POETRY,收到Y的贈詩、文,directed,,,0.5,primary,textid=40303,438,P,0,1
445585,95071,SOCIAL,SO_GIFT_POETRY,收到Y的贈詩、文,directed,,,0.5,primary,textid=40303,438,P,0,1
445603,24412,SOCIAL,SO_GIFT_POETRY,收到Y的贈詩、文,directed,,,0.5,primary,textid=40303,438,P,0,1
445603,94227,SOCIAL,SO_GIFT_POETRY,收到Y的贈詩、文,directed,,,0.5,primary,textid=40303,438,P,0,1
445628,32207,SOCIAL,SO_GIFT_POETRY,收到Y的贈詩、文,directed,,,0.5,primary,textid=40303,438,P,1,1
445660,32822,SOCIAL,SO_GIFT_POETRY,收到Y的贈詩、文,directed,,,0.5,primary,textid=40303,438,P,0,1
445660,94271,SOCIAL,SO_GIFT_POETRY,收到Y的贈詩、文,directed,,,0.5,primary,textid=40303,438,P,0,1
445676,93785,SOCIAL,SO_GIFT_POETRY,收到Y的贈詩、文,directed,,,0.5,primary,textid=40303,438,P,0,1
445676,447567,SOCIAL,SO_GIFT_POETRY,收到Y的贈詩、文,directed,,,0.5,primary,textid=40303,438,P,0,1
445700,13575,SOCIAL,SO_GIFT_POETRY,收到Y的贈詩、文,directed,,,0.5,primary,textid=40303,438,P,0,1
445700,33566,SOCIAL,SO_GIFT_POETRY,收到Y的贈詩、文,directed,,,0.5,primary,textid=40303,438,P,0,1
445700,94160,SOCIAL,SO_GIFT_POETRY,收到Y的贈詩、文,directed,,,0.5,primary,textid=40303,438,P,0,1
445700,94183,SOCIAL,SO_GIFT_POETRY,收到Y的贈詩、文,directed,,,0.5,primary,textid=40303,438,P,0,1
445700,195105,SOCIAL,SO_GIFT_POETRY,收到Y的贈詩、文,directed,,,0.5,primary,textid=40303,438,P,0,1
445729,3702,SOCIAL,SO_GIFT_POETRY,收到Y的贈詩、文,directed,,,0.5,primary,textid=40303,438,P,0,1
445729,32169,SOCIAL,SO_GIFT_POETRY,收到Y的贈詩、文,directed,,,0.5,primary,textid=40303,438,P,0,1
445729,93952,SOCIAL,SO_GIFT_POETRY,收到Y的贈詩、文,directed,,,0.5,primary,textid=40303,438,P,0,1
445755,32169,SOCIAL,SO_GIFT_POETRY,收到Y的贈詩、文,directed,,,0.5,primary,textid=40303,438,P,1,1
445755,94595,SOCIAL,SO_GIFT_POETRY,收到Y的贈詩、文,directed,,,0.5,primary,textid=40303,438,P,0,1
445763,450129,SOCIAL,SO_GIFT_POETRY,收到Y的贈詩、文,directed,,,0.5,primary,textid=40303,438,P,1,1
445771,33606,SOCIAL,SO_GIFT_POETRY,收到Y的贈詩、文,directed,,,0.5,primary,textid=40303,438,P,0,1
445771,94227,SOCIAL,SO_GIFT_POETRY,收到Y的贈詩、文,directed,,,0.5,primary,textid=40303,438,P,0,1
445791,32540,SOCIAL,SO_GIFT_POETRY,收到Y的贈詩、文,directed,,,0.5,primary,textid=40303,438,P,0,1
445791,32917,SOCIAL,SO_GIFT_POETRY,收到Y的贈詩、文,directed,,,0.5,primary,textid=40303,438,P,0,1
445798,17029,SOCIAL,SO_GIFT_POETRY,收到Y的贈詩、文,directed,,,0.5,primary,textid=40303,438,P,0,1
445798,92047,SOCIAL,SO_GIFT_POETRY,收到Y的贈詩、文,directed,,,0.5,primary,textid=40303,438,P,0,1
445800,94227,SOCIAL,SO_GIFT_POETRY,收到Y的贈詩、文,directed,,,0.5,primary,textid=40303,438,P,0,1
445800,94864,SOCIAL,SO_GIFT_POETRY,收到Y的贈詩、文,directed,,,0.5,primary,textid=40303,438,P,0,1
445800,447419,SOCIAL,SO_GIFT_POETRY,收到Y的贈詩、文,directed,,,0.5,primary,textid=40303,438,P,0,1
445857,32169,SOCIAL,SO_GIFT_POETRY,收到Y的贈詩、文,directed,,,0.5,primary,textid=40303,438,P,0,1
445874,19244,SOCIAL,SO_GIFT_POETRY,收到Y的贈詩、文,directed,,,0.5,primary,textid=40303,438,P,1,1
445874,31560,SOCIAL,SO_GIFT_POETRY,收到Y的贈詩、文,directed,,,0.5,primary,textid=40303,438,P,1,1
445886,32227,SOCIAL,SO_GIFT_POETRY,收到Y的贈詩、文,directed,,,0.5,primary,textid=40303,438,P,0,1
445886,92161,SOCIAL,SO_GIFT_POETRY,收到Y的贈詩、文,directed,,,0.5,primary,textid=40303,438,P,0,1
445945,11605,SOCIAL,SO_GIFT_POETRY,收到Y的贈詩、文,directed,,,0.5,primary,textid=40303,438,P,0,1
445945,31575,SOCIAL,SO_GIFT_POETRY,收到Y的贈詩、文,directed,,,0.5,primary,textid=40303,438,P,0,1
445957,93956,SOCIAL,SO_GIFT_POETRY,收到Y的贈詩、文,directed,,,0.5,primary,textid=40303,438,P,0,1
445957,94271,SOCIAL,SO_GIFT_POETRY,收到Y的贈詩、文,directed,,,0.5,primary,textid=40303,438,P,0,1
445959,32583,SOCIAL,SO_GIFT_POETRY,收到Y的贈詩、文,directed,,,0.5,primary,textid=40303,438,P,0,1
445959,94271,SOCIAL,SO_GIFT_POETRY,收到Y的贈詩、文,directed,,,0.5,primary,textid=40303,438,P,0,1
446030,32169,SOCIAL,SO_GIFT_POETRY,收到Y的贈詩、文,directed,,,0.5,primary,textid=40303,438,P,0,1
446062,22057,SOCIAL,SO_GIFT_POETRY,收到Y的贈詩、文,directed,,,0.5,primary,textid=40303,438,P,0,1
446062,33651,SOCIAL,SO_GIFT_POETRY,收到Y的贈詩、文,directed,,,0.5,primary,textid=40303,438,P,0,1
446137,3915,SOCIAL,SO_GIFT_POETRY,收到Y的贈詩、文,directed,,,0.5,primary,textid=40303,438,P,1,1
446137,94160,SOCIAL,SO_GIFT_POETRY,收到Y的贈詩、文,directed,,,0.5,primary,textid=40303,438,P,0,1
446145,30851,SOCIAL,SO_GIFT_POETRY,收到Y的贈詩、文,directed,,,0.5,primary,textid=40303,438,P,0,1
446145,92035,SOCIAL,SO_GIFT_POETRY,收到Y的贈詩、文,directed,,,0.5,primary,textid=40303,438,P,0,1
446154,34916,SOCIAL,SO_GIFT_POETRY,收到Y的贈詩、文,directed,,,0.5,primary,textid=40303,438,P,0,1
446154,94271,SOCIAL,SO_GIFT_POETRY,收到Y的贈詩、文,directed,,,0.5,primary,textid=40303,438,P,0,1
446168,13624,SOCIAL,SO_GIFT_POETRY,收到Y的贈詩、文,directed,,,0.5,primary,textid=40303,438,P,0,1
446168,21194,SOCIAL,SO_GIFT_POETRY,收到Y的贈詩、文,directed,,,0.5,primary,textid=40303,438,P,0,1
446206,21194,SOCIAL,SO_GIFT_POETRY,收到Y的贈詩、文,directed,,,0.5,primary,textid=40303,438,P,0,1
446206,94160,SOCIAL,SO_GIFT_POETRY,收到Y的贈詩、文,directed,,,0.5,primary,textid=40303,438,P,0,1
446241,31560,SOCIAL,SO_GIFT_POETRY,收到Y的贈詩、文,directed,,,0.5,primary,textid=40303,438,P,0,1
446241,31575,SOCIAL,SO_GIFT_POETRY,收到Y的贈詩、文,directed,,,0.5,primary,textid=40303,438,P,0,1
446244,13575,SOCIAL,SO_GIFT_POETRY,收到Y的贈詩、文,directed,,,0.5,primary,textid=40303,438,P,0,1
446244,13624,SOCIAL,SO_GIFT_POETRY,收到Y的贈詩、文,directed,,,0.5,primary,textid=40303,438,P,0,1
446262,3702,SOCIAL,SO_GIFT_POETRY,收到Y的贈詩、文,directed,,,0.5,primary,textid=40303,438,P,0,1
446262,17029,SOCIAL,SO_GIFT_POETRY,收到Y的贈詩、文,directed,,,0.5,primary,textid=40303,438,P,0,1
446262,33753,SOCIAL,SO_GIFT_POETRY,收到Y的贈詩、文,directed,,,0.5,primary,textid=40303,438,P,0,1
446299,36130,SOCIAL,SO_GIFT_POETRY,收到Y的贈詩、文,directed,,,0.5,primary,textid=40303,438,P,0,1
446299,93832,SOCIAL,SO_GIFT_POETRY,收到Y的贈詩、文,directed,,,0.5,primary,textid=40303,438,P,0,1
446299,94160,SOCIAL,SO_GIFT_POETRY,收到Y的贈詩、文,directed,,,0.5,primary,textid=40303,438,P,0,1
446299,94183,SOCIAL,SO_GIFT_POETRY,收到Y的贈詩、文,directed,,,0.5,primary,textid=40303,438,P,0,1
446307,24412,SOCIAL,SO_GIFT_POETRY,收到Y的贈詩、文,directed,,,0.5,primary,textid=40303,438,P,0,1
446307,33606,SOCIAL,SO_GIFT_POETRY,收到Y的贈詩、文,directed,,,0.5,primary,textid=40303,438,P,0,1
446338,3915,SOCIAL,SO_GIFT_POETRY,收到Y的贈詩、文,directed,,,0.5,primary,textid=40303,438,P,0,1
446338,32822,SOCIAL,SO_GIFT_POETRY,收到Y的贈詩、文,directed,,,0.5,primary,textid=40303,438,P,0,1
446338,32889,SOCIAL,SO_GIFT_POETRY,收到Y的贈詩、文,directed,,,0.5,primary,textid=40303,438,P,0,1
446338,33566,SOCIAL,SO_GIFT_POETRY,收到Y的贈詩、文,directed,,,0.5,primary,textid=40303,438,P,0,1
446338,93952,SOCIAL,SO_GIFT_POETRY,收到Y的贈詩、文,directed,,,0.5,primary,textid=40303,438,P,0,1
446392,32169,SOCIAL,SO_GIFT_POETRY,收到Y的贈詩、文,directed,,,0.5,primary,textid=40303,438,P,0,1
446436,31322,SOCIAL,SO_GIFT_POETRY,收到Y的贈詩、文,directed,,,0.5,primary,textid=40303,438,P,0,1
446436,31575,SOCIAL,SO_GIFT_POETRY,收到Y的贈詩、文,directed,,,0.5,primary,textid=40303,438,P,1,1
446436,32198,SOCIAL,SO_GIFT_POETRY,收到Y的贈詩、文,directed,,,0.5,primary,textid=40303,438,P,0,1
446450,22469,SOCIAL,SO_GIFT_POETRY,收到Y的贈詩、文,directed,,,0.5,primary,textid=40303,438,P,0,1
446450,32227,SOCIAL,SO_GIFT_POETRY,收到Y的贈詩、文,directed,,,0.5,primary,textid=40303,438,P,0,1
446450,32248,SOCIAL,SO_GIFT_POETRY,收到Y的贈詩、文,directed,,,0.5,primary,textid=40303,438,P,0,1
446450,32980,SOCIAL,SO_GIFT_POETRY,收到Y的贈詩、文,directed,,,0.5,primary,textid=40303,438,P,0,1
446450,33606,SOCIAL,SO_GIFT_POETRY,收到Y的贈詩、文,directed,,,0.5,primary,textid=40303,438,P,0,1
446450,92982,SOCIAL,SO_GIFT_POETRY,收到Y的贈詩、文,directed,,,0.5,primary,textid=40303,438,P,0,1
446488,92047,SOCIAL,SO_GIFT_POETRY,收到Y的贈詩、文,directed,,,0.5,primary,textid=40303,438,P,1,1
446488,93246,SOCIAL,SO_GIFT_POETRY,收到Y的贈詩、文,directed,,,0.5,primary,textid=40303,438,P,0,1
446488,93956,SOCIAL,SO_GIFT_POETRY,收到Y的贈詩、文,directed,,,0.5,primary,textid=40303,438,P,1,1
446488,94183,SOCIAL,SO_GIFT_POETRY,收到Y的贈詩、文,directed,,,0.5,primary,textid=40303,438,P,0,1
446511,32583,SOCIAL,SO_GIFT_POETRY,收到Y的贈詩、文,directed,,,0.5,primary,textid=40303,438,P,0,1
446511,94595,SOCIAL,SO_GIFT_POETRY,收到Y的贈詩、文,directed,,,0.5,primary,textid=40303,438,P,0,1
446517,19244,SOCIAL,SO_GIFT_POETRY,收到Y的贈詩、文,directed,,,0.5,primary,textid=40303,438,P,1,1
446517,32174,SOCIAL,SO_GIFT_POETRY,收到Y的贈詩、文,directed,,,0.5,primary,textid=40303,438,P,1,1
446517,32540,SOCIAL,SO_GIFT_POETRY,收到Y的贈詩、文,directed,,,0.5,primary,textid=40303,438,P,0,1
446523,3332,SOCIAL,SO_GIFT_POETRY,收到Y的贈詩、文,directed,,,0.5,primary,textid=40303,438,P,0,1
446523,32227,SOCIAL,SO_GIFT_POETRY,收到Y的贈詩、文,directed,,,0.5,primary,textid=40303,438,P,0,1
446523,92047,SOCIAL,SO_GIFT_POETRY,收到Y的贈詩、文,directed,,,0.5,primary,textid=40303,438,P,0,1
446523,93952,SOCIAL,SO_GIFT_POETRY,收到Y的贈詩、文,directed,,,0.5,primary,textid=40303,438,P,0,1
446523,94160,SOCIAL,SO_GIFT_POETRY,收到Y的贈詩、文,directed,,,0.5,primary,textid=40303,438,P,0,1
446556,32227,SOCIAL,SO_GIFT_POETRY,收到Y的贈詩、文,directed,,,0.5,primary,textid=40303,438,P,0,1
446556,32248,SOCIAL,SO_GIFT_POETRY,收到Y的贈詩、文,directed,,,0.5,primary,textid=40303,438,P,0,1
446556,92047,SOCIAL,SO_GIFT_POETRY,收到Y的贈詩、文,directed,,,0.5,primary,textid=40303,438,P,0,1
446556,94160,SOCIAL,SO_GIFT_POETRY,收到Y的贈詩、文,directed,,,0.5,primary,textid=40303,438,P,0,1
446579,21194,SOCIAL,SO_GIFT_POETRY,收到Y的贈詩、文,directed,,,0.5,primary,textid=40303,438,P,0,1
446579,32227,SOCIAL,SO_GIFT_POETRY,收到Y的贈詩、文,directed,,,0.5,primary,textid=40303,438,P,0,1
446647,3915,SOCIAL,SO_GIFT_POETRY,收到Y的贈詩、文,directed,,,0.5,primary,textid=40303,438,P,0,1
446647,32583,SOCIAL,SO_GIFT_POETRY,收到Y的贈詩、文,directed,,,0.5,primary,textid=40303,438,P,0,1
446647,33566,SOCIAL,SO_GIFT_POETRY,收到Y的贈詩、文,directed,,,0.5,primary,textid=40303,438,P,0,1
446647,92035,SOCIAL,SO_GIFT_POETRY,收到Y的贈詩、文,directed,,,0.5,primary,textid=40303,438,P,0,1
446659,3915,SOCIAL,SO_GIFT_POETRY,收到Y的贈詩、文,directed,,,0.5,primary,textid=40303,438,P,1,1
446659,30851,SOCIAL,SO_GIFT_POETRY,收到Y的贈詩、文,directed,,,0.5,primary,textid=40303,438,P,0,1
446659,32540,SOCIAL,SO_GIFT_POETRY,收到Y的贈詩、文,directed,,,0.5,primary,textid=40303,438,P,1,1
446659,92035,SOCIAL,SO_GIFT_POETRY,收到Y的贈詩、文,directed,,,0.5,primary,textid=40303,438,P,0,1
446704,3332,SOCIAL,SO_GIFT_POETRY,收到Y的贈詩、文,directed,,,0.5,primary,textid=40303,438,P,0,1
446704,13575,SOCIAL,SO_GIFT_POETRY,收到Y的贈詩、文,directed,,,0.5,primary,textid=40303,438,P,1,1
446704,21194,SOCIAL,SO_GIFT_POETRY,收到Y的贈詩、文,directed,,,0.5,primary,textid=40303,438,P,0,1
446704,32227,SOCIAL,SO_GIFT_POETRY,收到Y的贈詩、文,directed,,,0.5,primary,textid=40303,438,P,0,1
446704,32248,SOCIAL,SO_GIFT_POETRY,收到Y的贈詩、文,directed,,,0.5,primary,textid=40303,438,P,0,1
446704,33606,SOCIAL,SO_GIFT_POETRY,收到Y的贈詩、文,directed,,,0.5,primary,textid=40303,438,P,0,1
446711,3605,SOCIAL,SO_GIFT_POETRY,收到Y的贈詩、文,directed,,,0.5,primary,textid=40303,438,P,0,1
446711,32227,SOCIAL,SO_GIFT_POETRY,收到Y的贈詩、文,directed,,,0.5,primary,textid=40303,438,P,0,1
446733,32227,SOCIAL,SO_GIFT_POETRY,收到Y的贈詩、文,directed,,,0.5,primary,textid=40303,438,P,0,1
446733,33606,SOCIAL,SO_GIFT_POETRY,收到Y的贈詩、文,directed,,,0.5,primary,textid=40303,438,P,0,1
446733,92743,SOCIAL,SO_GIFT_POETRY,收到Y的贈詩、文,directed,,,0.5,primary,textid=40303,438,P,0,1
446753,32248,SOCIAL,SO_GIFT_POETRY,收到Y的贈詩、文,directed,,,0.5,primary,textid=40303,438,P,0,1
446753,32980,SOCIAL,SO_GIFT_POETRY,收到Y的贈詩、文,directed,,,0.5,primary,textid=40303,438,P,0,1
446768,19241,SOCIAL,SO_GIFT_POETRY,收到Y的贈詩、文,directed,,,0.5,primary,textid=40303,438,P,0,1
446768,32174,SOCIAL,SO_GIFT_POETRY,收到Y的贈詩、文,directed,,,0.5,primary,textid=40303,438,P,0,1
446768,32540,LITERARY,LI_LETTER,被致書由Y,directed,,,0.4,primary,textid=25640,430,P,0,1
446768,32540,SOCIAL,SO_GIFT_POETRY,收到Y的贈詩、文,directed,,,0.5,primary,textid=40303,438,P,0,1
446768,33566,SOCIAL,SO_GIFT_POETRY,收到Y的贈詩、文,directed,,,0.5,primary,textid=40303,438,P,0,1
446786,13624,SOCIAL,SO_GIFT_POETRY,收到Y的贈詩、文,directed,,,0.5,primary,textid=40303,438,P,0,1
446786,33566,SOCIAL,SO_GIFT_POETRY,收到Y的贈詩、文,directed,,,0.5,primary,textid=40303,438,P,0,1
446797,13575,SOCIAL,SO_GIFT_POETRY,收到Y的贈詩、文,directed,,,0.5,primary,textid=40303,438,P,0,1
446797,32227,SOCIAL,SO_GIFT_POETRY,收到Y的贈詩、文,directed,,,0.5,primary,textid=40303,438,P,0,1
446797,92047,SOCIAL,SO_GIFT_POETRY,收到Y的贈詩、文,directed,,,0.5,primary,textid=40303,438,P,0,1
446797,92147,SOCIAL,SO_GIFT_POETRY,收到Y的贈詩、文,directed,,,0.5,primary,textid=40303,438,P,0,1
446797,94160,SOCIAL,SO_GIFT_POETRY,收到Y的贈詩、文,directed,,,0.5,primary,textid=40303,438,P,0,1
446797,94227,SOCIAL,SO_GIFT_POETRY,收到Y的贈詩、文,directed,,,0.5,primary,textid=40303,438,P,0,1
446797,94864,SOCIAL,SO_GIFT_POETRY,收到Y的贈詩、文,directed,,,0.5,primary,textid=40303,438,P,0,1
446797,447419,SOCIAL,SO_GIFT_POETRY,收到Y的贈詩、文,directed,,,0.5,primary,textid=40303,438,P,0,1
446811,32227,LITERARY,LI_EULOGY,祭文由Y所作,directed,,,0.4,inferred,,146,P,0,1
446811,32227,SOCIAL,SO_GIFT_POETRY,收到Y的贈詩、文,directed,,,0.5,primary,textid=40303,438,P,0,1
446811,447567,SOCIAL,SO_GIFT_POETRY,收到Y的贈詩、文,directed,,,0.5,primary,textid=40303,438,P,0,1
446812,24412,SOCIAL,SO_GIFT_POETRY,收到Y的贈詩、文,directed,,,0.5,primary,textid=40303,438,P,0,1
446812,94160,SOCIAL,SO_GIFT_POETRY,收到Y的贈詩、文,directed,,,0.5,primary,textid=40303,438,P,0,1
446820,92147,SOCIAL,SO_GIFT_POETRY,收到Y的贈詩、文,directed,,,0.5,primary,textid=40303,438,P,0,1
446820,93785,SOCIAL,SO_GIFT_POETRY,收到Y的贈詩、文,directed,,,0.5,primary,textid=40303,438,P,0,1
446821,32174,SOCIAL,SO_GIFT_POETRY,收到Y的贈詩、文,directed,,,0.5,primary,textid=40303,438,P,0,1
446821,32583,SOCIAL,SO_GIFT_POETRY,收到Y的贈詩、文,directed,,,0.5,primary,textid=40303,438,P,0,1
446821,33566,SOCIAL,SO_GIFT_POETRY,收到Y的贈詩、文,directed,,,0.5,primary,textid=40303,438,P,0,1
446859,3915,SOCIAL,SO_GIFT_POETRY,收到Y的贈詩、文,directed,,,0.5,primary,textid=40303,438,P,0,1
446859,19244,SOCIAL,SO_GIFT_POETRY,收到Y的贈詩、文,directed,,,0.5,primary,textid=40303,438,P,1,1
446859,31275,SOCIAL,SO_GIFT_POETRY,收到Y的贈詩、文,directed,,,0.5,primary,textid=40303,438,P,0,1
446859,31407,SOCIAL,SO_GIFT_POETRY,收到Y的贈詩、文,directed,,,0.5,primary,textid=40303,438,P,1,1
446872,13575,SOCIAL,SO_GIFT_POETRY,收到Y的贈詩、文,directed,,,0.5,primary,textid=40303,438,P,1,1
446872,15161,SOCIAL,SO_GIFT_POETRY,收到Y的贈詩、文,directed,,,0.5,primary,textid=40303,438,P,1,1
446875,34916,SOCIAL,SO_GIFT_POETRY,收到Y的贈詩、文,directed,,,0.5,primary,textid=40303,438,P,0,1
446875,92743,SOCIAL,SO_GIFT_POETRY,收到Y的贈詩、文,directed,,,0.5,primary,textid=40303,438,P,0,1
446880,32174,SOCIAL,SO_GIFT_POETRY,收到Y的贈詩、文,directed,,,0.5,primary,textid=40303,438,P,1,1
446880,447419,SOCIAL,SO_GIFT_POETRY,收到Y的贈詩、文,directed,,,0.5,primary,textid=40303,438,P,1,1
446959,15161,SOCIAL,SO_GIFT_POETRY,收到Y的贈詩、文,directed,,,0.5,primary,textid=40303,438,P,0,1
446959,92743,SOCIAL,SO_GIFT_POETRY,收到Y的贈詩、文,directed,,,0.5,primary,textid=40303,438,P,0,1
446976,32917,SOCIAL,SO_GIFT_POETRY,收到Y的贈詩、文,directed,,,0.5,primary,textid=40303,438,P,0,1
446976,33566,SOCIAL,SO_GIFT_POETRY,收到Y的贈詩、文,directed,,,0.5,primary,textid=40303,438,P,0,1
446976,33859,SOCIAL,SO_GIFT_POETRY,收到Y的贈詩、文,directed,,,0.5,primary,textid=40303,438,P,0,1
446976,94271,SOCIAL,SO_GIFT_POETRY,收到Y的贈詩、文,directed,,,0.5,primary,textid=40303,438,P,0,1
446976,94595,SOCIAL,SO_GIFT_POETRY,收到Y的贈詩、文,directed,,,0.5,primary,textid=40303,438,P,0,1
446976,95025,SOCIAL,SO_GIFT_POETRY,收到Y的贈詩、文,directed,,,0.5,primary,textid=40303,438,P,1,1
446982,32169,SOCIAL,SO_GIFT_POETRY,收到Y的贈詩、文,directed,,,0.5,primary,textid=40303,438,P,1,1
447047,32540,COLLEAGUE,CL_RECOMMEND,被Y推薦,directed,742,,0.7,primary,textid=25640,14,P,1,1
447047,32540,SOCIAL,SO_GIFT_POETRY,收到Y的贈詩、文,directed,,,0.5,primary,textid=40303,438,P,0,1
447047,32822,SOCIAL,SO_GIFT_POETRY,收到Y的贈詩、文,directed,,,0.5,primary,textid=40303,438,P,1,1
447047,95025,SOCIAL,SO_GIFT_POETRY,收到Y的贈詩、文,directed,,,0.5,primary,textid=40303,438,P,1,1
447110,32540,SOCIAL,SO_GIFT_POETRY,收到Y的贈詩、文,directed,,,0.5,primary,textid=40303,438,P,1,1
447110,33753,SOCIAL,SO_GIFT_POETRY,收到Y的贈詩、文,directed,,,0.5,primary,textid=40303,438,P,1,1
447110,34916,SOCIAL,SO_GIFT_POETRY,收到Y的贈詩、文,directed,,,0.5,primary,textid=40303,438,P,1,1
447124,32169,SOCIAL,SO_GIFT_POETRY,收到Y的贈詩、文,directed,,,0.5,primary,textid=40303,438,P,1,1
447143,32169,SOCIAL,SO_GIFT_POETRY,收到Y的贈詩、文,directed,,,0.5,primary,textid=40303,438,P,1,1
447143,33566,SOCIAL,SO_GIFT_POETRY,收到Y的贈詩、文,directed,,,0.5,primary,textid=40303,438,P,0,1
447143,94271,SOCIAL,SO_GIFT_POETRY,收到Y的贈詩、文,directed,,,0.5,primary,textid=40303,438,P,0,1
447149,32169,SOCIAL,SO_GIFT_POETRY,收到Y的贈詩、文,directed,,,0.5,primary,textid=40303,438,P,0,1
447201,32227,SOCIAL,SO_GIFT_POETRY,收到Y的贈詩、文,directed,,,0.5,primary,textid=40303,438,P,1,1
447201,32540,SOCIAL,SO_GIFT_POETRY,收到Y的贈詩、文,directed,,,0.5,primary,textid=40303,438,P,1,1
447201,33649,SOCIAL,SO_GIFT_POETRY,收到Y的贈詩、文,directed,,,0.5,primary,textid=40303,438,P,1,1
447201,94227,SOCIAL,SO_GIFT_POETRY,收到Y的贈詩、文,directed,,,0.5,primary,textid=40303,438,P,1,1
447201,195105,SOCIAL,SO_GIFT_POETRY,收到Y的贈詩、文,directed,,,0.5,primary,textid=40303,438,P,1,1
447201,447567,SOCIAL,SO_GIFT_POETRY,收到Y的贈詩、文,directed,,,0.5,primary,textid=40303,438,P,1,1
447201,448874,SOCIAL,SO_GIFT_POETRY,收到Y的贈詩、文,directed,,,0.5,primary,textid=40303,438,P,0,1
447213,15161,SOCIAL,SO_GIFT_POETRY,收到Y的贈詩、文,directed,,,0.5,primary,textid=40303,438,P,1,1
447213,17029,SOCIAL,SO_GIFT_POETRY,收到Y的贈詩、文,directed,,,0.5,primary,textid=40303,438,P,0,1
447213,32227,SOCIAL,SO_GIFT_POETRY,收到Y的贈詩、文,directed,,,0.5,primary,textid=40303,438,P,1,1
447213,32248,SOCIAL,SO_GIFT_POETRY,收到Y的贈詩、文,directed,,,0.5,primary,textid=40303,438,P,1,1
447213,94864,SOCIAL,SO_GIFT_POETRY,收到Y的贈詩、文,directed,,,0.5,primary,textid=40303,438,P,0,1
447260,32169,SOCIAL,SO_GIFT_POETRY,收到Y的贈詩、文,directed,,,0.5,primary,textid=40303,438,P,1,1
447292,19242,SOCIAL,SO_GIFT_POETRY,贈詩、文,directed,,,0.5,primary,textid=40303,437,A,0,1
447292,19242,KIN,K_PARENT,父,directed,,,1.0,primary,textid=40303,75,KIN,1,1
447292,31321,SOCIAL,SO_GIFT_POETRY,贈詩、文,directed,,,0.5,primary,textid=40303,437,A,0,1
447292,31542,SOCIAL,SO_GIFT_POETRY,贈詩、文,directed,,,0.5,primary,textid=40303,437,A,0,1
447292,31552,SOCIAL,SO_GIFT_POETRY,贈詩、文,directed,,,0.5,primary,textid=40303,437,A,0,1
447292,31631,SOCIAL,SO_GIFT_POETRY,贈詩、文,directed,,,0.5,primary,textid=40303,437,A,0,1
447292,31640,SOCIAL,SO_GIFT_POETRY,贈詩、文,directed,,,0.5,primary,textid=40303,437,A,0,1
447292,92999,SOCIAL,SO_GIFT_POETRY,贈詩、文,directed,,,0.5,primary,textid=40303,437,A,0,1
447292,94500,SOCIAL,SO_GIFT_POETRY,贈詩、文,directed,,,0.5,primary,textid=40303,437,A,0,1
447292,173383,SOCIAL,SO_GIFT_POETRY,贈詩、文,directed,,,0.5,primary,textid=40303,437,A,0,1
447292,174518,SOCIAL,SO_GIFT_POETRY,贈詩、文,directed,,,0.5,primary,textid=40303,437,A,0,1
447292,179808,SOCIAL,SO_GIFT_POETRY,贈詩、文,directed,,,0.5,primary,textid=40303,437,A,0,1
447292,379430,SOCIAL,SO_GIFT_POETRY,贈詩、文,directed,,,0.5,primary,textid=40303,437,A,0,1
447292,444817,KIN,K_PARENT,母,directed,,,1.0,primary,舊唐書,111,KIN,0,0
447292,449754,SOCIAL,SO_GIFT_POETRY,贈詩、文,directed,,,0.5,primary,textid=40303,437,A,0,1
447332,11605,SOCIAL,SO_GIFT_POETRY,收到Y的贈詩、文,directed,,,0.5,primary,textid=40303,438,P,0,1
447332,32198,SOCIAL,SO_GIFT_POETRY,收到Y的贈詩、文,directed,,,0.5,primary,textid=40303,438,P,0,1
447346,32227,SOCIAL,SO_GIFT_POETRY,收到Y的贈詩、文,directed,,,0.5,primary,textid=40303,438,P,0,1
447346,33606,SOCIAL,SO_GIFT_POETRY,收到Y的贈詩、文,directed,,,0.5,primary,textid=40303,438,P,0,1
447346,94227,SOCIAL,SO_GIFT_POETRY,收到Y的贈詩、文,directed,,,0.5,primary,textid=40303,438,P,0,1
447346,447567,SOCIAL,SO_GIFT_POETRY,收到Y的贈詩、文,directed,,,0.5,primary,textid=40303,438,P,0,1
447419,33158,SOCIAL,SO_GIFT_POETRY,贈詩、文,directed,,,0.5,primary,textid=40303,437,A,1,1
447419,36130,SOCIAL,SO_GIFT_POETRY,收到Y的贈詩、文,directed,,,0.5,primary,textid=40303,438,P,1,0
447419,91973,SOCIAL,SO_GIFT_POETRY,贈詩、文,directed,,,0.5,primary,textid=40303,437,A,0,1
447419,92147,SOCIAL,SO_GIFT_POETRY,收到Y的贈詩、文,directed,,,0.5,primary,textid=40303,438,P,1,0
447419,92533,SOCIAL,SO_GIFT_POETRY,贈詩、文,directed,,,0.5,primary,textid=40303,437,A,0,1
447419,93088,SOCIAL,SO_GIFT_POETRY,贈詩、文,directed,,,0.5,primary,textid=40303,437,A,1,1
447419,94227,SOCIAL,SO_GIFT_POETRY,收到Y的贈詩、文,directed,,,0.5,primary,textid=40303,438,P,1,0
447419,94740,SOCIAL,SO_GIFT_POETRY,贈詩、文,directed,,,0.5,primary,textid=40303,437,A,1,1
447419,445800,SOCIAL,SO_GIFT_POETRY,贈詩、文,directed,,,0.5,primary,textid=40303,437,A,1,1
447419,446797,SOCIAL,SO_GIFT_POETRY,贈詩、文,directed,,,0.5,primary,textid=40303,437,A,1,1
447419,446880,SOCIAL,SO_GIFT_POETRY,贈詩、文,directed,,,0.5,primary,textid=40303,437,A,0,1
447419,447532,SOCIAL,SO_GIFT_POETRY,贈詩、文,directed,,,0.5,primary,textid=40303,437,A,1,1
447419,447719,SOCIAL,SO_GIFT_POETRY,贈詩、文,directed,,,0.5,primary,textid=40303,437,A,1,1
447419,448287,SOCIAL,SO_GIFT_POETRY,贈詩、文,directed,,,0.5,primary,textid=40303,437,A,1,1
447419,448891,SOCIAL,SO_GIFT_POETRY,贈詩、文,directed,,,0.5,primary,textid=40303,437,A,1,1
447419,449450,SOCIAL,SO_GIFT_POETRY,贈詩、文,directed,,,0.5,primary,textid=40303,437,A,1,1
447419,449624,SOCIAL,SO_GIFT_POETRY,贈詩、文,directed,,,0.5,primary,textid=40303,437,A,0,1
447419,449924,SOCIAL,SO_GIFT_POETRY,贈詩、文,directed,,,0.5,primary,textid=40303,437,A,1,1
447465,32583,SOCIAL,SO_GIFT_POETRY,收到Y的贈詩、文,directed,,,0.5,primary,textid=40303,438,P,0,1
447465,94271,SOCIAL,SO_GIFT_POETRY,收到Y的贈詩、文,directed,,,0.5,primary,textid=40303,438,P,0,1
447478,13575,SOCIAL,SO_GIFT_POETRY,收到Y的贈詩、文,directed,,,0.5,primary,textid=40303,438,P,0,1
447478,30851,SOCIAL,SO_GIFT_POETRY,收到Y的贈詩、文,directed,,,0.5,primary,textid=40303,438,P,0,1
447485,15161,SOCIAL,SO_GIFT_POETRY,收到Y的贈詩、文,directed,,,0.5,primary,textid=40303,438,P,0,1
447485,21194,SOCIAL,SO_GIFT_POETRY,收到Y的贈詩、文,directed,,,0.5,primary,textid=40303,438,P,0,1
447485,32227,SOCIAL,SO_GIFT_POETRY,收到Y的贈詩、文,directed,,,0.5,primary,textid=40303,438,P,0,1
447485,33606,SOCIAL,SO_GIFT_POETRY,收到Y的贈詩、文,directed,,,0.5,primary,textid=40303,438,P,0,1
447485,92982,SOCIAL,SO_GIFT_POETRY,收到Y的贈詩、文,directed,,,0.5,primary,textid=40303,438,P,0,1
447489,21194,SOCIAL,SO_GIFT_POETRY,收到Y的贈詩、文,directed,,,0.5,primary,textid=40303,438,P,0,1
447489,32227,SOCIAL,SO_GIFT_POETRY,收到Y的贈詩、文,directed,,,0.5,primary,textid=40303,438,P,0,1
447504,33649,SOCIAL,SO_GIFT_POETRY,收到Y的贈詩、文,directed,,,0.5,primary,textid=40303,438,P,0,1
447504,93832,SOCIAL,SO_GIFT_POETRY,收到Y的贈詩、文,directed,,,0.5,primary,textid=40303,438,P,0,1
447532,92673,SOCIAL,SO_GIFT_POETRY,收到Y的贈詩、文,directed,,,0.5,primary,textid=40303,438,P,0,1
447532,94183,SOCIAL,SO_GIFT_POETRY,收到Y的贈詩、文,directed,,,0.5,primary,textid=40303,438,P,0,1
447532,447419,SOCIAL,SO_GIFT_POETRY,收到Y的贈詩、文,directed,,,0.5,primary,textid=40303,438,P,0,1
447532,447567,SOCIAL,SO_GIFT_POETRY,收到Y的贈詩、文,directed,,,0.5,primary,textid=40303,438,P,0,1
447535,13575,SOCIAL,SO_GIFT_POETRY,收到Y的贈詩、文,directed,,,0.5,primary,textid=40303,438,P,0,1
447535,92147,SOCIAL,SO_GIFT_POETRY,收到Y的贈詩、文,directed,,,0.5,primary,textid=40303,438,P,0,1
447535,93080,SOCIAL,SO_GIFT_POETRY,收到Y的贈詩、文,directed,,,0.5,primary,textid=40303,438,P,0,1
447535,94227,SOCIAL,SO_GIFT_POETRY,收到Y的贈詩、文,directed,,,0.5,primary,textid=40303,438,P,0,1
447541,3702,SOCIAL,SO_GIFT_POETRY,收到Y的贈詩、文,directed,,,0.5,primary,textid=40303,438,P,0,1
447541,15161,SOCIAL,SO_GIFT_POETRY,收到Y的贈詩、文,directed,,,0.5,primary,textid=40303,438,P,0,1
447541,33753,SOCIAL,SO_GIFT_POETRY,收到Y的贈詩、文,directed,,,0.5,primary,textid=40303,438,P,0,1
447541,93952,SOCIAL,SO_GIFT_POETRY,收到Y的贈詩、文,directed,,,0.5,primary,textid=40303,438,P,0,1
447541,95025,SOCIAL,SO_GIFT_POETRY,收到Y的贈詩、文,directed,,,0.5,primary,textid=40303,438,P,0,1
447567,15161,SOCIAL,SO_GIFT_POETRY,收到Y的贈詩、文,directed,,,0.5,primary,textid=40303,438,P,1,0
447567,15353,SOCIAL,SO_GIFT_POETRY,贈詩、文,directed,,,0.5,primary,textid=40303,437,A,1,1
447567,21751,SOCIAL,SO_GIFT_POETRY,收到Y的贈詩、文,directed,,,0.5,primary,textid=40303,438,P,0,0
447567,32746,SOCIAL,SO_GIFT_POETRY,贈詩、文,directed,,,0.5,primary,textid=40303,437,A,1,1
447567,32985,SOCIAL,SO_GIFT_POETRY,收到Y的贈詩、文,directed,,,0.5,primary,textid=40303,438,P,1,0
447567,33606,SOCIAL,SO_GIFT_POETRY,收到Y的贈詩、文,directed,,,0.5,primary,textid=40303,438,P,1,0
447567,92079,SOCIAL,SO_GIFT_POETRY,贈詩、文,directed,,,0.5,primary,textid=40303,437,A,1,1
447567,92196,SOCIAL,SO_GIFT_POETRY,贈詩、文,directed,,,0.5,primary,textid=40303,437,A,0,1
447567,92324,SOCIAL,SO_GIFT_POETRY,贈詩、文,directed,,,0.5,primary,textid=40303,437,A,1,1
447567,93476,SOCIAL,SO_GIFT_POETRY,贈詩、文,directed,,,0.5,primary,textid=40303,437,A,0,1
447567,94018,SOCIAL,SO_GIFT_POETRY,贈詩、文,directed,,,0.5,primary,textid=40303,437,A,1,1
447567,94941,SOCIAL,SO_GIFT_POETRY,贈詩、文,directed,,,0.5,primary,textid=40303,437,A,1,1
447567,187089,SOCIAL,SO_GIFT_POETRY,贈詩、文,directed,,,0.5,primary,textid=40303,437,A,1,1
447567,188499,SOCIAL,SO_GIFT_POETRY,贈詩、文,directed,,,0.5,primary,textid=40303,437,A,1,1
447567,381933,SOCIAL,SO_GIFT_POETRY,贈詩、文,directed,,,0.5,primary,textid=40303,437,A,1,1
447567,445676,SOCIAL,SO_GIFT_POETRY,贈詩、文,directed,,,0.5,primary,textid=40303,437,A,1,1
447567,446811,SOCIAL,SO_GIFT_POETRY,贈詩、文,directed,,,0.5,primary,textid=40303,437,A,1,1
447567,447201,SOCIAL,SO_GIFT_POETRY,贈詩、文,directed,,,0.5,primary,textid=40303,437,A,0,1
447567,447346,SOCIAL,SO_GIFT_POETRY,贈詩、文,directed,,,0.5,primary,textid=40303,437,A,1,1
447567,447532,SOCIAL,SO_GIFT_POETRY,贈詩、文,directed,,,0.5,primary,textid=40303,437,A,1,1
447567,447734,SOCIAL,SO_GIFT_POETRY,贈詩、文,directed,,,0.5,primary,textid=40303,437,A,1,1
447567,447803,SOCIAL,SO_GIFT_POETRY,贈詩、文,directed,,,0.5,primary,textid=40303,437,A,1,1
447567,448162,SOCIAL,SO_GIFT_POETRY,贈詩、文,directed,,,0.5,primary,textid=40303,437,A,1,1
447567,448287,SOCIAL,SO_GIFT_POETRY,贈詩、文,directed,,,0.5,primary,textid=40303,437,A,1,1
447567,448861,SOCIAL,SO_GIFT_POETRY,贈詩、文,directed,,,0.5,primary,textid=40303,437,A,1,1
447567,448972,SOCIAL,SO_GIFT_POETRY,贈詩、文,directed,,,0.5,primary,textid=40303,437,A,1,1
447567,450035,SOCIAL,SO_GIFT_POETRY,贈詩、文,directed,,,0.5,primary,textid=40303,437,A,1,1
447581,188616,SOCIAL,SO_GIFT_POETRY,收到Y的贈詩、文,directed,,,0.5,primary,textid=40303,438,P,1,1
447594,13624,SOCIAL,SO_GIFT_POETRY,收到Y的贈詩、文,directed,,,0.5,primary,textid=40303,438,P,0,1
447594,33606,SOCIAL,SO_GIFT_POETRY,收到Y的贈詩、文,directed,,,0.5,primary,textid=40303,438,P,0,1
447631,31560,SOCIAL,SO_GIFT_POETRY,收到Y的贈詩、文,directed,,,0.5,primary,textid=40303,438,P,0,1
447631,31575,SOCIAL,SO_GIFT_POETRY,收到Y的贈詩、文,directed,,,0.5,primary,textid=40303,438,P,0,1
447701,21194,SOCIAL,SO_GIFT_POETRY,收到Y的贈詩、文,directed,,,0.5,primary,textid=40303,438,P,0,1
447701,24412,SOCIAL,SO_GIFT_POETRY,收到Y的贈詩、文,directed,,,0.5,primary,textid=40303,438,P,0,1
447701,94160,SOCIAL,SO_GIFT_POETRY,收到Y的贈詩、文,directed,,,0.5,primary,textid=40303,438,P,0,1
447719,15161,SOCIAL,SO_GIFT_POETRY,收到Y的贈詩、文,directed,,,0.5,primary,textid=40303,438,P,0,1
447719,33649,SOCIAL,SO_GIFT_POETRY,收到Y的贈詩、文,directed,,,0.5,primary,textid=40303,438,P,0,1
447719,447419,SOCIAL,SO_GIFT_POETRY,收到Y的贈詩、文,directed,,,0.5,primary,textid=40303,438,P,0,1
447721,21194,SOCIAL,SO_GIFT_POETRY,收到Y的贈詩、文,directed,,,0.5,primary,textid=40303,438,P,0,1
447721,24412,SOCIAL,SO_GIFT_POETRY,收到Y的贈詩、文,directed,,,0.5,primary,textid=40303,438,P,0,1
447721,94160,SOCIAL,SO_GIFT_POETRY,收到Y的贈詩、文,directed,,,0.5,primary,textid=40303,438,P,0,1
447722,92743,SOCIAL,SO_GIFT_POETRY,收到Y的贈詩、文,directed,,,0.5,primary,textid=40303,438,P,0,1
447722,93952,SOCIAL,SO_GIFT_POETRY,收到Y的贈詩、文,directed,,,0.5,primary,textid=40303,438,P,0,1
447728,32169,SOCIAL,SO_GIFT_POETRY,收到Y的贈詩、文,directed,,,0.5,primary,textid=40303,438,P,0,1
447734,92743,SOCIAL,SO_GIFT_POETRY,收到Y的贈詩、文,directed,,,0.5,primary,textid=40303,438,P,0,1
447734,447567,SOCIAL,SO_GIFT_POETRY,收到Y的贈詩、文,directed,,,0.5,primary,textid=40303,438,P,0,1
447735,3332,SOCIAL,SO_GIFT_POETRY,收到Y的贈詩、文,directed,,,0.5,primary,textid=40303,438,P,0,1
447735,13575,SOCIAL,SO_GIFT_POETRY,收到Y的贈詩、文,directed,,,0.5,primary,textid=40303,438,P,0,1
447735,13624,SOCIAL,SO_GIFT_POETRY,收到Y的贈詩、文,directed,,,0.5,primary,textid=40303,438,P,0,1
447735,24654,SOCIAL,SO_GIFT_POETRY,收到Y的贈詩、文,directed,,,0.5,primary,textid=40303,438,P,0,1
447735,32248,SOCIAL,SO_GIFT_POETRY,收到Y的贈詩、文,directed,,,0.5,primary,textid=40303,438,P,0,1
447735,92516,SOCIAL,SO_GIFT_POETRY,收到Y的贈詩、文,directed,,,0.5,primary,textid=40303,438,P,0,1
447753,13624,SOCIAL,SO_GIFT_POETRY,收到Y的贈詩、文,directed,,,0.5,primary,textid=40303,438,P,0,1
447753,92982,SOCIAL,SO_GIFT_POETRY,收到Y的贈詩、文,directed,,,0.5,primary,textid=40303,438,P,0,1
447783,32054,SOCIAL,SO_GIFT_POETRY,收到Y的贈詩、文,directed,,,0.5,primary,textid=40303,438,P,1,1
447783,32207,SOCIAL,SO_GIFT_POETRY,收到Y的贈詩、文,directed,,,0.5,primary,textid=40303,438,P,0,1
447803,93785,SOCIAL,SO_GIFT_POETRY,收到Y的贈詩、文,directed,,,0.5,primary,textid=40303,438,P,0,1
447803,93803,SOCIAL,SO_GIFT_POETRY,收到Y的贈詩、文,directed,,,0.5,primary,textid=40303,438,P,0,1
447803,447567,SOCIAL,SO_GIFT_POETRY,收到Y的贈詩、文,directed,,,0.5,primary,textid=40303,438,P,0,1
447853,3915,SOCIAL,SO_GIFT_POETRY,收到Y的贈詩、文,directed,,,0.5,primary,textid=40303,438,P,0,1
447853,30851,SOCIAL,SO_GIFT_POETRY,收到Y的贈詩、文,directed,,,0.5,primary,textid=40303,438,P,0,1
447853,32822,SOCIAL,SO_GIFT_POETRY,收到Y的贈詩、文,directed,,,0.5,primary,textid=40303,438,P,0,1
447853,32917,SOCIAL,SO_GIFT_POETRY,收到Y的贈詩、文,directed,,,0.5,primary,textid=40303,438,P,0,1
447853,94271,SOCIAL,SO_GIFT_POETRY,收到Y的贈詩、文,directed,,,0.5,primary,textid=40303,438,P,0,1
447857,32917,SOCIAL,SO_GIFT_POETRY,收到Y的贈詩、文,directed,,,0.5,primary,textid=40303,438,P,0,1
447857,33566,SOCIAL,SO_GIFT_POETRY,收到Y的贈詩、文,directed,,,0.5,primary,textid=40303,438,P,0,1
447857,94271,SOCIAL,SO_GIFT_POETRY,收到Y的贈詩、文,directed,,,0.5,primary,textid=40303,438,P,0,1
447867,188616,SOCIAL,SO_GIFT_POETRY,收到Y的贈詩、文,directed,,,0.5,primary,textid=40303,438,P,0,1
447879,32227,SOCIAL,SO_GIFT_POETRY,收到Y的贈詩、文,directed,,,0.5,primary,textid=40303,438,P,0,1
447879,94271,SOCIAL,SO_GIFT_POETRY,收到Y的贈詩、文,directed,,,0.5,primary,textid=40303,438,P,0,1
447879,94595,SOCIAL,SO_GIFT_POETRY,收到Y的贈詩、文,directed,,,0.5,primary,textid=40303,438,P,0,1
447906,32917,SOCIAL,SO_GIFT_POETRY,收到Y的贈詩、文,directed,,,0.5,primary,textid=40303,438,P,0,1
447906,33566,SOCIAL,SO_GIFT_POETRY,收到Y的贈詩、文,directed,,,0.5,primary,textid=40303,438,P,0,1
447906,92982,SOCIAL,SO_GIFT_POETRY,收到Y的贈詩、文,directed,,,0.5,primary,textid=40303,438,P,0,1
447906,94595,SOCIAL,SO_GIFT_POETRY,收到Y的贈詩、文,directed,,,0.5,primary,textid=40303,438,P,0,1
447918,188616,SOCIAL,SO_GIFT_POETRY,收到Y的贈詩、文,directed,,,0.5,primary,textid=40303,438,P,0,1
447952,24412,SOCIAL,SO_GIFT_POETRY,收到Y的贈詩、文,directed,,,0.5,primary,textid=40303,438,P,0,1
447952,92743,SOCIAL,SO_GIFT_POETRY,收到Y的贈詩、文,directed,,,0.5,primary,textid=40303,438,P,0,1
447993,32534,KIN,K_UNCLE_AUNT,從父;伯叔父,directed,,,0.7,primary,歷代名畫記,79,KIN,0,1
447993,33566,SOCIAL,SO_GIFT_POETRY,收到Y的贈詩、文,directed,,,0.5,primary,textid=40303,438,P,0,1
448009,92743,SOCIAL,SO_GIFT_POETRY,收到Y的贈詩、文,directed,,,0.5,primary,textid=40303,438,P,0,1
448009,94227,SOCIAL,SO_GIFT_POETRY,收到Y的贈詩、文,directed,,,0.5,primary,textid=40303,438,P,0,1
448009,95071,SOCIAL,SO_GIFT_POETRY,收到Y的贈詩、文,directed,,,0.5,primary,textid=40303,438,P,0,1
448033,21194,SOCIAL,SO_GIFT_POETRY,收到Y的贈詩、文,directed,,,0.5,primary,textid=40303,438,P,0,1
448033,32054,SOCIAL,SO_GIFT_POETRY,收到Y的贈詩、文,directed,,,0.5,primary,textid=40303,438,P,0,1
448033,32227,SOCIAL,SO_GIFT_POETRY,收到Y的贈詩、文,directed,,,0.5,primary,textid=40303,438,P,0,1
448033,33606,SOCIAL,SO_GIFT_POETRY,收到Y的贈詩、文,directed,,,0.5,primary,textid=40303,438,P,0,1
448069,30851,SOCIAL,SO_GIFT_POETRY,收到Y的贈詩、文,directed,,,0.5,primary,textid=40303,438,P,0,1
448069,32583,SOCIAL,SO_GIFT_POETRY,收到Y的贈詩、文,directed,,,0.5,primary,textid=40303,438,P,0,1
448069,94271,SOCIAL,SO_GIFT_POETRY,收到Y的贈詩、文,directed,,,0.5,primary,textid=40303,438,P,0,1
448124,32207,SOCIAL,SO_GIFT_POETRY,收到Y的贈詩、文,directed,,,0.5,primary,textid=40303,438,P,1,1
448162,3702,SOCIAL,SO_GIFT_POETRY,收到Y的贈詩、文,directed,,,0.5,primary,textid=40303,438,P,0,1
448162,447567,SOCIAL,SO_GIFT_POETRY,收到Y的贈詩、文,directed,,,0.5,primary,textid=40303,438,P,0,1
448187,3605,SOCIAL,SO_GIFT_POETRY,收到Y的贈詩、文,directed,,,0.5,primary,textid=40303,438,P,0,1
448187,32227,SOCIAL,SO_GIFT_POETRY,收到Y的贈詩、文,directed,,,0.5,primary,textid=40303,438,P,0,1
448187,32248,SOCIAL,SO_GIFT_POETRY,收到Y的贈詩、文,directed,,,0.5,primary,textid=40303,438,P,0,1
448187,33606,SOCIAL,SO_GIFT_POETRY,收到Y的贈詩、文,directed,,,0.5,primary,textid=40303,438,P,0,1
448187,92516,SOCIAL,SO_GIFT_POETRY,收到Y的贈詩、文,directed,,,0.5,primary,textid=40303,438,P,0,1
448189,32207,SOCIAL,SO_GIFT_POETRY,收到Y的贈詩、文,directed,,,0.5,primary,textid=40303,438,P,0,1
448191,32207,SOCIAL,SO_GIFT_POETRY,收到Y的贈詩、文,directed,,,0.5,primary,textid=40303,438,P,0,1
448192,32207,SOCIAL,SO_GIFT_POETRY,收到Y的贈詩、文,directed,,,0.5,primary,textid=40303,438,P,1,1
448226,19244,SOCIAL,SO_GIFT_POETRY,收到Y的贈詩、文,directed,,,0.5,primary,textid=40303,438,P,0,1
448226,31560,SOCIAL,SO_GIFT_POETRY,收到Y的贈詩、文,directed,,,0.5,primary,textid=40303,438,P,0,1
448280,13575,SOCIAL,SO_GIFT_POETRY,收到Y的贈詩、文,directed,,,0.5,primary,textid=40303,438,P,0,1
448280,32980,SOCIAL,SO_GIFT_POETRY,收到Y的贈詩、文,directed,,,0.5,primary,textid=40303,438,P,0,1
448280,33606,SOCIAL,SO_GIFT_POETRY,收到Y的贈詩、文,directed,,,0.5,primary,textid=40303,438,P,0,1
448280,93952,SOCIAL,SO_GIFT_POETRY,收到Y的贈詩、文,directed,,,0.5,primary,textid=40303,438,P,0,1
448287,15161,SOCIAL,SO_GIFT_POETRY,收到Y的贈詩、文,directed,,,0.5,primary,textid=40303,438,P,0,1
448287,24412,SOCIAL,SO_GIFT_POETRY,收到Y的贈詩、文,directed,,,0.5,primary,textid=40303,438,P,0,1
448287,33589,SOCIAL,SO_GIFT_POETRY,收到Y的贈詩、文,directed,,,0.5,primary,textid=40303,438,P,0,1
448287,447419,SOCIAL,SO_GIFT_POETRY,收到Y的贈詩、文,directed,,,0.5,primary,textid=40303,438,P,0,1
448287,447567,SOCIAL,SO_GIFT_POETRY,收到Y的贈詩、文,directed,,,0.5,primary,textid=40303,438,P,0,1
448317,3915,SOCIAL,SO_GIFT_POETRY,收到Y的贈詩、文,directed,,,0.5,primary,textid=40303,438,P,0,1
448317,32822,SOCIAL,SO_GIFT_POETRY,收到Y的贈詩、文,directed,,,0.5,primary,textid=40303,438,P,0,1
448363,94412,SOCIAL,SO_GIFT_POETRY,收到Y的贈詩、文,directed,,,0.5,primary,textid=40303,438,P,0,1
448363,94595,SOCIAL,SO_GIFT_POETRY,收到Y的贈詩、文,directed,,,0.5,primary,textid=40303,438,P,0,1
448371,3915,SOCIAL,SO_GIFT_POETRY,收到Y的贈詩、文,directed,,,0.5,primary,textid=40303,438,P,0,1
448371,33566,SOCIAL,SO_GIFT_POETRY,收到Y的贈詩、文,directed,,,0.5,primary,textid=40303,438,P,0,1
448454,19244,KIN,K_CHILD,女兒,directed,,,1.0,primary,textid=40303,176,KIN,0,1
448454,24412,SOCIAL,SO_GIFT_POETRY,收到Y的贈詩、文,directed,,,0.5,primary,textid=40303,438,P,0,1
448463,19244,SOCIAL,SO_GIFT_POETRY,收到Y的贈詩、文,directed,,,0.5,primary,textid=40303,438,P,0,1
448463,93956,SOCIAL,SO_GIFT_POETRY,收到Y的贈詩、文,directed,,,0.5,primary,textid=40303,438,P,0,1
448470,13624,SOCIAL,SO_GIFT_POETRY,收到Y的贈詩、文,directed,,,0.5,primary,textid=40303,438,P,0,1
448470,32227,SOCIAL,SO_GIFT_POETRY,收到Y的贈詩、文,directed,,,0.5,primary,textid=40303,438,P,0,1
448470,33606,SOCIAL,SO_GIFT_POETRY,收到Y的贈詩、文,directed,,,0.5,primary,textid=40303,438,P,0,1
448507,31407,SOCIAL,SO_GIFT_POETRY,收到Y的贈詩、文,directed,,,0.5,primary,textid=40303,438,P,0,1
448507,31560,SOCIAL,SO_GIFT_POETRY,收到Y的贈詩、文,directed,,,0.5,primary,textid=40303,438,P,0,1
448568,13624,SOCIAL,SO_GIFT_POETRY,收到Y的贈詩、文,directed,,,0.5,primary,textid=40303,438,P,0,1
448568,92516,SOCIAL,SO_GIFT_POETRY,收到Y的贈詩、文,directed,,,0.5,primary,textid=40303,438,P,0,1
448620,24412,SOCIAL,SO_GIFT_POETRY,收到Y的贈詩、文,directed,,,0.5,primary,textid=40303,438,P,0,1
448620,33606,SOCIAL,SO_GIFT_POETRY,收到Y的贈詩、文,directed,,,0.5,primary,textid=40303,438,P,0,1
448636,450129,SOCIAL,SO_GIFT_POETRY,收到Y的贈詩、文,directed,,,0.5,primary,textid=40303,438,P,1,1
448663,3915,SOCIAL,SO_GIFT_POETRY,收到Y的贈詩、文,directed,,,0.5,primary,textid=40303,438,P,0,1
448663,94271,SOCIAL,SO_GIFT_POETRY,收到Y的贈詩、文,directed,,,0.5,primary,textid=40303,438,P,0,1
448714,32540,SOCIAL,SO_GIFT_POETRY,收到Y的贈詩、文,directed,,,0.5,primary,textid=40303,438,P,0,1
448714,94271,SOCIAL,SO_GIFT_POETRY,收到Y的贈詩、文,directed,,,0.5,primary,textid=40303,438,P,0,1
448799,13624,SOCIAL,SO_GIFT_POETRY,收到Y的贈詩、文,directed,,,0.5,primary,textid=40303,438,P,0,1
448799,32917,SOCIAL,SO_GIFT_POETRY,收到Y的贈詩、文,directed,,,0.5,primary,textid=40303,438,P,0,1
448799,33566,SOCIAL,SO_GIFT_POETRY,收到Y的贈詩、文,directed,,,0.5,primary,textid=40303,438,P,0,1
448799,94271,SOCIAL,SO_GIFT_POETRY,收到Y的贈詩、文,directed,,,0.5,primary,textid=40303,438,P,0,1
448861,94183,SOCIAL,SO_GIFT_POETRY,收到Y的贈詩、文,directed,,,0.5,primary,textid=40303,438,P,0,1
448861,447567,SOCIAL,SO_GIFT_POETRY,收到Y的贈詩、文,directed,,,0.5,primary,textid=40303,438,P,0,1
448874,33649,SOCIAL,SO_GIFT_POETRY,收到Y的贈詩、文,directed,,,0.5,primary,textid=40303,438,P,1,0
448874,93246,SOCIAL,SO_GIFT_POETRY,收到Y的贈詩、文,directed,,,0.5,primary,textid=40303,438,P,1,0
448874,93541,SOCIAL,SO_GIFT_POETRY,贈詩、文,directed,,,0.5,primary,textid=40303,437,A,1,1
448874,93707,SOCIAL,SO_GIFT_POETRY,贈詩、文,directed,,,0.5,primary,textid=40303,437,A,1,1
448874,94183,SOCIAL,SO_GIFT_POETRY,收到Y的贈詩、文,directed,,,0.5,primary,textid=40303,438,P,1,0
448874,173788,SOCIAL,SO_GIFT_POETRY,贈詩、文,directed,,,0.5,primary,textid=40303,437,A,1,1
448874,177429,SOCIAL,SO_GIFT_POETRY,贈詩、文,directed,,,0.5,primary,textid=40303,437,A,1,1
448874,183943,SOCIAL,SO_GIFT_POETRY,贈詩、文,directed,,,0.5,primary,textid=40303,437,A,1,1
448874,447201,SOCIAL,SO_GIFT_POETRY,贈詩、文,directed,,,0.5,primary,textid=40303,437,A,1,1
448874,449087,SOCIAL,SO_GIFT_POETRY,贈詩、文,directed,,,0.5,primary,textid=40303,437,A,1,1
448874,449088,SOCIAL,SO_GIFT_POETRY,贈詩、文,directed,,,0.5,primary,textid=40303,437,A,1,1
448874,450285,SOCIAL,SO_GIFT_POETRY,贈詩、文,directed,,,0.5,primary,textid=40303,437,A,1,1
448891,24412,SOCIAL,SO_GIFT_POETRY,收到Y的贈詩、文,directed,,,0.5,primary,textid=40303,438,P,0,1
448891,33606,SOCIAL,SO_GIFT_POETRY,收到Y的贈詩、文,directed,,,0.5,primary,textid=40303,438,P,0,1
448891,92673,SOCIAL,SO_GIFT_POETRY,收到Y的贈詩、文,directed,,,0.5,primary,textid=40303,438,P,0,1
448891,94227,SOCIAL,SO_GIFT_POETRY,收到Y的贈詩、文,directed,,,0.5,primary,textid=40303,438,P,0,1
448891,447419,SOCIAL,SO_GIFT_POETRY,收到Y的贈詩、文,directed,,,0.5,primary,textid=40303,438,P,0,1
448894,3130,SOCIAL,SO_GIFT_POETRY,收到Y的贈詩、文,directed,,,0.5,primary,textid=40303,438,P,0,1
448894,19244,SOCIAL,SO_GIFT_POETRY,收到Y的贈詩、文,directed,,,0.5,primary,textid=40303,438,P,1,1
448894,30982,SOCIAL,SO_GIFT_POETRY,收到Y的贈詩、文,directed,,,0.5,primary,textid=40303,438,P,1,1
448894,31407,SOCIAL,SO_GIFT_POETRY,收到Y的贈詩、文,directed,,,0.5,primary,textid=40303,438,P,0,1
448900,24654,SOCIAL,SO_GIFT_POETRY,收到Y的贈詩、文,directed,,,0.5,primary,textid=40303,438,P,0,1
448900,33566,SOCIAL,SO_GIFT_POETRY,收到Y的贈詩、文,directed,,,0.5,primary,textid=40303,438,P,0,1
448912,3915,SOCIAL,SO_GIFT_POETRY,收到Y的贈詩、文,directed,,,0.5,primary,textid=40303,438,P,0,1
448912,32583,SOCIAL,SO_GIFT_POETRY,收到Y的贈詩、文,directed,,,0.5,primary,textid=40303,438,P,0,1
448912,94271,SOCIAL,SO_GIFT_POETRY,收到Y的贈詩、文,directed,,,0.5,primary,textid=40303,438,P,0,1
448946,32174,SOCIAL,SO_GIFT_POETRY,收到Y的贈詩、文,directed,,,0.5,primary,textid=40303,438,P,0,1
448946,32583,SOCIAL,SO_GIFT_POETRY,收到Y的贈詩、文,directed,,,0.5,primary,textid=40303,438,P,0,1
448969,13624,SOCIAL,SO_GIFT_POETRY,收到Y的贈詩、文,directed,,,0.5,primary,textid=40303,438,P,0,1
448969,93952,SOCIAL,SO_GIFT_POETRY,收到Y的贈詩、文,directed,,,0.5,primary,textid=40303,438,P,0,1
448972,24412,SOCIAL,SO_GIFT_POETRY,收到Y的贈詩、文,directed,,,0.5,primary,textid=40303,438,P,0,1
448972,92743,SOCIAL,SO_GIFT_POETRY,收到Y的贈詩、文,directed,,,0.5,primary,textid=40303,438,P,0,1
448972,94227,SOCIAL,SO_GIFT_POETRY,收到Y的贈詩、文,directed,,,0.5,primary,textid=40303,438,P,0,1
448972,447567,SOCIAL,SO_GIFT_POETRY,收到Y的贈詩、文,directed,,,0.5,primary,textid=40303,438,P,0,1
448979,33485,SOCIAL,SO_GIFT_POETRY,收到Y的贈詩、文,directed,,,0.5,primary,textid=40303,438,P,0,1
448979,33606,SOCIAL,SO_GIFT_POETRY,收到Y的贈詩、文,directed,,,0.5,primary,textid=40303,438,P,0,1
448985,13624,SOCIAL,SO_GIFT_POETRY,收到Y的贈詩、文,directed,,,0.5,primary,textid=40303,438,P,0,1
448985,95025,SOCIAL,SO_GIFT_POETRY,收到Y的贈詩、文,directed,,,0.5,primary,textid=40303,438,P,0,1
449024,13624,SOCIAL,SO_GIFT_POETRY,收到Y的贈詩、文,directed,,,0.5,primary,textid=40303,438,P,0,1
449024,32227,SOCIAL,SO_GIFT_POETRY,收到Y的贈詩、文,directed,,,0.5,primary,textid=40303,438,P,0,1
449024,33606,SOCIAL,SO_GIFT_POETRY,收到Y的贈詩、文,directed,,,0.5,primary,textid=40303,438,P,0,1
449046,33566,SOCIAL,SO_GIFT_POETRY,收到Y的贈詩、文,directed,,,0.5,primary,textid=40303,438,P,0,1
449046,93956,SOCIAL,SO_GIFT_POETRY,收到Y的贈詩、文,directed,,,0.5,primary,textid=40303,438,P,0,1
449049,92047,SOCIAL,SO_GIFT_POETRY,收到Y的贈詩、文,directed,,,0.5,primary,textid=40303,438,P,0,1
449049,93785,SOCIAL,SO_GIFT_POETRY,收到Y的贈詩、文,directed,,,0.5,primary,textid=40303,438,P,0,1
449049,94271,SOCIAL,SO_GIFT_POETRY,收到Y的贈詩、文,directed,,,0.5,primary,textid=40303,438,P,0,1
449065,15161,SOCIAL,SO_GIFT_POETRY,收到Y的贈詩、文,directed,,,0.5,primary,textid=40303,438,P,1,1
449065,92743,SOCIAL,SO_GIFT_POETRY,收到Y的贈詩、文,directed,,,0.5,primary,textid=40303,438,P,0,1
449084,93785,SOCIAL,SO_GIFT_POETRY,收到Y的贈詩、文,directed,,,0.5,primary,textid=40303,438,P,0,1
449084,95025,SOCIAL,SO_GIFT_POETRY,收到Y的贈詩、文,directed,,,0.5,primary,textid=40303,438,P,1,1
449087,94183,SOCIAL,SO_GIFT_POETRY,收到Y的贈詩、文,directed,,,0.5,primary,textid=40303,438,P,0,1
449087,94717,SOCIAL,SO_GIFT_POETRY,收到Y的贈詩、文,directed,,,0.5,primary,textid=40303,438,P,0,1
449087,448874,SOCIAL,SO_GIFT_POETRY,收到Y的贈詩、文,directed,,,0.5,primary,textid=40303,438,P,0,1
449088,94717,SOCIAL,SO_GIFT_POETRY,收到Y的贈詩、文,directed,,,0.5,primary,textid=40303,438,P,0,1
449088,448874,SOCIAL,SO_GIFT_POETRY,收到Y的贈詩、文,directed,,,0.5,primary,textid=40303,438,P,0,1
449112,3332,SOCIAL,SO_GIFT_POETRY,收到Y的贈詩、文,directed,,,0.5,primary,textid=40303,438,P,0,1
449112,95025,SOCIAL,SO_GIFT_POETRY,收到Y的贈詩、文,directed,,,0.5,primary,textid=40303,438,P,1,1
449121,24412,SOCIAL,SO_GIFT_POETRY,收到Y的贈詩、文,directed,,,0.5,primary,textid=40303,438,P,0,1
449121,95071,SOCIAL,SO_GIFT_POETRY,收到Y的贈詩、文,directed,,,0.5,primary,textid=40303,438,P,0,1
449143,3915,SOCIAL,SO_GIFT_POETRY,收到Y的贈詩、文,directed,,,0.5,primary,textid=40303,438,P,0,1
449143,32822,SOCIAL,SO_GIFT_POETRY,收到Y的贈詩、文,directed,,,0.5,primary,textid=40303,438,P,0,1
449143,33566,SOCIAL,SO_GIFT_POETRY,收到Y的贈詩、文,directed,,,0.5,primary,textid=40303,438,P,0,1
449246,32169,SOCIAL,SO_GIFT_POETRY,收到Y的贈詩、文,directed,,,0.5,primary,textid=40303,438,P,0,1
449290,32174,SOCIAL,SO_GIFT_POETRY,收到Y的贈詩、文,directed,,,0.5,primary,textid=40303,438,P,0,1
449290,32583,SOCIAL,SO_GIFT_POETRY,收到Y的贈詩、文,directed,,,0.5,primary,textid=40303,438,P,0,1
449310,3915,SOCIAL,SO_GIFT_POETRY,收到Y的贈詩、文,directed,,,0.5,primary,textid=40303,438,P,1,1
449310,93080,SOCIAL,SO_GIFT_POETRY,收到Y的贈詩、文,directed,,,0.5,primary,textid=40303,438,P,0,1
449314,32169,SOCIAL,SO_GIFT_POETRY,收到Y的贈詩、文,directed,,,0.5,primary,textid=40303,438,P,0,1
449434,24412,SOCIAL,SO_GIFT_POETRY,收到Y的贈詩、文,directed,,,0.5,primary,textid=40303,438,P,0,1
449434,93080,SOCIAL,SO_GIFT_POETRY,收到Y的贈詩、文,directed,,,0.5,primary,textid=40303,438,P,0,1
449434,95071,SOCIAL,SO_GIFT_POETRY,收到Y的贈詩、文,directed,,,0.5,primary,textid=40303,438,P,0,1
449450,33649,SOCIAL,SO_GIFT_POETRY,收到Y的贈詩、文,directed,,,0.5,primary,textid=40303,438,P,0,1
449450,34916,SOCIAL,SO_GIFT_POETRY,收到Y的贈詩、文,directed,,,0.5,primary,textid=40303,438,P,0,1
449450,94160,SOCIAL,SO_GIFT_POETRY,收到Y的贈詩、文,directed,,,0.5,primary,textid=40303,438,P,0,1
449450,94183,SOCIAL,SO_GIFT_POETRY,收到Y的贈詩、文,directed,,,0.5,primary,textid=40303,438,P,0,1
449450,447419,SOCIAL,SO_GIFT_POETRY,收到Y的贈詩、文,directed,,,0.5,primary,textid=40303,438,P,0,1
449535,93832,SOCIAL,SO_GIFT_POETRY,收到Y的贈詩、文,directed,,,0.5,primary,textid=40303,438,P,0,1
449535,195105,SOCIAL,SO_GIFT_POETRY,收到Y的贈詩、文,directed,,,0.5,primary,textid=40303,438,P,0,1
449538,33606,SOCIAL,SO_GIFT_POETRY,收到Y的贈詩、文,directed,,,0.5,primary,textid=40303,438,P,0,1
449538,92673,SOCIAL,SO_GIFT_POETRY,收到Y的贈詩、文,directed,,,0.5,primary,textid=40303,438,P,0,1
449550,32054,SOCIAL,SO_GIFT_POETRY,收到Y的贈詩、文,directed,,,0.5,primary,textid=40303,438,P,1,1
449550,32248,SOCIAL,SO_GIFT_POETRY,收到Y的贈詩、文,directed,,,0.5,primary,textid=40303,438,P,1,1
449569,24654,SOCIAL,SO_GIFT_POETRY,收到Y的贈詩、文,directed,,,0.5,primary,textid=40303,438,P,0,1
449569,32227,SOCIAL,SO_GIFT_POETRY,收到Y的贈詩、文,directed,,,0.5,primary,textid=40303,438,P,0,1
449569,32248,SOCIAL,SO_GIFT_POETRY,收到Y的贈詩、文,directed,,,0.5,primary,textid=40303,438,P,0,1
449569,32980,SOCIAL,SO_GIFT_POETRY,收到Y的贈詩、文,directed,,,0.5,primary,textid=40303,438,P,0,1
449569,33606,SOCIAL,SO_GIFT_POETRY,收到Y的贈詩、文,directed,,,0.5,primary,textid=40303,438,P,0,1
449580,32822,SOCIAL,SO_GIFT_POETRY,收到Y的贈詩、文,directed,,,0.5,primary,textid=40303,438,P,0,1
449580,33566,SOCIAL,SO_GIFT_POETRY,收到Y的贈詩、文,directed,,,0.5,primary,textid=40303,438,P,0,1
449581,32822,SOCIAL,SO_GIFT_POETRY,收到Y的贈詩、文,directed,,,0.5,primary,textid=40303,438,P,0,1
449581,94271,SOCIAL,SO_GIFT_POETRY,收到Y的贈詩、文,directed,,,0.5,primary,textid=40303,438,P,0,1
449589,3702,SOCIAL,SO_GIFT_POETRY,收到Y的贈詩、文,directed,,,0.5,primary,textid=40303,438,P,0,1
449589,21194,SOCIAL,SO_GIFT_POETRY,收到Y的贈詩、文,directed,,,0.5,primary,textid=40303,438,P,0,1
449589,33753,SOCIAL,SO_GIFT_POETRY,收到Y的贈詩、文,directed,,,0.5,primary,textid=40303,438,P,0,1
449610,17029,SOCIAL,SO_GIFT_POETRY,收到Y的贈詩、文,directed,,,0.5,primary,textid=40303,438,P,0,1
449610,93080,SOCIAL,SO_GIFT_POETRY,收到Y的贈詩、文,directed,,,0.5,primary,textid=40303,438,P,0,1
449610,95071,SOCIAL,SO_GIFT_POETRY,收到Y的贈詩、文,directed,,,0.5,primary,textid=40303,438,P,0,1
449624,92147,SOCIAL,SO_GIFT_POETRY,收到Y的贈詩、文,directed,,,0.5,primary,textid=40303,438,P,0,1
449624,92673,SOCIAL,SO_GIFT_POETRY,收到Y的贈詩、文,directed,,,0.5,primary,textid=40303,438,P,0,1
449624,93785,SOCIAL,SO_GIFT_POETRY,收到Y的贈詩、文,directed,,,0.5,primary,textid=40303,438,P,0,1
449624,94160,SOCIAL,SO_GIFT_POETRY,收到Y的贈詩、文,directed,,,0.5,primary,textid=40303,438,P,0,1
449624,94227,SOCIAL,SO_GIFT_POETRY,收到Y的贈詩、文,directed,,,0.5,primary,textid=40303,438,P,0,1
449624,447419,SOCIAL,SO_GIFT_POETRY,收到Y的贈詩、文,directed,,,0.5,primary,textid=40303,438,P,1,1
449660,30851,SOCIAL,SO_GIFT_POETRY,收到Y的贈詩、文,directed,,,0.5,primary,textid=40303,438,P,0,1
449660,31322,SOCIAL,SO_GIFT_POETRY,收到Y的贈詩、文,directed,,,0.5,primary,textid=40303,438,P,0,1
449744,32169,SOCIAL,SO_GIFT_POETRY,收到Y的贈詩、文,directed,,,0.5,primary,textid=40303,438,P,1,1
449754,19244,SOCIAL,SO_GIFT_POETRY,收到Y的贈詩、文,directed,,,0.5,primary,textid=40303,438,P,1,1
449754,447292,SOCIAL,SO_GIFT_POETRY,收到Y的贈詩、文,directed,,,0.5,primary,textid=40303,438,P,1,1
449759,32889,SOCIAL,SO_GIFT_POETRY,收到Y的贈詩、文,directed,,,0.5,primary,textid=40303,438,P,0,1
449759,94271,SOCIAL,SO_GIFT_POETRY,收到Y的贈詩、文,directed,,,0.5,primary,textid=40303,438,P,1,1
449774,32169,SOCIAL,SO_GIFT_POETRY,收到Y的贈詩、文,directed,,,0.5,primary,textid=40303,438,P,1,1
449791,24412,SOCIAL,SO_GIFT_POETRY,收到Y的贈詩、文,directed,,,0.5,primary,textid=40303,438,P,0,1
449791,92047,SOCIAL,SO_GIFT_POETRY,收到Y的贈詩、文,directed,,,0.5,primary,textid=40303,438,P,0,1
449792,92982,SOCIAL,SO_GIFT_POETRY,收到Y的贈詩、文,directed,,,0.5,primary,textid=40303,438,P,0,1
449792,94227,SOCIAL,SO_GIFT_POETRY,收到Y的贈詩、文,directed,,,0.5,primary,textid=40303,438,P,0,1
449848,13624,SOCIAL,SO_GIFT_POETRY,收到Y的贈詩、文,directed,,,0.5,primary,textid=40303,438,P,0,1
449848,32227,SOCIAL,SO_GIFT_POETRY,收到Y的贈詩、文,directed,,,0.5,primary,textid=40303,438,P,0,1
449848,33606,SOCIAL,SO_GIFT_POETRY,收到Y的贈詩、文,directed,,,0.5,primary,textid=40303,438,P,0,1
449867,32174,SOCIAL,SO_GIFT_POETRY,收到Y的贈詩、文,directed,,,0.5,primary,textid=40303,438,P,1,1
449867,33566,SOCIAL,SO_GIFT_POETRY,收到Y的贈詩、文,directed,,,0.5,primary,textid=40303,438,P,0,1
449892,32169,SOCIAL,SO_GIFT_POETRY,收到Y的贈詩、文,directed,,,0.5,primary,textid=40303,438,P,0,1
449894,3130,SOCIAL,SO_GIFT_POETRY,收到Y的贈詩、文,directed,,,0.5,primary,textid=40303,438,P,0,1
449894,33566,SOCIAL,SO_GIFT_POETRY,收到Y的贈詩、文,directed,,,0.5,primary,textid=40303,438,P,0,1
449894,94595,SOCIAL,SO_GIFT_POETRY,收到Y的贈詩、文,directed,,,0.5,primary,textid=40303,438,P,0,1
449907,32169,SOCIAL,SO_GIFT_POETRY,收到Y的贈詩、文,directed,,,0.5,primary,textid=40303,438,P,0,1
449911,3332,SOCIAL,SO_GIFT_POETRY,收到Y的贈詩、文,directed,,,0.5,primary,textid=40303,438,P,0,1
449911,13575,SOCIAL,SO_GIFT_POETRY,收到Y的贈詩、文,directed,,,0.5,primary,textid=40303,438,P,0,1
449911,33606,SOCIAL,SO_GIFT_POETRY,收到Y的贈詩、文,directed,,,0.5,primary,textid=40303,438,P,0,1
449911,93347,SOCIAL,SO_GIFT_POETRY,收到Y的贈詩、文,directed,,,0.5,primary,textid=40303,438,P,1,1
449911,93952,SOCIAL,SO_GIFT_POETRY,收到Y的贈詩、文,directed,,,0.5,primary,textid=40303,438,P,0,1
449911,94160,SOCIAL,SO_GIFT_POETRY,收到Y的贈詩、文,directed,,,0.5,primary,textid=40303,438,P,0,1
449924,33485,SOCIAL,SO_GIFT_POETRY,收到Y的贈詩、文,directed,,,0.5,primary,textid=40303,438,P,0,1
449924,33606,SOCIAL,SO_GIFT_POETRY,收到Y的贈詩、文,directed,,,0.5,primary,textid=40303,438,P,0,1
449924,94227,SOCIAL,SO_GIFT_POETRY,收到Y的贈詩、文,directed,,,0.5,primary,textid=40303,438,P,0,1
449924,447419,SOCIAL,SO_GIFT_POETRY,收到Y的贈詩、文,directed,,,0.5,primary,textid=40303,438,P,0,1
449943,3332,SOCIAL,SO_GIFT_POETRY,收到Y的贈詩、文,directed,,,0.5,primary,textid=40303,438,P,0,1
449943,93956,SOCIAL,SO_GIFT_POETRY,收到Y的贈詩、文,directed,,,0.5,primary,textid=40303,438,P,1,1
450002,32207,SOCIAL,SO_GIFT_POETRY,收到Y的贈詩、文,directed,,,0.5,primary,textid=40303,438,P,1,1
450008,3915,SOCIAL,SO_GIFT_POETRY,收到Y的贈詩、文,directed,,,0.5,primary,textid=40303,438,P,0,1
450008,30851,SOCIAL,SO_GIFT_POETRY,收到Y的贈詩、文,directed,,,0.5,primary,textid=40303,438,P,0,1
450008,32917,SOCIAL,SO_GIFT_POETRY,收到Y的贈詩、文,directed,,,0.5,primary,textid=40303,438,P,0,1
450027,13575,SOCIAL,SO_GIFT_POETRY,收到Y的贈詩、文,directed,,,0.5,primary,textid=40303,438,P,0,1
450027,32227,SOCIAL,SO_GIFT_POETRY,收到Y的贈詩、文,directed,,,0.5,primary,textid=40303,438,P,1,1
450027,94227,SOCIAL,SO_GIFT_POETRY,收到Y的贈詩、文,directed,,,0.5,primary,textid=40303,438,P,0,1
450035,21751,SOCIAL,SO_GIFT_POETRY,收到Y的贈詩、文,directed,,,0.5,primary,textid=40303,438,P,0,1
450035,34916,SOCIAL,SO_GIFT_POETRY,收到Y的贈詩、文,directed,,,0.5,primary,textid=40303,438,P,0,1
450035,95071,SOCIAL,SO_GIFT_POETRY,收到Y的贈詩、文,directed,,,0.5,primary,textid=40303,438,P,1,1
450035,447567,SOCIAL,SO_GIFT_POETRY,收到Y的贈詩、文,directed,,,0.5,primary,textid=40303,438,P,0,1
450041,33649,SOCIAL,SO_GIFT_POETRY,收到Y的贈詩、文,directed,,,0.5,primary,textid=40303,438,P,0,1
450041,92161,SOCIAL,SO_GIFT_POETRY,收到Y的贈詩、文,directed,,,0.5,primary,textid=40303,438,P,0,1
450076,32227,SOCIAL,SO_GIFT_POETRY,收到Y的贈詩、文,directed,,,0.5,primary,textid=40303,438,P,1,1
450076,33566,SOCIAL,SO_GIFT_POETRY,收到Y的贈詩、文,directed,,,0.5,primary,textid=40303,438,P,1,1
450109,32583,SOCIAL,SO_GIFT_POETRY,收到Y的贈詩、文,directed,,,0.5,primary,textid=40303,438,P,0,1
450109,32822,SOCIAL,SO_GIFT_POETRY,收到Y的贈詩、文,directed,,,0.5,primary,textid=40303,438,P,0,1
450109,93956,SOCIAL,SO_GIFT_POETRY,收到Y的贈詩、文,directed,,,0.5,primary,textid=40303,438,P,0,1
450127,92982,SOCIAL,SO_GIFT_POETRY,收到Y的贈詩、文,directed,,,0.5,primary,textid=40303,438,P,0,1
450127,94227,SOCIAL,SO_GIFT_POETRY,收到Y的贈詩、文,directed,,,0.5,primary,textid=40303,438,P,0,1
450129,93899,SOCIAL,SO_GIFT_POETRY,贈詩、文,directed,,,0.5,primary,textid=40303,437,A,0,1
450129,94075,SOCIAL,SO_GIFT_POETRY,贈詩、文,directed,,,0.5,primary,textid=40303,437,A,0,1
450129,94369,SOCIAL,SO_GIFT_POETRY,贈詩、文,directed,,,0.5,primary,textid=40303,437,A,0,1
450129,445763,SOCIAL,SO_GIFT_POETRY,贈詩、文,directed,,,0.5,primary,textid=40303,437,A,0,1
450129,448636,SOCIAL,SO_GIFT_POETRY,贈詩、文,directed,,,0.5,primary,textid=40303,437,A,0,1
450146,11605,SOCIAL,SO_GIFT_POETRY,收到Y的贈詩、文,directed,,,0.5,primary,textid=40303,438,P,0,1
450146,31407,SOCIAL,SO_GIFT_POETRY,收到Y的贈詩、文,directed,,,0.5,primary,textid=40303,438,P,0,1
450146,31575,SOCIAL,SO_GIFT_POETRY,收到Y的贈詩、文,directed,,,0.5,primary,textid=40303,438,P,0,1
450146,32198,SOCIAL,SO_GIFT_POETRY,收到Y的贈詩、文,directed,,,0.5,primary,textid=40303,438,P,0,1
450208,13624,SOCIAL,SO_GIFT_POETRY,收到Y的贈詩、文,directed,,,0.5,primary,textid=40303,438,P,0,1
450208,19241,KIN,K_PARENT,父,directed,,,1.0,primary,新唐書,75,KIN,0,1
450208,32593,SOCIAL,SO_GIFT_POETRY,收到Y的贈詩、文,directed,,,0.5,primary,textid=40303,438,P,0,1
450264,24412,SOCIAL,SO_GIFT_POETRY,收到Y的贈詩、文,directed,,,0.5,primary,textid=40303,438,P,0,1
450264,92673,SOCIAL,SO_GIFT_POETRY,收到Y的贈詩、文,directed,,,0.5,primary,textid=40303,438,P,0,1
450285,93832,SOCIAL,SO_GIFT_POETRY,收到Y的贈詩、文,directed,,,0.5,primary,textid=40303,438,P,0,1
450285,448874,SOCIAL,SO_GIFT_POETRY,收到Y的贈詩、文,directed,,,0.5,primary,textid=40303,438,P,0,1
450288,33566,SOCIAL,SO_GIFT_POETRY,收到Y的贈詩、文,directed,,,0.5,primary,textid=40303,438,P,0,1
450288,94595,SOCIAL,SO_GIFT_POETRY,收到Y的贈詩、文,directed,,,0.5,primary,textid=40303,438,P,1,1
450312,17029,SOCIAL,SO_GIFT_POETRY,收到Y的贈詩、文,directed,,,0.5,primary,textid=40303,438,P,0,1
450312,93832,SOCIAL,SO_GIFT_POETRY,收到Y的贈詩、文,directed,,,0.5,primary,textid=40303,438,P,0,1
450312,195105,SOCIAL,SO_GIFT_POETRY,收到Y的贈詩、文,directed,,,0.5,primary,textid=40303,438,P,0,1
450314,21194,SOCIAL,SO_GIFT_POETRY,收到Y的贈詩、文,directed,,,0.5,primary,textid=40303,438,P,0,1
450314,33649,SOCIAL,SO_GIFT_POETRY,收到Y的贈詩、文,directed,,,0.5,primary,textid=40303,438,P,0,1
450316,94160,SOCIAL,SO_GIFT_POETRY,收到Y的贈詩、文,directed,,,0.5,primary,textid=40303,438,P,1,0
450364,3915,SOCIAL,SO_GIFT_POETRY,收到Y的贈詩、文,directed,,,0.5,primary,textid=40303,438,P,0,1
450364,94271,SOCIAL,SO_GIFT_POETRY,收到Y的贈詩、文,directed,,,0.5,primary,textid=40303,438,P,0,1
450412,19214,SOCIAL,SO_GIFT_POETRY,收到Y的贈詩、文,directed,,,0.5,primary,textid=40303,438,P,1,1
450412,31407,SOCIAL,SO_GIFT_POETRY,收到Y的贈詩、文,directed,,,0.5,primary,textid=40303,438,P,0,1
450449,33566,SOCIAL,SO_GIFT_POETRY,收到Y的贈詩、文,directed,,,0.5,primary,textid=40303,438,P,0,1
450449,94271,SOCIAL,SO_GIFT_POETRY,收到Y的贈詩、文,directed,,,0.5,primary,textid=40303,438,P,0,1
450449,94595,SOCIAL,SO_GIFT_POETRY,收到Y的贈詩、文,directed,,,0.5,primary,textid=40303,438,P,0,1
450457,17029,SOCIAL,SO_GIFT_POETRY,收到Y的贈詩、文,directed,,,0.5,primary,textid=40303,438,P,1,1
450457,33753,SOCIAL,SO_GIFT_POETRY,收到Y的贈詩、文,directed,,,0.5,primary,textid=40303,438,P,1,1
450457,93246,SOCIAL,SO_GIFT_POETRY,收到Y的贈詩、文,directed,,,0.5,primary,textid=40303,438,P,0,1
450457,93832,SOCIAL,SO_GIFT_POETRY,收到Y的贈詩、文,directed,,,0.5,primary,textid=40303,438,P,0,1
450457,195105,SOCIAL,SO_GIFT_POETRY,收到Y的贈詩、文,directed,,,0.5,primary,textid=40303,438,P,1,1
450491,92047,SOCIAL,SO_GIFT_POETRY,收到Y的贈詩、文,directed,,,0.5,primary,textid=40303,438,P,0,1
450491,92743,SOCIAL,SO_GIFT_POETRY,收到Y的贈詩、文,directed,,,0.5,primary,textid=40303,438,P,0,1
450491,93080,SOCIAL,SO_GIFT_POETRY,收到Y的贈詩、文,directed,,,0.5,primary,textid=40303,438,P,0,1
450533,32169,SOCIAL,SO_GIFT_POETRY,收到Y的贈詩、文,directed,,,0.5,primary,textid=40303,438,P,0,1
450597,15161,SOCIAL,SO_GIFT_POETRY,收到Y的贈詩、文,directed,,,0.5,primary,textid=40303,438,P,0,1
450597,32227,SOCIAL,SO_GIFT_POETRY,收到Y的贈詩、文,directed,,,0.5,primary,textid=40303,438,P,0,1
450597,33606,SOCIAL,SO_GIFT_POETRY,收到Y的贈詩、文,directed,,,0.5,primary,textid=40303,438,P,0,1
450597,92673,SOCIAL,SO_GIFT_POETRY,收到Y的贈詩、文,directed,,,0.5,primary,textid=40303,438,P,0,1
450597,92743,SOCIAL,SO_GIFT_POETRY,收到Y的贈詩、文,directed,,,0.5,primary,textid=40303,438,P,0,1
450597,94160,SOCIAL,SO_GIFT_POETRY,收到Y的贈詩、文,directed,,,0.5,primary,textid=40303,438,P,0,1
450631,3915,SOCIAL,SO_GIFT_POETRY,收到Y的贈詩、文,directed,,,0.5,primary,textid=40303,438,P,0,1
450631,32583,SOCIAL,SO_GIFT_POETRY,收到Y的贈詩、文,directed,,,0.5,primary,textid=40303,438,P,0,1
450631,33566,SOCIAL,SO_GIFT_POETRY,收到Y的贈詩、文,directed,,,0.5,primary,textid=40303,438,P,0,1
450650,24412,SOCIAL,SO_GIFT_POETRY,收到Y的贈詩、文,directed,,,0.5,primary,textid=40303,438,P,0,1
450650,33606,SOCIAL,SO_GIFT_POETRY,收到Y的贈詩、文,directed,,,0.5,primary,textid=40303,438,P,0,1
450651,32169,SOCIAL,SO_GIFT_POETRY,收到Y的贈詩、文,directed,,,0.5,primary,textid=40303,438,P,1,1
450663,34916,SOCIAL,SO_GIFT_POETRY,收到Y的贈詩、文,directed,,,0.5,primary,textid=40303,438,P,0,1
450663,93246,SOCIAL,SO_GIFT_POETRY,收到Y的贈詩、文,directed,,,0.5,primary,textid=40303,438,P,0,1
450665,24412,SOCIAL,SO_GIFT_POETRY,收到Y的贈詩、文,directed,,,0.5,primary,textid=40303,438,P,0,1
450665,92743,SOCIAL,SO_GIFT_POETRY,收到Y的贈詩、文,directed,,,0.5,primary,textid=40303,438,P,0,1
450670,21194,SOCIAL,SO_GIFT_POETRY,收到Y的贈詩、文,directed,,,0.5,primary,textid=40303,438,P,0,1
450670,32227,SOCIAL,SO_GIFT_POETRY,收到Y的贈詩、文,directed,,,0.5,primary,textid=40303,438,P,0,1
450670,92743,SOCIAL,SO_GIFT_POETRY,收到Y的贈詩、文,directed,,,0.5,primary,textid=40303,438,P,0,1
450704,33649,SOCIAL,SO_GIFT_POETRY,收到Y的贈詩、文,directed,,,0.5,primary,textid=40303,438,P,0,1
450704,93832,SOCIAL,SO_GIFT_POETRY,收到Y的贈詩、文,directed,,,0.5,primary,textid=40303,438,P,0,1
450715,188616,SOCIAL,SO_GIFT_POETRY,收到Y的贈詩、文,directed,,,0.5,primary,textid=40303,438,P,0,1
512425,31407,KIN,K_OTHER,祖父,directed,,,0.7,inferred,,62,KIN,0,1
