source_id,target_id,rel_type,rel_subtype,rel_desc_chn,direction,year_start,year_end,weight,evidence_level,source_ref,cbdb_assoc_code,cbdb_role_type,evidence_count,evidence_list,primary_rel
3130,11605,SOCIAL,SO_GIFT_POETRY,贈詩、文,directed,,,0.5,primary,唐五代人交往詩索引,437,A,2,"[{""source_table"": ""ASSOC_DATA"", ""c_source"": ""40303"", ""c_pages"": ""257"", ""c_sequence"": """", ""c_text_title"": ""[n/a]"", ""orig_personid"": ""3130"", ""orig_assoc_id"": ""11605"", ""cbdb_assoc_code"": ""437""}, {""source_table"": ""ASSOC_DATA"", ""c_source"": ""40303"", ""c_pages"": ""257"", ""c_sequence"": """", ""c_text_title"": ""[n/a]"", ""orig_personid"": ""11605"", ""orig_assoc_id"": ""3130"", ""cbdb_assoc_code"": ""438""}]",1
3130,19244,SOCIAL,SO_GIFT_POETRY,贈詩、文,directed,,,0.5,primary,唐五代人交往詩索引,437,A,2,"[{""source_table"": ""ASSOC_DATA"", ""c_source"": ""40303"", ""c_pages"": ""256"", ""c_sequence"": """", ""c_text_title"": ""[n/a]"", ""orig_personid"": ""3130"", ""orig_assoc_id"": ""19244"", ""cbdb_assoc_code"": ""437""}, {""source_table"": ""ASSOC_DATA"", ""c_source"": ""40303"", ""c_pages"": ""256"", ""c_sequence"": """", ""c_text_title"": ""[n/a]"", ""orig_personid"": ""19244"", ""orig_assoc_id"": ""3130"", ""cbdb_assoc_code"": ""438""}]",1
3130,26935,SOCIAL,SO_GIFT_POETRY,贈詩、文,directed,,,0.5,primary,唐五代人交往詩索引,437,A,2,"[{""source_table"": ""ASSOC_DATA"", ""c_source"": ""40303"", ""c_pages"": ""257"", ""c_sequence"": """", ""c_text_title"": ""[n/a]"", ""orig_personid"": ""3130"", ""orig_assoc_id"": ""26935"", ""cbdb_assoc_code"": ""437""}, {""source_table"": ""ASSOC_DATA"", ""c_source"": ""40303"", ""c_pages"": ""257"", ""c_sequence"": """", ""c_text_title"": ""[n/a]"", ""orig_personid"": ""26935"", ""orig_assoc_id"": ""3130"", ""cbdb_assoc_code"": ""438""}]",1
3130,31407,LITERARY,LI_EPITAPH,為Y作墓誌銘,directed,732,,0.4,unsourced,,44,A,2,"[{""source_table"": ""ASSOC_DATA"", ""c_source"": """", ""c_pages"": """", ""c_sequence"": ""0"", ""c_text_title"": ""[n/a]"", ""orig_personid"": ""3130"", ""orig_assoc_id"": ""31407"", ""cbdb_assoc_code"": ""44""}, {""source_table"": ""ASSOC_DATA"", ""c_source"": """", ""c_pages"": """", ""c_sequence"": ""0"", ""c_text_title"": ""[n/a]"", ""orig_personid"": ""31407"", ""orig_assoc_id"": ""3130"", ""cbdb_assoc_code"": ""43""}]",1
3130,31407,SOCIAL,SO_GIFT_POETRY,贈詩、文,directed,,,0.5,primary,唐五代人交往詩索引,437,A,2,"[{""source_table"": ""ASSOC_DATA"", ""c_source"": ""40303"", ""c_pages"": ""254"", ""c_sequence"": """", ""c_text_title"": ""[n/a]"", ""orig_personid"": ""3130"", ""orig_assoc_id"": ""31407"", ""cbdb_assoc_code"": ""437""}, {""source_table"": ""ASSOC_DATA"", ""c_source"": ""40303"", ""c_pages"": ""254"", ""c_sequence"": """", ""c_text_title"": ""[n/a]"", ""orig_personid"": ""31407"", ""orig_assoc_id"": ""3130"", ""cbdb_assoc_code"": ""438""}]",0
3130,32174,COLLEAGUE,CL_RECOMMEND,推薦,directed,735,,0.7,primary,王維年譜,13,A,2,"[{""source_table"": ""ASSOC_DATA"", ""c_source"": ""60019"", ""c_pages"": ""63"", ""c_sequence"": ""18"", ""c_text_title"": ""[n/a]"", ""orig_personid"": ""3130"", ""orig_assoc_id"": ""32174"", ""cbdb_assoc_code"": ""13""}, {""source_table"": ""ASSOC_DATA"", ""c_source"": ""60019"", ""c_pages"": ""63"", ""c_sequence"": ""18"", ""c_text_title"": ""[n/a]"", ""orig_personid"": ""32174"", ""orig_assoc_id"": ""3130"", ""cbdb_assoc_code"": ""14""}]",1
3130,32174,SOCIAL,SO_CHANGHE,相唱和,undirected,737,,0.6,primary,王維年譜,114,M,2,"[{""source_table"": ""ASSOC_DATA"", ""c_source"": ""60019"", ""c_pages"": ""68"", ""c_sequence"": ""20"", ""c_text_title"": ""[n/a]"", ""orig_personid"": ""3130"", ""orig_assoc_id"": ""32174"", ""cbdb_assoc_code"": ""114""}, {""source_table"": ""ASSOC_DATA"", ""c_source"": ""60019"", ""c_pages"": ""68"", ""c_sequence"": ""20"", ""c_text_title"": ""[n/a]"", ""orig_personid"": ""32174"", ""orig_assoc_id"": ""3130"", ""cbdb_assoc_code"": ""114""}]",0
3130,32534,SOCIAL,SO_GIFT_POETRY,贈詩、文,directed,,,0.5,primary,唐五代人交往詩索引,437,A,2,"[{""source_table"": ""ASSOC_DATA"", ""c_source"": ""40303"", ""c_pages"": ""255"", ""c_sequence"": """", ""c_text_title"": ""[n/a]"", ""orig_personid"": ""3130"", ""orig_assoc_id"": ""32534"", ""cbdb_assoc_code"": ""437""}, {""source_table"": ""ASSOC_DATA"", ""c_source"": ""40303"", ""c_pages"": ""255"", ""c_sequence"": """", ""c_text_title"": ""[n/a]"", ""orig_personid"": ""32534"", ""orig_assoc_id"": ""3130"", ""cbdb_assoc_code"": ""438""}]",1
3130,32847,POLITICAL,PO_ADMIRE,欣賞/器重,directed,732,,0.5,unsourced,,18,A,2,"[{""source_table"": ""ASSOC_DATA"", ""c_source"": """", ""c_pages"": """", ""c_sequence"": ""0"", ""c_text_title"": ""[n/a]"", ""orig_personid"": ""3130"", ""orig_assoc_id"": ""32847"", ""cbdb_assoc_code"": ""18""}, {""source_table"": ""ASSOC_DATA"", ""c_source"": """", ""c_pages"": """", ""c_sequence"": ""0"", ""c_text_title"": ""[n/a]"", ""orig_personid"": ""32847"", ""orig_assoc_id"": ""3130"", ""cbdb_assoc_code"": ""17""}]",1
3130,92452,SOCIAL,SO_GIFT_POETRY,贈詩、文,directed,,,0.5,primary,唐五代人交往詩索引,437,A,2,"[{""source_table"": ""ASSOC_DATA"", ""c_source"": ""40303"", ""c_pages"": ""255"", ""c_sequence"": """", ""c_text_title"": ""[n/a]"", ""orig_personid"": ""3130"", ""orig_assoc_id"": ""92452"", ""cbdb_assoc_code"": ""437""}, {""source_table"": ""ASSOC_DATA"", ""c_source"": ""40303"", ""c_pages"": ""255"", ""c_sequence"": """", ""c_text_title"": ""[n/a]"", ""orig_personid"": ""92452"", ""orig_assoc_id"": ""3130"", ""cbdb_assoc_code"": ""438""}]",1
3332,3605,SOCIAL,SO_FRIEND,友,undirected,,,0.6,primary,人名權威資料（中央研究院歷史語言研究所）,9,M,2,"[{""source_table"": ""ASSOC_DATA"", ""c_source"": ""9602"", ""c_pages"": ""18182"", ""c_sequence"": """", ""c_text_title"": ""[n/a]"", ""orig_personid"": ""3332"", ""orig_assoc_id"": ""3605"", ""cbdb_assoc_code"": ""9""}, {""source_table"": ""ASSOC_DATA"", ""c_source"": ""9602"", ""c_pages"": ""18228"", ""c_sequence"": """", ""c_text_title"": ""[n/a]"", ""orig_personid"": ""3605"", ""orig_assoc_id"": ""3332"", ""cbdb_assoc_code"": ""9""}]",0
3332,3605,LITERARY,LI_EPITAPH,為Y作墓誌銘,directed,,,0.4,unsourced,,44,A,2,"[{""source_table"": ""ASSOC_DATA"", ""c_source"": """", ""c_pages"": """", ""c_sequence"": """", ""c_text_title"": ""[n/a]"", ""orig_personid"": ""3332"", ""orig_assoc_id"": ""3605"", ""cbdb_assoc_code"": ""44""}, {""source_table"": ""ASSOC_DATA"", ""c_source"": """", ""c_pages"": """", ""c_sequence"": """", ""c_text_title"": ""[n/a]"", ""orig_personid"": ""3605"", ""orig_assoc_id"": ""3332"", ""cbdb_assoc_code"": ""43""}]",0
3332,3605,COLLEAGUE,CL_TONGLIAO,同僚,undirected,803,,0.8,unsourced,,197,M,2,"[{""source_table"": ""ASSOC_DATA"", ""c_source"": """", ""c_pages"": """", ""c_sequence"": """", ""c_text_title"": ""[n/a]"", ""orig_personid"": ""3332"", ""orig_assoc_id"": ""3605"", ""cbdb_assoc_code"": ""197""}, {""source_table"": ""ASSOC_DATA"", ""c_source"": """", ""c_pages"": """", ""c_sequence"": """", ""c_text_title"": ""[n/a]"", ""orig_personid"": ""3605"", ""orig_assoc_id"": ""3332"", ""cbdb_assoc_code"": ""197""}]",1
3332,3605,SOCIAL,SO_GIFT_POETRY,贈詩、文,directed,,,0.5,primary,唐五代人交往詩索引,437,A,2,"[{""source_table"": ""ASSOC_DATA"", ""c_source"": ""40303"", ""c_pages"": ""1048"", ""c_sequence"": """", ""c_text_title"": ""[n/a]"", ""orig_personid"": ""3332"", ""orig_assoc_id"": ""3605"", ""cbdb_assoc_code"": ""437""}, {""source_table"": ""ASSOC_DATA"", ""c_source"": ""40303"", ""c_pages"": ""1048"", ""c_sequence"": """", ""c_text_title"": ""[n/a]"", ""orig_personid"": ""3605"", ""orig_assoc_id"": ""3332"", ""cbdb_assoc_code"": ""438""}]",0
3332,3915,SOCIAL,SO_GIFT_POETRY,贈詩、文,directed,,,0.5,primary,唐五代人交往詩索引,437,A,2,"[{""source_table"": ""ASSOC_DATA"", ""c_source"": ""40303"", ""c_pages"": ""1048"", ""c_sequence"": """", ""c_text_title"": ""[n/a]"", ""orig_personid"": ""3332"", ""orig_assoc_id"": ""3915"", ""cbdb_assoc_code"": ""437""}, {""source_table"": ""ASSOC_DATA"", ""c_source"": ""40303"", ""c_pages"": ""1048"", ""c_sequence"": """", ""c_text_title"": ""[n/a]"", ""orig_personid"": ""3915"", ""orig_assoc_id"": ""3332"", ""cbdb_assoc_code"": ""438""}]",1
3332,13575,SOCIAL,SO_FRIEND,友,undirected,,,0.6,primary,人名權威資料（中央研究院歷史語言研究所）,9,M,2,"[{""source_table"": ""ASSOC_DATA"", ""c_source"": ""9602"", ""c_pages"": ""18182"", ""c_sequence"": """", ""c_text_title"": ""[n/a]"", ""orig_personid"": ""3332"", ""orig_assoc_id"": ""13575"", ""cbdb_assoc_code"": ""9""}, {""source_table"": ""ASSOC_DATA"", ""c_source"": ""9602"", ""c_pages"": ""18182"", ""c_sequence"": """", ""c_text_title"": ""[n/a]"", ""orig_personid"": ""13575"", ""orig_assoc_id"": ""3332"", ""cbdb_assoc_code"": ""9""}]",0
3332,13575,COLLEAGUE,CL_RECOMMEND,推薦,directed,824,,0.7,unsourced,,13,A,2,"[{""source_table"": ""ASSOC_DATA"", ""c_source"": """", ""c_pages"": """", ""c_sequence"": ""0"", ""c_text_title"": ""[n/a]"", ""orig_personid"": ""3332"", ""orig_assoc_id"": ""13575"", ""cbdb_assoc_code"": ""13""}, {""source_table"": ""ASSOC_DATA"", ""c_source"": """", ""c_pages"": """", ""c_sequence"": ""0"", ""c_text_title"": ""[n/a]"", ""orig_personid"": ""13575"", ""orig_assoc_id"": ""3332"", ""cbdb_assoc_code"": ""14""}]",0
3332,13575,SOCIAL,SO_GIFT_POETRY,贈詩、文,directed,,,0.5,primary,唐五代人交往詩索引,437,A,2,"[{""source_table"": ""ASSOC_DATA"", ""c_source"": ""40303"", ""c_pages"": ""1043"", ""c_sequence"": """", ""c_text_title"": ""[n/a]"", ""orig_personid"": ""3332"", ""orig_assoc_id"": ""13575"", ""cbdb_assoc_code"": ""437""}, {""source_table"": ""ASSOC_DATA"", ""c_source"": ""40303"", ""c_pages"": ""1043"", ""c_sequence"": """", ""c_text_title"": ""[n/a]"", ""orig_personid"": ""13575"", ""orig_assoc_id"": ""3332"", ""cbdb_assoc_code"": ""438""}]",0
3332,13624,LITERARY,LI_EPITAPH,為Y作墓誌銘,directed,824,,0.4,unsourced,,44,A,2,"[{""source_table"": ""ASSOC_DATA"", ""c_source"": """", ""c_pages"": """", ""c_sequence"": ""0"", ""c_text_title"": ""[n/a]"", ""orig_personid"": ""3332"", ""orig_assoc_id"": ""13624"", ""cbdb_assoc_code"": ""44""}, {""source_table"": ""ASSOC_DATA"", ""c_source"": """", ""c_pages"": """", ""c_sequence"": ""0"", ""c_text_title"": ""[n/a]"", ""orig_personid"": ""13624"", ""orig_assoc_id"": ""3332"", ""cbdb_assoc_code"": ""43""}]",1
3332,22469,SOCIAL,SO_GIFT_POETRY,贈詩、文,directed,,,0.5,primary,唐五代人交往詩索引,437,A,2,"[{""source_table"": ""ASSOC_DATA"", ""c_source"": ""40303"", ""c_pages"": ""1047"", ""c_sequence"": """", ""c_text_title"": ""[n/a]"", ""orig_personid"": ""3332"", ""orig_assoc_id"": ""22469"", ""cbdb_assoc_code"": ""437""}, {""source_table"": ""ASSOC_DATA"", ""c_source"": ""40303"", ""c_pages"": ""1047"", ""c_sequence"": """", ""c_text_title"": ""[n/a]"", ""orig_personid"": ""22469"", ""orig_assoc_id"": ""3332"", ""cbdb_assoc_code"": ""438""}]",0
3332,22469,KIN,K_OTHER,姪女之夫,directed,,,0.7,primary,Pers DB / 唐代人物知識ベース,178,KIN,1,"[{""source_table"": ""KIN_DATA"", ""c_source"": ""24309"", ""c_pages"": ""pers01459"", ""c_sequence"": """", ""c_text_title"": """", ""orig_personid"": ""3332"", ""orig_assoc_id"": ""22469"", ""cbdb_assoc_code"": ""178""}]",1
3332,24654,SOCIAL,SO_GIFT_POETRY,贈詩、文,directed,,,0.5,primary,唐五代人交往詩索引,437,A,2,"[{""source_table"": ""ASSOC_DATA"", ""c_source"": ""40303"", ""c_pages"": ""1044"", ""c_sequence"": """", ""c_text_title"": ""[n/a]"", ""orig_personid"": ""3332"", ""orig_assoc_id"": ""24654"", ""cbdb_assoc_code"": ""437""}, {""source_table"": ""ASSOC_DATA"", ""c_source"": ""40303"", ""c_pages"": ""1044"", ""c_sequence"": """", ""c_text_title"": ""[n/a]"", ""orig_personid"": ""24654"", ""orig_assoc_id"": ""3332"", ""cbdb_assoc_code"": ""438""}]",1
3332,32227,SOCIAL,SO_GIFT_POETRY,贈詩、文,directed,,,0.5,primary,唐五代人交往詩索引,437,A,2,"[{""source_table"": ""ASSOC_DATA"", ""c_source"": ""40303"", ""c_pages"": ""1045"", ""c_sequence"": """", ""c_text_title"": ""[n/a]"", ""orig_personid"": ""3332"", ""orig_assoc_id"": ""32227"", ""cbdb_assoc_code"": ""437""}, {""source_table"": ""ASSOC_DATA"", ""c_source"": ""40303"", ""c_pages"": ""1045"", ""c_sequence"": """", ""c_text_title"": ""[n/a]"", ""orig_personid"": ""32227"", ""orig_assoc_id"": ""3332"", ""cbdb_assoc_code"": ""438""}]",1
3332,32248,SOCIAL,SO_FRIEND,友,undirected,,,0.6,primary,人名權威資料（中央研究院歷史語言研究所）,9,M,2,"[{""source_table"": ""ASSOC_DATA"", ""c_source"": ""9602"", ""c_pages"": ""18100"", ""c_sequence"": """", ""c_text_title"": ""[n/a]"", ""orig_personid"": ""3332"", ""orig_assoc_id"": ""32248"", ""cbdb_assoc_code"": ""9""}, {""source_table"": ""ASSOC_DATA"", ""c_source"": ""9602"", ""c_pages"": ""18100"", ""c_sequence"": """", ""c_text_title"": ""[n/a]"", ""orig_personid"": ""32248"", ""orig_assoc_id"": ""3332"", ""cbdb_assoc_code"": ""9""}]",1
3332,32540,SOCIAL,SO_GIFT_POETRY,贈詩、文,directed,,,0.5,primary,唐五代人交往詩索引,437,A,2,"[{""source_table"": ""ASSOC_DATA"", ""c_source"": ""40303"", ""c_pages"": ""1047"", ""c_sequence"": """", ""c_text_title"": ""[n/a]"", ""orig_personid"": ""3332"", ""orig_assoc_id"": ""32540"", ""cbdb_assoc_code"": ""437""}, {""source_table"": ""ASSOC_DATA"", ""c_source"": ""40303"", ""c_pages"": ""1047"", ""c_sequence"": """", ""c_text_title"": ""[n/a]"", ""orig_personid"": ""32540"", ""orig_assoc_id"": ""3332"", ""cbdb_assoc_code"": ""438""}]",1
3332,32822,SOCIAL,SO_GIFT_POETRY,贈詩、文,directed,,,0.5,primary,唐五代人交往詩索引,437,A,2,"[{""source_table"": ""ASSOC_DATA"", ""c_source"": ""40303"", ""c_pages"": ""1047"", ""c_sequence"": """", ""c_text_title"": ""[n/a]"", ""orig_personid"": ""3332"", ""orig_assoc_id"": ""32822"", ""cbdb_assoc_code"": ""437""}, {""source_table"": ""ASSOC_DATA"", ""c_source"": ""40303"", ""c_pages"": ""1047"", ""c_sequence"": """", ""c_text_title"": ""[n/a]"", ""orig_personid"": ""32822"", ""orig_assoc_id"": ""3332"", ""cbdb_assoc_code"": ""438""}]",1
3332,33606,SOCIAL,SO_FRIEND,友,undirected,,,0.6,primary,人名權威資料（中央研究院歷史語言研究所）,9,M,2,"[{""source_table"": ""ASSOC_DATA"", ""c_source"": ""9602"", ""c_pages"": ""18572"", ""c_sequence"": """", ""c_text_title"": ""[n/a]"", ""orig_personid"": ""3332"", ""orig_assoc_id"": ""33606"", ""cbdb_assoc_code"": ""9""}, {""source_table"": ""ASSOC_DATA"", ""c_source"": ""9602"", ""c_pages"": ""18572"", ""c_sequence"": """", ""c_text_title"": ""[n/a]"", ""orig_personid"": ""33606"", ""orig_assoc_id"": ""3332"", ""cbdb_assoc_code"": ""9""}]",1
3332,92047,SOCIAL,SO_GIFT_POETRY,贈詩、文,directed,,,0.5,primary,唐五代人交往詩索引,437,A,2,"[{""source_table"": ""ASSOC_DATA"", ""c_source"": ""40303"", ""c_pages"": ""1042"", ""c_sequence"": """", ""c_text_title"": ""[n/a]"", ""orig_personid"": ""3332"", ""orig_assoc_id"": ""92047"", ""cbdb_assoc_code"": ""437""}, {""source_table"": ""ASSOC_DATA"", ""c_source"": ""40303"", ""c_pages"": ""1042"", ""c_sequence"": """", ""c_text_title"": ""[n/a]"", ""orig_personid"": ""92047"", ""orig_assoc_id"": ""3332"", ""cbdb_assoc_code"": ""438""}]",1
3332,93952,SOCIAL,SO_FRIEND,友,undirected,,,0.6,primary,人名權威資料（中央研究院歷史語言研究所）,9,M,2,"[{""source_table"": ""ASSOC_DATA"", ""c_source"": ""9602"", ""c_pages"": ""18182"", ""c_sequence"": """", ""c_text_title"": ""[n/a]"", ""orig_personid"": ""3332"", ""orig_assoc_id"": ""93952"", ""cbdb_assoc_code"": ""9""}, {""source_table"": ""ASSOC_DATA"", ""c_source"": ""9602"", ""c_pages"": ""18182"", ""c_sequence"": """", ""c_text_title"": ""[n/a]"", ""orig_personid"": ""93952"", ""orig_assoc_id"": ""3332"", ""cbdb_assoc_code"": ""9""}]",0
3332,93952,LITERARY,LI_EPITAPH,為Y作墓誌銘,directed,815,,0.4,primary,韓昌黎文集校注,44,A,2,"[{""source_table"": ""ASSOC_DATA"", ""c_source"": ""2997"", ""c_pages"": """", ""c_sequence"": ""0"", ""c_text_title"": ""[n/a]"", ""orig_personid"": ""3332"", ""orig_assoc_id"": ""93952"", ""cbdb_assoc_code"": ""44""}, {""source_table"": ""ASSOC_DATA"", ""c_source"": ""2997"", ""c_pages"": """", ""c_sequence"": ""0"", ""c_text_title"": ""[n/a]"", ""orig_personid"": ""93952"", ""orig_assoc_id"": ""3332"", ""cbdb_assoc_code"": ""43""}]",1
3332,93952,SOCIAL,SO_GIFT_POETRY,贈詩、文,directed,,,0.5,primary,唐五代人交往詩索引,437,A,2,"[{""source_table"": ""ASSOC_DATA"", ""c_source"": ""40303"", ""c_pages"": ""1044"", ""c_sequence"": """", ""c_text_title"": ""[n/a]"", ""orig_personid"": ""3332"", ""orig_assoc_id"": ""93952"", ""cbdb_assoc_code"": ""437""}, {""source_table"": ""ASSOC_DATA"", ""c_source"": ""40303"", ""c_pages"": ""1044"", ""c_sequence"": """", ""c_text_title"": ""[n/a]"", ""orig_personid"": ""93952"", ""orig_assoc_id"": ""3332"", ""cbdb_assoc_code"": ""438""}]",0
3332,94116,SOCIAL,SO_GIFT_POETRY,贈詩、文,directed,,,0.5,primary,唐五代人交往詩索引,437,A,2,"[{""source_table"": ""ASSOC_DATA"", ""c_source"": ""40303"", ""c_pages"": ""1045"", ""c_sequence"": """", ""c_text_title"": ""[n/a]"", ""orig_personid"": ""3332"", ""orig_assoc_id"": ""94116"", ""cbdb_assoc_code"": ""437""}, {""source_table"": ""ASSOC_DATA"", ""c_source"": ""40303"", ""c_pages"": ""1045"", ""c_sequence"": """", ""c_text_title"": ""[n/a]"", ""orig_personid"": ""94116"", ""orig_assoc_id"": ""3332"", ""cbdb_assoc_code"": ""438""}]",0
3332,94227,SOCIAL,SO_FRIEND,友,undirected,,,0.6,primary,人名權威資料（中央研究院歷史語言研究所）,9,M,2,"[{""source_table"": ""ASSOC_DATA"", ""c_source"": ""9602"", ""c_pages"": ""18182"", ""c_sequence"": """", ""c_text_title"": ""[n/a]"", ""orig_personid"": ""3332"", ""orig_assoc_id"": ""94227"", ""cbdb_assoc_code"": ""9""}, {""source_table"": ""ASSOC_DATA"", ""c_source"": ""9602"", ""c_pages"": ""18182"", ""c_sequence"": """", ""c_text_title"": ""[n/a]"", ""orig_personid"": ""94227"", ""orig_assoc_id"": ""3332"", ""cbdb_assoc_code"": ""9""}]",0
3332,94227,SOCIAL,SO_GIFT_POETRY,贈詩、文,directed,,,0.5,primary,唐五代人交往詩索引,437,A,2,"[{""source_table"": ""ASSOC_DATA"", ""c_source"": ""40303"", ""c_pages"": ""1042"", ""c_sequence"": """", ""c_text_title"": ""[n/a]"", ""orig_personid"": ""3332"", ""orig_assoc_id"": ""94227"", ""cbdb_assoc_code"": ""437""}, {""source_table"": ""ASSOC_DATA"", ""c_source"": ""40303"", ""c_pages"": ""1042"", ""c_sequence"": """", ""c_text_title"": ""[n/a]"", ""orig_personid"": ""94227"", ""orig_assoc_id"": ""3332"", ""cbdb_assoc_code"": ""438""}]",0
3332,445983,SOCIAL,SO_GIFT_POETRY,贈詩、文,directed,,,0.5,primary,唐五代人交往詩索引,437,A,2,"[{""source_table"": ""ASSOC_DATA"", ""c_source"": ""40303"", ""c_pages"": ""1043"", ""c_sequence"": """", ""c_text_title"": ""[n/a]"", ""orig_personid"": ""3332"", ""orig_assoc_id"": ""445983"", ""cbdb_assoc_code"": ""437""}, {""source_table"": ""ASSOC_DATA"", ""c_source"": ""40303"", ""c_pages"": ""1043"", ""c_sequence"": """", ""c_text_title"": ""[n/a]"", ""orig_personid"": ""445983"", ""orig_assoc_id"": ""3332"", ""cbdb_assoc_code"": ""438""}]",1
3605,13059,SOCIAL,SO_GIFT_POETRY,贈詩、文,directed,,,0.5,primary,唐五代人交往詩索引,437,A,2,"[{""source_table"": ""ASSOC_DATA"", ""c_source"": ""40303"", ""c_pages"": ""1188"", ""c_sequence"": """", ""c_text_title"": ""[n/a]"", ""orig_personid"": ""3605"", ""orig_assoc_id"": ""13059"", ""cbdb_assoc_code"": ""437""}, {""source_table"": ""ASSOC_DATA"", ""c_source"": ""40303"", ""c_pages"": ""1188"", ""c_sequence"": """", ""c_text_title"": ""[n/a]"", ""orig_personid"": ""13059"", ""orig_assoc_id"": ""3605"", ""cbdb_assoc_code"": ""438""}]",1
3605,13060,SOCIAL,SO_GIFT_POETRY,贈詩、文,directed,,,0.5,primary,唐五代人交往詩索引,437,A,2,"[{""source_table"": ""ASSOC_DATA"", ""c_source"": ""40303"", ""c_pages"": ""1189"", ""c_sequence"": """", ""c_text_title"": ""[n/a]"", ""orig_personid"": ""3605"", ""orig_assoc_id"": ""13060"", ""cbdb_assoc_code"": ""437""}, {""source_table"": ""ASSOC_DATA"", ""c_source"": ""40303"", ""c_pages"": ""1189"", ""c_sequence"": """", ""c_text_title"": ""[n/a]"", ""orig_personid"": ""13060"", ""orig_assoc_id"": ""3605"", ""cbdb_assoc_code"": ""438""}]",1
3605,24654,POLITICAL,PO_OPPOSE,忌/惡,directed,,,0.3,primary,舊唐書,83,A,2,"[{""source_table"": ""ASSOC_DATA"", ""c_source"": ""4801"", ""c_pages"": ""4210"", ""c_sequence"": """", ""c_text_title"": ""[n/a]"", ""orig_personid"": ""3605"", ""orig_assoc_id"": ""24654"", ""cbdb_assoc_code"": ""83""}, {""source_table"": ""ASSOC_DATA"", ""c_source"": ""4801"", ""c_pages"": ""4210"", ""c_sequence"": """", ""c_text_title"": ""[n/a]"", ""orig_personid"": ""24654"", ""orig_assoc_id"": ""3605"", ""cbdb_assoc_code"": ""84""}]",0
3605,24654,SOCIAL,SO_GIFT_POETRY,贈詩、文,directed,,,0.5,primary,唐五代人交往詩索引,437,A,2,"[{""source_table"": ""ASSOC_DATA"", ""c_source"": ""40303"", ""c_pages"": ""1187"", ""c_sequence"": """", ""c_text_title"": ""[n/a]"", ""orig_personid"": ""3605"", ""orig_assoc_id"": ""24654"", ""cbdb_assoc_code"": ""437""}, {""source_table"": ""ASSOC_DATA"", ""c_source"": ""40303"", ""c_pages"": ""1187"", ""c_sequence"": """", ""c_text_title"": ""[n/a]"", ""orig_personid"": ""24654"", ""orig_assoc_id"": ""3605"", ""cbdb_assoc_code"": ""438""}]",0
3605,31312,SOCIAL,SO_GIFT_POETRY,贈詩、文,directed,,,0.5,primary,唐五代人交往詩索引,437,A,2,"[{""source_table"": ""ASSOC_DATA"", ""c_source"": ""40303"", ""c_pages"": ""1188"", ""c_sequence"": """", ""c_text_title"": ""[n/a]"", ""orig_personid"": ""3605"", ""orig_assoc_id"": ""31312"", ""cbdb_assoc_code"": ""437""}, {""source_table"": ""ASSOC_DATA"", ""c_source"": ""40303"", ""c_pages"": ""1188"", ""c_sequence"": """", ""c_text_title"": ""[n/a]"", ""orig_personid"": ""31312"", ""orig_assoc_id"": ""3605"", ""cbdb_assoc_code"": ""438""}]",1
3605,32248,SOCIAL,SO_GIFT_POETRY,贈詩、文,directed,,,0.5,primary,唐五代人交往詩索引,437,A,2,"[{""source_table"": ""ASSOC_DATA"", ""c_source"": ""40303"", ""c_pages"": ""1187"", ""c_sequence"": """", ""c_text_title"": ""[n/a]"", ""orig_personid"": ""3605"", ""orig_assoc_id"": ""32248"", ""cbdb_assoc_code"": ""437""}, {""source_table"": ""ASSOC_DATA"", ""c_source"": ""40303"", ""c_pages"": ""1187"", ""c_sequence"": """", ""c_text_title"": ""[n/a]"", ""orig_personid"": ""32248"", ""orig_assoc_id"": ""3605"", ""cbdb_assoc_code"": ""438""}]",1
3605,33606,SOCIAL,SO_FRIEND,友,undirected,,,0.6,unsourced,,9,M,2,"[{""source_table"": ""ASSOC_DATA"", ""c_source"": """", ""c_pages"": """", ""c_sequence"": """", ""c_text_title"": ""[n/a]"", ""orig_personid"": ""3605"", ""orig_assoc_id"": ""33606"", ""cbdb_assoc_code"": ""9""}, {""source_table"": ""ASSOC_DATA"", ""c_source"": """", ""c_pages"": """", ""c_sequence"": """", ""c_text_title"": ""[n/a]"", ""orig_personid"": ""33606"", ""orig_assoc_id"": ""3605"", ""cbdb_assoc_code"": ""9""}]",0
3605,33606,COLLEAGUE,CL_TONGNIAN,同年友,undirected,,,0.7,unsourced,,10,M,2,"[{""source_table"": ""ASSOC_DATA"", ""c_source"": """", ""c_pages"": """", ""c_sequence"": """", ""c_text_title"": ""[n/a]"", ""orig_personid"": ""3605"", ""orig_assoc_id"": ""33606"", ""cbdb_assoc_code"": ""10""}, {""source_table"": ""ASSOC_DATA"", ""c_source"": """", ""c_pages"": """", ""c_sequence"": """", ""c_text_title"": ""[n/a]"", ""orig_personid"": ""33606"", ""orig_assoc_id"": ""3605"", ""cbdb_assoc_code"": ""10""}]",0
3605,33606,SOCIAL,SO_CHANGHE,相唱和,undirected,,,0.6,unsourced,,114,M,2,"[{""source_table"": ""ASSOC_DATA"", ""c_source"": """", ""c_pages"": """", ""c_sequence"": """", ""c_text_title"": ""[n/a]"", ""orig_personid"": ""3605"", ""orig_assoc_id"": ""33606"", ""cbdb_assoc_code"": ""114""}, {""source_table"": ""ASSOC_DATA"", ""c_source"": """", ""c_pages"": """", ""c_sequence"": """", ""c_text_title"": ""[n/a]"", ""orig_personid"": ""33606"", ""orig_assoc_id"": ""3605"", ""cbdb_assoc_code"": ""114""}]",0
3605,33606,COLLEAGUE,CL_TONGLIAO,同僚,undirected,,,0.8,unsourced,,197,M,2,"[{""source_table"": ""ASSOC_DATA"", ""c_source"": """", ""c_pages"": """", ""c_sequence"": """", ""c_text_title"": ""[n/a]"", ""orig_personid"": ""3605"", ""orig_assoc_id"": ""33606"", ""cbdb_assoc_code"": ""197""}, {""source_table"": ""ASSOC_DATA"", ""c_source"": """", ""c_pages"": """", ""c_sequence"": """", ""c_text_title"": ""[n/a]"", ""orig_personid"": ""33606"", ""orig_assoc_id"": ""3605"", ""cbdb_assoc_code"": ""197""}]",1
3702,15161,SOCIAL,SO_GIFT_POETRY,贈詩、文,directed,,,0.5,primary,唐五代人交往詩索引,437,A,2,"[{""source_table"": ""ASSOC_DATA"", ""c_source"": ""40303"", ""c_pages"": ""732"", ""c_sequence"": """", ""c_text_title"": ""[n/a]"", ""orig_personid"": ""3702"", ""orig_assoc_id"": ""15161"", ""cbdb_assoc_code"": ""437""}, {""source_table"": ""ASSOC_DATA"", ""c_source"": ""40303"", ""c_pages"": ""732"", ""c_sequence"": """", ""c_text_title"": ""[n/a]"", ""orig_personid"": ""15161"", ""orig_assoc_id"": ""3702"", ""cbdb_assoc_code"": ""438""}]",1
3702,17130,SOCIAL,SO_GIFT_POETRY,贈詩、文,directed,,,0.5,primary,唐五代人交往詩索引,437,A,2,"[{""source_table"": ""ASSOC_DATA"", ""c_source"": ""40303"", ""c_pages"": ""731"", ""c_sequence"": """", ""c_text_title"": ""[n/a]"", ""orig_personid"": ""3702"", ""orig_assoc_id"": ""17130"", ""cbdb_assoc_code"": ""437""}, {""source_table"": ""ASSOC_DATA"", ""c_source"": ""40303"", ""c_pages"": ""731"", ""c_sequence"": """", ""c_text_title"": ""[n/a]"", ""orig_personid"": ""17130"", ""orig_assoc_id"": ""3702"", ""cbdb_assoc_code"": ""438""}]",1
3702,22057,SOCIAL,SO_GIFT_POETRY,贈詩、文,directed,,,0.5,primary,唐五代人交往詩索引,437,A,2,"[{""source_table"": ""ASSOC_DATA"", ""c_source"": ""40303"", ""c_pages"": ""729"", ""c_sequence"": """", ""c_text_title"": ""[n/a]"", ""orig_personid"": ""3702"", ""orig_assoc_id"": ""22057"", ""cbdb_assoc_code"": ""437""}, {""source_table"": ""ASSOC_DATA"", ""c_source"": ""40303"", ""c_pages"": ""729"", ""c_sequence"": """", ""c_text_title"": ""[n/a]"", ""orig_personid"": ""22057"", ""orig_assoc_id"": ""3702"", ""cbdb_assoc_code"": ""438""}]",1
3702,30864,SOCIAL,SO_GIFT_POETRY,贈詩、文,directed,,,0.5,primary,唐五代人交往詩索引,437,A,2,"[{""source_table"": ""ASSOC_DATA"", ""c_source"": ""40303"", ""c_pages"": ""732"", ""c_sequence"": """", ""c_text_title"": ""[n/a]"", ""orig_personid"": ""3702"", ""orig_assoc_id"": ""30864"", ""cbdb_assoc_code"": ""437""}, {""source_table"": ""ASSOC_DATA"", ""c_source"": ""40303"", ""c_pages"": ""732"", ""c_sequence"": """", ""c_text_title"": ""[n/a]"", ""orig_personid"": ""30864"", ""orig_assoc_id"": ""3702"", ""cbdb_assoc_code"": ""438""}]",1
3702,32227,SOCIAL,SO_GIFT_POETRY,贈詩、文,directed,,,0.5,primary,唐五代人交往詩索引,437,A,2,"[{""source_table"": ""ASSOC_DATA"", ""c_source"": ""40303"", ""c_pages"": ""731"", ""c_sequence"": """", ""c_text_title"": ""[n/a]"", ""orig_personid"": ""3702"", ""orig_assoc_id"": ""32227"", ""cbdb_assoc_code"": ""437""}, {""source_table"": ""ASSOC_DATA"", ""c_source"": ""40303"", ""c_pages"": ""731"", ""c_sequence"": """", ""c_text_title"": ""[n/a]"", ""orig_personid"": ""32227"", ""orig_assoc_id"": ""3702"", ""cbdb_assoc_code"": ""438""}]",1
3702,32540,LITERARY,LI_STYLE,稱道Y之文風,directed,,,0.4,primary,皮日休集,172,A,2,"[{""source_table"": ""ASSOC_DATA"", ""c_source"": ""26149"", ""c_pages"": """", ""c_sequence"": """", ""c_text_title"": ""劉棗強碑"", ""orig_personid"": ""3702"", ""orig_assoc_id"": ""32540"", ""cbdb_assoc_code"": ""172""}, {""source_table"": ""ASSOC_DATA"", ""c_source"": ""26149"", ""c_pages"": """", ""c_sequence"": """", ""c_text_title"": ""劉棗強碑"", ""orig_personid"": ""32540"", ""orig_assoc_id"": ""3702"", ""cbdb_assoc_code"": ""173""}]",1
3702,32540,SOCIAL,SO_GIFT_POETRY,贈詩、文,directed,,,0.5,primary,唐五代人交往詩索引,437,A,2,"[{""source_table"": ""ASSOC_DATA"", ""c_source"": ""40303"", ""c_pages"": ""732"", ""c_sequence"": """", ""c_text_title"": ""[n/a]"", ""orig_personid"": ""3702"", ""orig_assoc_id"": ""32540"", ""cbdb_assoc_code"": ""437""}, {""source_table"": ""ASSOC_DATA"", ""c_source"": ""40303"", ""c_pages"": ""732"", ""c_sequence"": """", ""c_text_title"": ""[n/a]"", ""orig_personid"": ""32540"", ""orig_assoc_id"": ""3702"", ""cbdb_assoc_code"": ""438""}]",0
3702,33753,SOCIAL,SO_GIFT_POETRY,贈詩、文,directed,,,0.5,primary,唐五代人交往詩索引,437,A,2,"[{""source_table"": ""ASSOC_DATA"", ""c_source"": ""40303"", ""c_pages"": ""733"", ""c_sequence"": """", ""c_text_title"": ""[n/a]"", ""orig_personid"": ""3702"", ""orig_assoc_id"": ""33753"", ""cbdb_assoc_code"": ""437""}, {""source_table"": ""ASSOC_DATA"", ""c_source"": ""40303"", ""c_pages"": ""733"", ""c_sequence"": """", ""c_text_title"": ""[n/a]"", ""orig_personid"": ""33753"", ""orig_assoc_id"": ""3702"", ""cbdb_assoc_code"": ""438""}]",1
3702,95025,SOCIAL,SO_GIFT_POETRY,贈詩、文,directed,,,0.5,primary,唐五代人交往詩索引,437,A,2,"[{""source_table"": ""ASSOC_DATA"", ""c_source"": ""40303"", ""c_pages"": ""729"", ""c_sequence"": """", ""c_text_title"": ""[n/a]"", ""orig_personid"": ""3702"", ""orig_assoc_id"": ""95025"", ""cbdb_assoc_code"": ""437""}, {""source_table"": ""ASSOC_DATA"", ""c_source"": ""40303"", ""c_pages"": ""729"", ""c_sequence"": """", ""c_text_title"": ""[n/a]"", ""orig_personid"": ""95025"", ""orig_assoc_id"": ""3702"", ""cbdb_assoc_code"": ""438""}]",1
3915,3130,SOCIAL,SO_GIFT_POETRY,收到Y的贈詩、文,directed,,,0.5,primary,唐五代人交往詩索引,438,P,2,"[{""source_table"": ""ASSOC_DATA"", ""c_source"": ""40303"", ""c_pages"": ""1105"", ""c_sequence"": """", ""c_text_title"": ""[n/a]"", ""orig_personid"": ""3130"", ""orig_assoc_id"": ""3915"", ""cbdb_assoc_code"": ""438""}, {""source_table"": ""ASSOC_DATA"", ""c_source"": ""40303"", ""c_pages"": ""1105"", ""c_sequence"": """", ""c_text_title"": ""[n/a]"", ""orig_personid"": ""3915"", ""orig_assoc_id"": ""3130"", ""cbdb_assoc_code"": ""437""}]",1
3915,20876,SOCIAL,SO_GIFT_POETRY,贈詩、文,directed,,,0.5,primary,唐五代人交往詩索引,437,A,2,"[{""source_table"": ""ASSOC_DATA"", ""c_source"": ""40303"", ""c_pages"": ""1121"", ""c_sequence"": """", ""c_text_title"": ""[n/a]"", ""orig_personid"": ""3915"", ""orig_assoc_id"": ""20876"", ""cbdb_assoc_code"": ""437""}, {""source_table"": ""ASSOC_DATA"", ""c_source"": ""40303"", ""c_pages"": ""1121"", ""c_sequence"": """", ""c_text_title"": ""[n/a]"", ""orig_personid"": ""20876"", ""orig_assoc_id"": ""3915"", ""cbdb_assoc_code"": ""438""}]",1
3915,30851,SOCIAL,SO_FRIEND,友,undirected,,,0.6,unsourced,,9,M,2,"[{""source_table"": ""ASSOC_DATA"", ""c_source"": """", ""c_pages"": """", ""c_sequence"": """", ""c_text_title"": ""[n/a]"", ""orig_personid"": ""3915"", ""orig_assoc_id"": ""30851"", ""cbdb_assoc_code"": ""9""}, {""source_table"": ""ASSOC_DATA"", ""c_source"": """", ""c_pages"": """", ""c_sequence"": """", ""c_text_title"": ""[n/a]"", ""orig_personid"": ""30851"", ""orig_assoc_id"": ""3915"", ""cbdb_assoc_code"": ""9""}]",1
3915,30851,SOCIAL,SO_GIFT_POETRY,贈詩、文,directed,,,0.5,primary,唐五代人交往詩索引,437,A,2,"[{""source_table"": ""ASSOC_DATA"", ""c_source"": ""40303"", ""c_pages"": ""1100"", ""c_sequence"": """", ""c_text_title"": ""[n/a]"", ""orig_personid"": ""3915"", ""orig_assoc_id"": ""30851"", ""cbdb_assoc_code"": ""437""}, {""source_table"": ""ASSOC_DATA"", ""c_source"": ""40303"", ""c_pages"": ""1100"", ""c_sequence"": """", ""c_text_title"": ""[n/a]"", ""orig_personid"": ""30851"", ""orig_assoc_id"": ""3915"", ""cbdb_assoc_code"": ""438""}]",0
3915,30982,SOCIAL,SO_GIFT_POETRY,贈詩、文,directed,,,0.5,primary,唐五代人交往詩索引,437,A,2,"[{""source_table"": ""ASSOC_DATA"", ""c_source"": ""40303"", ""c_pages"": ""1103"", ""c_sequence"": """", ""c_text_title"": ""[n/a]"", ""orig_personid"": ""3915"", ""orig_assoc_id"": ""30982"", ""cbdb_assoc_code"": ""437""}, {""source_table"": ""ASSOC_DATA"", ""c_source"": ""40303"", ""c_pages"": ""1103"", ""c_sequence"": """", ""c_text_title"": ""[n/a]"", ""orig_personid"": ""30982"", ""orig_assoc_id"": ""3915"", ""cbdb_assoc_code"": ""438""}]",1
3915,31110,SOCIAL,SO_GIFT_POETRY,贈詩、文,directed,,,0.5,primary,唐五代人交往詩索引,437,A,2,"[{""source_table"": ""ASSOC_DATA"", ""c_source"": ""40303"", ""c_pages"": ""1121"", ""c_sequence"": """", ""c_text_title"": ""[n/a]"", ""orig_personid"": ""3915"", ""orig_assoc_id"": ""31110"", ""cbdb_assoc_code"": ""437""}, {""source_table"": ""ASSOC_DATA"", ""c_source"": ""40303"", ""c_pages"": ""1121"", ""c_sequence"": """", ""c_text_title"": ""[n/a]"", ""orig_personid"": ""31110"", ""orig_assoc_id"": ""3915"", ""cbdb_assoc_code"": ""438""}]",1
3915,31143,SOCIAL,SO_GIFT_POETRY,贈詩、文,directed,,,0.5,primary,唐五代人交往詩索引,437,A,2,"[{""source_table"": ""ASSOC_DATA"", ""c_source"": ""40303"", ""c_pages"": ""1124"", ""c_sequence"": """", ""c_text_title"": ""[n/a]"", ""orig_personid"": ""3915"", ""orig_assoc_id"": ""31143"", ""cbdb_assoc_code"": ""437""}, {""source_table"": ""ASSOC_DATA"", ""c_source"": ""40303"", ""c_pages"": ""1124"", ""c_sequence"": """", ""c_text_title"": ""[n/a]"", ""orig_personid"": ""31143"", ""orig_assoc_id"": ""3915"", ""cbdb_assoc_code"": ""438""}]",1
3915,31275,SOCIAL,SO_GIFT_POETRY,贈詩、文,directed,,,0.5,primary,唐五代人交往詩索引,437,A,2,"[{""source_table"": ""ASSOC_DATA"", ""c_source"": ""40303"", ""c_pages"": ""1111"", ""c_sequence"": """", ""c_text_title"": ""[n/a]"", ""orig_personid"": ""3915"", ""orig_assoc_id"": ""31275"", ""cbdb_assoc_code"": ""437""}, {""source_table"": ""ASSOC_DATA"", ""c_source"": ""40303"", ""c_pages"": ""1111"", ""c_sequence"": """", ""c_text_title"": ""[n/a]"", ""orig_personid"": ""31275"", ""orig_assoc_id"": ""3915"", ""cbdb_assoc_code"": ""438""}]",1
3915,31322,SOCIAL,SO_GIFT_POETRY,贈詩、文,directed,,,0.5,primary,唐五代人交往詩索引,437,A,2,"[{""source_table"": ""ASSOC_DATA"", ""c_source"": ""40303"", ""c_pages"": ""1124"", ""c_sequence"": """", ""c_text_title"": ""[n/a]"", ""orig_personid"": ""3915"", ""orig_assoc_id"": ""31322"", ""cbdb_assoc_code"": ""437""}, {""source_table"": ""ASSOC_DATA"", ""c_source"": ""40303"", ""c_pages"": ""1124"", ""c_sequence"": """", ""c_text_title"": ""[n/a]"", ""orig_personid"": ""31322"", ""orig_assoc_id"": ""3915"", ""cbdb_assoc_code"": ""438""}]",1
3915,31560,SOCIAL,SO_GIFT_POETRY,贈詩、文,directed,,,0.5,primary,唐五代人交往詩索引,437,A,2,"[{""source_table"": ""ASSOC_DATA"", ""c_source"": ""40303"", ""c_pages"": ""1111"", ""c_sequence"": """", ""c_text_title"": ""[n/a]"", ""orig_personid"": ""3915"", ""orig_assoc_id"": ""31560"", ""cbdb_assoc_code"": ""437""}, {""source_table"": ""ASSOC_DATA"", ""c_source"": ""40303"", ""c_pages"": ""1111"", ""c_sequence"": """", ""c_text_title"": ""[n/a]"", ""orig_personid"": ""31560"", ""orig_assoc_id"": ""3915"", ""cbdb_assoc_code"": ""438""}]",1
3915,32174,SOCIAL,SO_GIFT_POETRY,贈詩、文,directed,,,0.5,primary,唐五代人交往詩索引,437,A,2,"[{""source_table"": ""ASSOC_DATA"", ""c_source"": ""40303"", ""c_pages"": ""1102"", ""c_sequence"": """", ""c_text_title"": ""[n/a]"", ""orig_personid"": ""3915"", ""orig_assoc_id"": ""32174"", ""cbdb_assoc_code"": ""437""}, {""source_table"": ""ASSOC_DATA"", ""c_source"": ""40303"", ""c_pages"": ""1102"", ""c_sequence"": """", ""c_text_title"": ""[n/a]"", ""orig_personid"": ""32174"", ""orig_assoc_id"": ""3915"", ""cbdb_assoc_code"": ""438""}]",1
3915,32540,SOCIAL,SO_FRIEND,友,undirected,,,0.6,unsourced,,9,M,2,"[{""source_table"": ""ASSOC_DATA"", ""c_source"": """", ""c_pages"": """", ""c_sequence"": """", ""c_text_title"": ""[n/a]"", ""orig_personid"": ""3915"", ""orig_assoc_id"": ""32540"", ""cbdb_assoc_code"": ""9""}, {""source_table"": ""ASSOC_DATA"", ""c_source"": """", ""c_pages"": """", ""c_sequence"": """", ""c_text_title"": ""[n/a]"", ""orig_personid"": ""32540"", ""orig_assoc_id"": ""3915"", ""cbdb_assoc_code"": ""9""}]",1
3915,32540,SOCIAL,SO_GIFT_POETRY,贈詩、文,directed,,,0.5,primary,唐五代人交往詩索引,437,A,2,"[{""source_table"": ""ASSOC_DATA"", ""c_source"": ""40303"", ""c_pages"": ""1112"", ""c_sequence"": """", ""c_text_title"": ""[n/a]"", ""orig_personid"": ""3915"", ""orig_assoc_id"": ""32540"", ""cbdb_assoc_code"": ""437""}, {""source_table"": ""ASSOC_DATA"", ""c_source"": ""40303"", ""c_pages"": ""1112"", ""c_sequence"": """", ""c_text_title"": ""贈李白"", ""orig_personid"": ""32540"", ""orig_assoc_id"": ""3915"", ""cbdb_assoc_code"": ""438""}]",0
3915,32540,SOCIAL,SO_TONGYOU,與Y旅遊,undirected,,,0.5,unsourced,,555,M,2,"[{""source_table"": ""ASSOC_DATA"", ""c_source"": """", ""c_pages"": """", ""c_sequence"": """", ""c_text_title"": ""[n/a]"", ""orig_personid"": ""3915"", ""orig_assoc_id"": ""32540"", ""cbdb_assoc_code"": ""555""}, {""source_table"": ""ASSOC_DATA"", ""c_source"": """", ""c_pages"": """", ""c_sequence"": """", ""c_text_title"": ""[n/a]"", ""orig_personid"": ""32540"", ""orig_assoc_id"": ""3915"", ""cbdb_assoc_code"": ""555""}]",0
3915,32583,SOCIAL,SO_GIFT_POETRY,贈詩、文,directed,,,0.5,primary,唐五代人交往詩索引,437,A,2,"[{""source_table"": ""ASSOC_DATA"", ""c_source"": ""40303"", ""c_pages"": ""1107"", ""c_sequence"": """", ""c_text_title"": ""[n/a]"", ""orig_personid"": ""3915"", ""orig_assoc_id"": ""32583"", ""cbdb_assoc_code"": ""437""}, {""source_table"": ""ASSOC_DATA"", ""c_source"": ""40303"", ""c_pages"": ""1107"", ""c_sequence"": """", ""c_text_title"": ""[n/a]"", ""orig_personid"": ""32583"", ""orig_assoc_id"": ""3915"", ""cbdb_assoc_code"": ""438""}]",1
3915,32593,KIN,K_OTHER,祖父,directed,,,0.7,primary,Pers DB / 唐代人物知識ベース,62,KIN,1,"[{""source_table"": ""KIN_DATA"", ""c_source"": ""24309"", ""c_pages"": ""pers01115"", ""c_sequence"": """", ""c_text_title"": """", ""orig_personid"": ""3915"", ""orig_assoc_id"": ""32593"", ""cbdb_assoc_code"": ""62""}]",1
3915,32847,SOCIAL,SO_GIFT_POETRY,贈詩、文,directed,,,0.5,primary,唐五代人交往詩索引,437,A,2,"[{""source_table"": ""ASSOC_DATA"", ""c_source"": ""40303"", ""c_pages"": ""1113"", ""c_sequence"": """", ""c_text_title"": ""[n/a]"", ""orig_personid"": ""3915"", ""orig_assoc_id"": ""32847"", ""cbdb_assoc_code"": ""437""}, {""source_table"": ""ASSOC_DATA"", ""c_source"": ""40303"", ""c_pages"": ""1113"", ""c_sequence"": """", ""c_text_title"": ""[n/a]"", ""orig_personid"": ""32847"", ""orig_assoc_id"": ""3915"", ""cbdb_assoc_code"": ""438""}]",1
3915,32889,SOCIAL,SO_GIFT_POETRY,贈詩、文,directed,,,0.5,primary,唐五代人交往詩索引,437,A,2,"[{""source_table"": ""ASSOC_DATA"", ""c_source"": ""40303"", ""c_pages"": ""1104"", ""c_sequence"": """", ""c_text_title"": ""[n/a]"", ""orig_personid"": ""3915"", ""orig_assoc_id"": ""32889"", ""cbdb_assoc_code"": ""437""}, {""source_table"": ""ASSOC_DATA"", ""c_source"": ""40303"", ""c_pages"": ""1104"", ""c_sequence"": """", ""c_text_title"": ""[n/a]"", ""orig_personid"": ""32889"", ""orig_assoc_id"": ""3915"", ""cbdb_assoc_code"": ""438""}]",1
3915,33062,SOCIAL,SO_GIFT_POETRY,贈詩、文,directed,,,0.5,primary,唐五代人交往詩索引,437,A,2,"[{""source_table"": ""ASSOC_DATA"", ""c_source"": ""40303"", ""c_pages"": ""1104"", ""c_sequence"": """", ""c_text_title"": ""[n/a]"", ""orig_personid"": ""3915"", ""orig_assoc_id"": ""33062"", ""cbdb_assoc_code"": ""437""}, {""source_table"": ""ASSOC_DATA"", ""c_source"": ""40303"", ""c_pages"": ""1104"", ""c_sequence"": """", ""c_text_title"": ""[n/a]"", ""orig_personid"": ""33062"", ""orig_assoc_id"": ""3915"", ""cbdb_assoc_code"": ""438""}]",1
3915,33651,SOCIAL,SO_GIFT_POETRY,贈詩、文,directed,,,0.5,primary,唐五代人交往詩索引,437,A,2,"[{""source_table"": ""ASSOC_DATA"", ""c_source"": ""40303"", ""c_pages"": ""1106"", ""c_sequence"": """", ""c_text_title"": ""[n/a]"", ""orig_personid"": ""3915"", ""orig_assoc_id"": ""33651"", ""cbdb_assoc_code"": ""437""}, {""source_table"": ""ASSOC_DATA"", ""c_source"": ""40303"", ""c_pages"": ""1106"", ""c_sequence"": """", ""c_text_title"": ""[n/a]"", ""orig_personid"": ""33651"", ""orig_assoc_id"": ""3915"", ""cbdb_assoc_code"": ""438""}]",1
3915,93409,SOCIAL,SO_GIFT_POETRY,贈詩、文,directed,,,0.5,primary,唐五代人交往詩索引,437,A,2,"[{""source_table"": ""ASSOC_DATA"", ""c_source"": ""40303"", ""c_pages"": ""1105"", ""c_sequence"": """", ""c_text_title"": ""[n/a]"", ""orig_personid"": ""3915"", ""orig_assoc_id"": ""93409"", ""cbdb_assoc_code"": ""437""}, {""source_table"": ""ASSOC_DATA"", ""c_source"": ""40303"", ""c_pages"": ""1105"", ""c_sequence"": """", ""c_text_title"": ""[n/a]"", ""orig_personid"": ""93409"", ""orig_assoc_id"": ""3915"", ""cbdb_assoc_code"": ""438""}]",1
3915,93956,SOCIAL,SO_GIFT_POETRY,贈詩、文,directed,,,0.5,primary,唐五代人交往詩索引,437,A,2,"[{""source_table"": ""ASSOC_DATA"", ""c_source"": ""40303"", ""c_pages"": ""1106"", ""c_sequence"": """", ""c_text_title"": ""[n/a]"", ""orig_personid"": ""3915"", ""orig_assoc_id"": ""93956"", ""cbdb_assoc_code"": ""437""}, {""source_table"": ""ASSOC_DATA"", ""c_source"": ""40303"", ""c_pages"": ""1106"", ""c_sequence"": """", ""c_text_title"": ""[n/a]"", ""orig_personid"": ""93956"", ""orig_assoc_id"": ""3915"", ""cbdb_assoc_code"": ""438""}]",1
3915,146097,SOCIAL,SO_GIFT_POETRY,贈詩、文,directed,,,0.5,primary,唐五代人交往詩索引,437,A,2,"[{""source_table"": ""ASSOC_DATA"", ""c_source"": ""40303"", ""c_pages"": ""1114"", ""c_sequence"": """", ""c_text_title"": ""[n/a]"", ""orig_personid"": ""3915"", ""orig_assoc_id"": ""146097"", ""cbdb_assoc_code"": ""437""}, {""source_table"": ""ASSOC_DATA"", ""c_source"": ""40303"", ""c_pages"": ""1114"", ""c_sequence"": """", ""c_text_title"": ""[n/a]"", ""orig_personid"": ""146097"", ""orig_assoc_id"": ""3915"", ""cbdb_assoc_code"": ""438""}]",1
3915,379873,POLITICAL,PO_OPPOSE,忌/惡,directed,,,0.3,primary,唐五代人交往詩索引,83,A,2,"[{""source_table"": ""ASSOC_DATA"", ""c_source"": ""40303"", ""c_pages"": ""1110"", ""c_sequence"": """", ""c_text_title"": ""[n/a]"", ""orig_personid"": ""3915"", ""orig_assoc_id"": ""379873"", ""cbdb_assoc_code"": ""83""}, {""source_table"": ""ASSOC_DATA"", ""c_source"": ""40303"", ""c_pages"": ""1110"", ""c_sequence"": """", ""c_text_title"": ""[n/a]"", ""orig_personid"": ""379873"", ""orig_assoc_id"": ""3915"", ""cbdb_assoc_code"": ""84""}]",1
11524,31222,SOCIAL,SO_GIFT_POETRY,贈詩、文,directed,,,0.5,primary,唐五代人交往詩索引,437,A,2,"[{""source_table"": ""ASSOC_DATA"", ""c_source"": ""40303"", ""c_pages"": ""1329"", ""c_sequence"": """", ""c_text_title"": ""[n/a]"", ""orig_personid"": ""11524"", ""orig_assoc_id"": ""31222"", ""cbdb_assoc_code"": ""437""}, {""source_table"": ""ASSOC_DATA"", ""c_source"": ""40303"", ""c_pages"": ""1329"", ""c_sequence"": """", ""c_text_title"": ""[n/a]"", ""orig_personid"": ""31222"", ""orig_assoc_id"": ""11524"", ""cbdb_assoc_code"": ""438""}]",1
11605,19244,SOCIAL,SO_GIFT_POETRY,贈詩、文,directed,,,0.5,primary,唐五代人交往詩索引,437,A,2,"[{""source_table"": ""ASSOC_DATA"", ""c_source"": ""40303"", ""c_pages"": ""1020"", ""c_sequence"": """", ""c_text_title"": ""[n/a]"", ""orig_personid"": ""11605"", ""orig_assoc_id"": ""19244"", ""cbdb_assoc_code"": ""437""}, {""source_table"": ""ASSOC_DATA"", ""c_source"": ""40303"", ""c_pages"": ""1020"", ""c_sequence"": """", ""c_text_title"": ""[n/a]"", ""orig_personid"": ""19244"", ""orig_assoc_id"": ""11605"", ""cbdb_assoc_code"": ""438""}]",1
11605,26935,SOCIAL,SO_GIFT_POETRY,贈詩、文,directed,,,0.5,primary,唐五代人交往詩索引,437,A,2,"[{""source_table"": ""ASSOC_DATA"", ""c_source"": ""40303"", ""c_pages"": ""1021"", ""c_sequence"": """", ""c_text_title"": ""[n/a]"", ""orig_personid"": ""11605"", ""orig_assoc_id"": ""26935"", ""cbdb_assoc_code"": ""437""}, {""source_table"": ""ASSOC_DATA"", ""c_source"": ""40303"", ""c_pages"": ""1021"", ""c_sequence"": """", ""c_text_title"": ""[n/a]"", ""orig_personid"": ""26935"", ""orig_assoc_id"": ""11605"", ""cbdb_assoc_code"": ""438""}]",1
11605,31407,SOCIAL,SO_GIFT_POETRY,贈詩、文,directed,,,0.5,primary,唐五代人交往詩索引,437,A,2,"[{""source_table"": ""ASSOC_DATA"", ""c_source"": ""40303"", ""c_pages"": ""1018"", ""c_sequence"": """", ""c_text_title"": ""[n/a]"", ""orig_personid"": ""11605"", ""orig_assoc_id"": ""31407"", ""cbdb_assoc_code"": ""437""}, {""source_table"": ""ASSOC_DATA"", ""c_source"": ""40303"", ""c_pages"": ""1018"", ""c_sequence"": """", ""c_text_title"": ""[n/a]"", ""orig_personid"": ""31407"", ""orig_assoc_id"": ""11605"", ""cbdb_assoc_code"": ""438""}]",1
11605,32540,POLITICAL,PO_ADMIRE,欣賞/器重,directed,720,,0.5,primary,李太白全集,18,A,2,"[{""source_table"": ""ASSOC_DATA"", ""c_source"": ""25640"", ""c_pages"": """", ""c_sequence"": """", ""c_text_title"": ""[n/a]"", ""orig_personid"": ""11605"", ""orig_assoc_id"": ""32540"", ""cbdb_assoc_code"": ""18""}, {""source_table"": ""ASSOC_DATA"", ""c_source"": ""25640"", ""c_pages"": """", ""c_sequence"": """", ""c_text_title"": ""[n/a]"", ""orig_personid"": ""32540"", ""orig_assoc_id"": ""11605"", ""cbdb_assoc_code"": ""17""}]",1
11605,32593,SOCIAL,SO_GIFT_POETRY,贈詩、文,directed,,,0.5,primary,唐五代人交往詩索引,437,A,2,"[{""source_table"": ""ASSOC_DATA"", ""c_source"": ""40303"", ""c_pages"": ""1021"", ""c_sequence"": """", ""c_text_title"": ""[n/a]"", ""orig_personid"": ""11605"", ""orig_assoc_id"": ""32593"", ""cbdb_assoc_code"": ""437""}, {""source_table"": ""ASSOC_DATA"", ""c_source"": ""40303"", ""c_pages"": ""1021"", ""c_sequence"": """", ""c_text_title"": ""[n/a]"", ""orig_personid"": ""32593"", ""orig_assoc_id"": ""11605"", ""cbdb_assoc_code"": ""438""}]",1
11605,447292,SOCIAL,SO_GIFT_POETRY,贈詩、文,directed,,,0.5,primary,唐五代人交往詩索引,437,A,2,"[{""source_table"": ""ASSOC_DATA"", ""c_source"": ""40303"", ""c_pages"": ""1019"", ""c_sequence"": """", ""c_text_title"": ""[n/a]"", ""orig_personid"": ""11605"", ""orig_assoc_id"": ""447292"", ""cbdb_assoc_code"": ""437""}, {""source_table"": ""ASSOC_DATA"", ""c_source"": ""40303"", ""c_pages"": ""1019"", ""c_sequence"": """", ""c_text_title"": ""[n/a]"", ""orig_personid"": ""447292"", ""orig_assoc_id"": ""11605"", ""cbdb_assoc_code"": ""438""}]",1
11965,22057,KIN,K_SIBLING,弟,undirected,,,0.9,unsourced,,126,KIN,2,"[{""source_table"": ""KIN_DATA"", ""c_source"": """", ""c_pages"": """", ""c_sequence"": """", ""c_text_title"": """", ""orig_personid"": ""11965"", ""orig_assoc_id"": ""22057"", ""cbdb_assoc_code"": ""126""}, {""source_table"": ""KIN_DATA"", ""c_source"": """", ""c_pages"": """", ""c_sequence"": """", ""c_text_title"": """", ""orig_personid"": ""22057"", ""orig_assoc_id"": ""11965"", ""cbdb_assoc_code"": ""125""}]",1
13059,13060,SOCIAL,SO_GIFT_POETRY,贈詩、文,directed,,,0.5,primary,唐五代人交往詩索引,437,A,2,"[{""source_table"": ""ASSOC_DATA"", ""c_source"": ""40303"", ""c_pages"": ""840"", ""c_sequence"": """", ""c_text_title"": ""[n/a]"", ""orig_personid"": ""13059"", ""orig_assoc_id"": ""13060"", ""cbdb_assoc_code"": ""437""}, {""source_table"": ""ASSOC_DATA"", ""c_source"": ""40303"", ""c_pages"": ""840"", ""c_sequence"": """", ""c_text_title"": ""[n/a]"", ""orig_personid"": ""13060"", ""orig_assoc_id"": ""13059"", ""cbdb_assoc_code"": ""438""}]",0
13059,13060,KIN,K_CHILD,子,directed,,,1.0,unsourced,,180,KIN,1,"[{""source_table"": ""KIN_DATA"", ""c_source"": """", ""c_pages"": """", ""c_sequence"": """", ""c_text_title"": """", ""orig_personid"": ""13059"", ""orig_assoc_id"": ""13060"", ""cbdb_assoc_code"": ""180""}]",1
13060,13059,KIN,K_PARENT,父,directed,,,1.0,unsourced,,75,KIN,1,"[{""source_table"": ""KIN_DATA"", ""c_source"": """", ""c_pages"": """", ""c_sequence"": """", ""c_text_title"": """", ""orig_personid"": ""13060"", ""orig_assoc_id"": ""13059"", ""cbdb_assoc_code"": ""75""}]",0
13060,15610,SOCIAL,SO_GIFT_POETRY,贈詩、文,directed,,,0.5,primary,唐五代人交往詩索引,437,A,2,"[{""source_table"": ""ASSOC_DATA"", ""c_source"": ""40303"", ""c_pages"": ""868"", ""c_sequence"": """", ""c_text_title"": ""[n/a]"", ""orig_personid"": ""13060"", ""orig_assoc_id"": ""15610"", ""cbdb_assoc_code"": ""437""}, {""source_table"": ""ASSOC_DATA"", ""c_source"": ""40303"", ""c_pages"": ""868"", ""c_sequence"": """", ""c_text_title"": ""[n/a]"", ""orig_personid"": ""15610"", ""orig_assoc_id"": ""13060"", ""cbdb_assoc_code"": ""438""}]",1
13060,17130,SOCIAL,SO_GIFT_POETRY,贈詩、文,directed,,,0.5,primary,唐五代人交往詩索引,437,A,2,"[{""source_table"": ""ASSOC_DATA"", ""c_source"": ""40303"", ""c_pages"": ""868"", ""c_sequence"": """", ""c_text_title"": ""[n/a]"", ""orig_personid"": ""13060"", ""orig_assoc_id"": ""17130"", ""cbdb_assoc_code"": ""437""}, {""source_table"": ""ASSOC_DATA"", ""c_source"": ""40303"", ""c_pages"": ""868"", ""c_sequence"": """", ""c_text_title"": ""[n/a]"", ""orig_personid"": ""17130"", ""orig_assoc_id"": ""13060"", ""cbdb_assoc_code"": ""438""}]",0
13060,17130,COLLEAGUE,CL_SUPERIOR,下屬為Y,directed,,,0.8,unsourced,,482,A,2,"[{""source_table"": ""ASSOC_DATA"", ""c_source"": """", ""c_pages"": """", ""c_sequence"": """", ""c_text_title"": ""[n/a]"", ""orig_personid"": ""13060"", ""orig_assoc_id"": ""17130"", ""cbdb_assoc_code"": ""482""}, {""source_table"": ""ASSOC_DATA"", ""c_source"": """", ""c_pages"": """", ""c_sequence"": """", ""c_text_title"": ""[n/a]"", ""orig_personid"": ""17130"", ""orig_assoc_id"": ""13060"", ""cbdb_assoc_code"": ""481""}]",1
13060,19241,KIN,K_CHILD,九子,directed,,,1.0,unsourced,,206,KIN,1,"[{""source_table"": ""KIN_DATA"", ""c_source"": """", ""c_pages"": """", ""c_sequence"": """", ""c_text_title"": """", ""orig_personid"": ""13060"", ""orig_assoc_id"": ""19241"", ""cbdb_assoc_code"": ""206""}]",1
13060,22793,COLLEAGUE,CL_SUPERIOR,下屬為Y,directed,,,0.8,unsourced,,482,A,2,"[{""source_table"": ""ASSOC_DATA"", ""c_source"": """", ""c_pages"": """", ""c_sequence"": """", ""c_text_title"": ""[n/a]"", ""orig_personid"": ""13060"", ""orig_assoc_id"": ""22793"", ""cbdb_assoc_code"": ""482""}, {""source_table"": ""ASSOC_DATA"", ""c_source"": """", ""c_pages"": """", ""c_sequence"": """", ""c_text_title"": ""[n/a]"", ""orig_personid"": ""22793"", ""orig_assoc_id"": ""13060"", ""cbdb_assoc_code"": ""481""}]",1
13060,31066,KIN,K_SPOUSE,第一任妻,undirected,,,1.0,unsourced,,138,KIN,2,"[{""source_table"": ""KIN_DATA"", ""c_source"": """", ""c_pages"": """", ""c_sequence"": """", ""c_text_title"": """", ""orig_personid"": ""13060"", ""orig_assoc_id"": ""31066"", ""cbdb_assoc_code"": ""138""}, {""source_table"": ""KIN_DATA"", ""c_source"": """", ""c_pages"": """", ""c_sequence"": """", ""c_text_title"": """", ""orig_personid"": ""31066"", ""orig_assoc_id"": ""13060"", ""cbdb_assoc_code"": ""134""}]",1
13060,31068,COLLEAGUE,CL_SUPERIOR,下屬為Y,directed,,,0.8,unsourced,,482,A,2,"[{""source_table"": ""ASSOC_DATA"", ""c_source"": """", ""c_pages"": """", ""c_sequence"": """", ""c_text_title"": ""[n/a]"", ""orig_personid"": ""13060"", ""orig_assoc_id"": ""31068"", ""cbdb_assoc_code"": ""482""}, {""source_table"": ""ASSOC_DATA"", ""c_source"": """", ""c_pages"": """", ""c_sequence"": """", ""c_text_title"": ""[n/a]"", ""orig_personid"": ""31068"", ""orig_assoc_id"": ""13060"", ""cbdb_assoc_code"": ""481""}]",1
13060,31312,COLLEAGUE,CL_SUPERIOR,下屬為Y,directed,,,0.8,unsourced,,482,A,2,"[{""source_table"": ""ASSOC_DATA"", ""c_source"": """", ""c_pages"": """", ""c_sequence"": """", ""c_text_title"": ""[n/a]"", ""orig_personid"": ""13060"", ""orig_assoc_id"": ""31312"", ""cbdb_assoc_code"": ""482""}, {""source_table"": ""ASSOC_DATA"", ""c_source"": """", ""c_pages"": """", ""c_sequence"": """", ""c_text_title"": ""[n/a]"", ""orig_personid"": ""31312"", ""orig_assoc_id"": ""13060"", ""cbdb_assoc_code"": ""481""}]",1
13060,92899,COLLEAGUE,CL_SUPERIOR,下屬為Y,directed,,,0.8,unsourced,,482,A,2,"[{""source_table"": ""ASSOC_DATA"", ""c_source"": """", ""c_pages"": """", ""c_sequence"": """", ""c_text_title"": ""[n/a]"", ""orig_personid"": ""13060"", ""orig_assoc_id"": ""92899"", ""cbdb_assoc_code"": ""482""}, {""source_table"": ""ASSOC_DATA"", ""c_source"": """", ""c_pages"": """", ""c_sequence"": """", ""c_text_title"": ""[n/a]"", ""orig_personid"": ""92899"", ""orig_assoc_id"": ""13060"", ""cbdb_assoc_code"": ""481""}]",1
13060,93663,KIN,K_SPOUSE,妻子,undirected,,,1.0,primary,舊唐書,135,KIN,2,"[{""source_table"": ""KIN_DATA"", ""c_source"": ""4801"", ""c_pages"": ""115"", ""c_sequence"": """", ""c_text_title"": """", ""orig_personid"": ""13060"", ""orig_assoc_id"": ""93663"", ""cbdb_assoc_code"": ""135""}, {""source_table"": ""KIN_DATA"", ""c_source"": ""4801"", ""c_pages"": ""115"", ""c_sequence"": """", ""c_text_title"": """", ""orig_personid"": ""93663"", ""orig_assoc_id"": ""13060"", ""cbdb_assoc_code"": ""345""}]",1
13060,93663,KIN,K_AFFINAL,子婦;兒媳,directed,,,0.7,unsourced,,396,KIN,1,"[{""source_table"": ""KIN_DATA"", ""c_source"": """", ""c_pages"": """", ""c_sequence"": """", ""c_text_title"": """", ""orig_personid"": ""13060"", ""orig_assoc_id"": ""93663"", ""cbdb_assoc_code"": ""396""}]",0
13575,3332,TEACHER_STUDENT,TS_STUDENT,學生為Y,directed,797,,0.8,primary,韓昌黎文集校注,23,P,2,"[{""source_table"": ""ASSOC_DATA"", ""c_source"": ""2997"", ""c_pages"": """", ""c_sequence"": ""0"", ""c_text_title"": ""[n/a]"", ""orig_personid"": ""3332"", ""orig_assoc_id"": ""13575"", ""cbdb_assoc_code"": ""23""}, {""source_table"": ""ASSOC_DATA"", ""c_source"": ""2997"", ""c_pages"": """", ""c_sequence"": ""0"", ""c_text_title"": ""[n/a]"", ""orig_personid"": ""13575"", ""orig_assoc_id"": ""3332"", ""cbdb_assoc_code"": ""22""}]",1
13575,3332,SOCIAL,SO_GIFT_POETRY,收到Y的贈詩、文,directed,,,0.5,primary,唐五代人交往詩索引,438,P,2,"[{""source_table"": ""ASSOC_DATA"", ""c_source"": ""40303"", ""c_pages"": ""281"", ""c_sequence"": """", ""c_text_title"": ""[n/a]"", ""orig_personid"": ""3332"", ""orig_assoc_id"": ""13575"", ""cbdb_assoc_code"": ""438""}, {""source_table"": ""ASSOC_DATA"", ""c_source"": ""40303"", ""c_pages"": ""281"", ""c_sequence"": """", ""c_text_title"": ""[n/a]"", ""orig_personid"": ""13575"", ""orig_assoc_id"": ""3332"", ""cbdb_assoc_code"": ""437""}]",0
13575,32227,SOCIAL,SO_GIFT_POETRY,贈詩、文,directed,,,0.5,primary,唐五代人交往詩索引,437,A,2,"[{""source_table"": ""ASSOC_DATA"", ""c_source"": ""40303"", ""c_pages"": ""278"", ""c_sequence"": """", ""c_text_title"": ""[n/a]"", ""orig_personid"": ""13575"", ""orig_assoc_id"": ""32227"", ""cbdb_assoc_code"": ""437""}, {""source_table"": ""ASSOC_DATA"", ""c_source"": ""40303"", ""c_pages"": ""278"", ""c_sequence"": """", ""c_text_title"": ""[n/a]"", ""orig_personid"": ""32227"", ""orig_assoc_id"": ""13575"", ""cbdb_assoc_code"": ""438""}]",1
13575,32248,SOCIAL,SO_GIFT_POETRY,贈詩、文,directed,,,0.5,primary,唐五代人交往詩索引,437,A,2,"[{""source_table"": ""ASSOC_DATA"", ""c_source"": ""40303"", ""c_pages"": ""277"", ""c_sequence"": """", ""c_text_title"": ""[n/a]"", ""orig_personid"": ""13575"", ""orig_assoc_id"": ""32248"", ""cbdb_assoc_code"": ""437""}, {""source_table"": ""ASSOC_DATA"", ""c_source"": ""40303"", ""c_pages"": ""277"", ""c_sequence"": """", ""c_text_title"": ""[n/a]"", ""orig_personid"": ""32248"", ""orig_assoc_id"": ""13575"", ""cbdb_assoc_code"": ""438""}]",1
13575,32889,SOCIAL,SO_GIFT_POETRY,贈詩、文,directed,,,0.5,primary,唐五代人交往詩索引,437,A,2,"[{""source_table"": ""ASSOC_DATA"", ""c_source"": ""40303"", ""c_pages"": ""277"", ""c_sequence"": """", ""c_text_title"": ""[n/a]"", ""orig_personid"": ""13575"", ""orig_assoc_id"": ""32889"", ""cbdb_assoc_code"": ""437""}, {""source_table"": ""ASSOC_DATA"", ""c_source"": ""40303"", ""c_pages"": ""277"", ""c_sequence"": """", ""c_text_title"": ""[n/a]"", ""orig_personid"": ""32889"", ""orig_assoc_id"": ""13575"", ""cbdb_assoc_code"": ""438""}]",1
13575,32980,SOCIAL,SO_GIFT_POETRY,贈詩、文,directed,,,0.5,primary,唐五代人交往詩索引,437,A,2,"[{""source_table"": ""ASSOC_DATA"", ""c_source"": ""40303"", ""c_pages"": ""283"", ""c_sequence"": """", ""c_text_title"": ""[n/a]"", ""orig_personid"": ""13575"", ""orig_assoc_id"": ""32980"", ""cbdb_assoc_code"": ""437""}, {""source_table"": ""ASSOC_DATA"", ""c_source"": ""40303"", ""c_pages"": ""283"", ""c_sequence"": """", ""c_text_title"": ""[n/a]"", ""orig_personid"": ""32980"", ""orig_assoc_id"": ""13575"", ""cbdb_assoc_code"": ""438""}]",1
13575,33606,SOCIAL,SO_GIFT_POETRY,贈詩、文,directed,,,0.5,primary,唐五代人交往詩索引,437,A,2,"[{""source_table"": ""ASSOC_DATA"", ""c_source"": ""40303"", ""c_pages"": ""282"", ""c_sequence"": """", ""c_text_title"": ""[n/a]"", ""orig_personid"": ""13575"", ""orig_assoc_id"": ""33606"", ""cbdb_assoc_code"": ""437""}, {""source_table"": ""ASSOC_DATA"", ""c_source"": ""40303"", ""c_pages"": ""282"", ""c_sequence"": """", ""c_text_title"": ""[n/a]"", ""orig_personid"": ""33606"", ""orig_assoc_id"": ""13575"", ""cbdb_assoc_code"": ""438""}]",1
13575,36130,SOCIAL,SO_GIFT_POETRY,贈詩、文,directed,,,0.5,primary,唐五代人交往詩索引,437,A,2,"[{""source_table"": ""ASSOC_DATA"", ""c_source"": ""40303"", ""c_pages"": ""277"", ""c_sequence"": """", ""c_text_title"": ""[n/a]"", ""orig_personid"": ""13575"", ""orig_assoc_id"": ""36130"", ""cbdb_assoc_code"": ""437""}, {""source_table"": ""ASSOC_DATA"", ""c_source"": ""40303"", ""c_pages"": ""277"", ""c_sequence"": """", ""c_text_title"": ""[n/a]"", ""orig_personid"": ""36130"", ""orig_assoc_id"": ""13575"", ""cbdb_assoc_code"": ""438""}]",1
13575,92047,SOCIAL,SO_GIFT_POETRY,贈詩、文,directed,,,0.5,primary,唐五代人交往詩索引,437,A,2,"[{""source_table"": ""ASSOC_DATA"", ""c_source"": ""40303"", ""c_pages"": ""276"", ""c_sequence"": """", ""c_text_title"": ""[n/a]"", ""orig_personid"": ""13575"", ""orig_assoc_id"": ""92047"", ""cbdb_assoc_code"": ""437""}, {""source_table"": ""ASSOC_DATA"", ""c_source"": ""40303"", ""c_pages"": ""276"", ""c_sequence"": """", ""c_text_title"": ""[n/a]"", ""orig_personid"": ""92047"", ""orig_assoc_id"": ""13575"", ""cbdb_assoc_code"": ""438""}]",1
13575,93952,SOCIAL,SO_GIFT_POETRY,贈詩、文,directed,,,0.5,primary,唐五代人交往詩索引,437,A,2,"[{""source_table"": ""ASSOC_DATA"", ""c_source"": ""40303"", ""c_pages"": ""278"", ""c_sequence"": """", ""c_text_title"": ""[n/a]"", ""orig_personid"": ""13575"", ""orig_assoc_id"": ""93952"", ""cbdb_assoc_code"": ""437""}, {""source_table"": ""ASSOC_DATA"", ""c_source"": ""40303"", ""c_pages"": ""278"", ""c_sequence"": """", ""c_text_title"": ""[n/a]"", ""orig_personid"": ""93952"", ""orig_assoc_id"": ""13575"", ""cbdb_assoc_code"": ""438""}]",1
13575,94227,SOCIAL,SO_FRIEND,友,undirected,,,0.6,primary,人名權威資料（中央研究院歷史語言研究所）,9,M,2,"[{""source_table"": ""ASSOC_DATA"", ""c_source"": ""9602"", ""c_pages"": ""18538"", ""c_sequence"": """", ""c_text_title"": ""[n/a]"", ""orig_personid"": ""13575"", ""orig_assoc_id"": ""94227"", ""cbdb_assoc_code"": ""9""}, {""source_table"": ""ASSOC_DATA"", ""c_source"": ""9602"", ""c_pages"": ""18538"", ""c_sequence"": """", ""c_text_title"": ""[n/a]"", ""orig_personid"": ""94227"", ""orig_assoc_id"": ""13575"", ""cbdb_assoc_code"": ""9""}]",1
13575,94227,SOCIAL,SO_GIFT_POETRY,贈詩、文,directed,,,0.5,primary,唐五代人交往詩索引,437,A,2,"[{""source_table"": ""ASSOC_DATA"", ""c_source"": ""40303"", ""c_pages"": ""277"", ""c_sequence"": """", ""c_text_title"": ""[n/a]"", ""orig_personid"": ""13575"", ""orig_assoc_id"": ""94227"", ""cbdb_assoc_code"": ""437""}, {""source_table"": ""ASSOC_DATA"", ""c_source"": ""40303"", ""c_pages"": ""277"", ""c_sequence"": """", ""c_text_title"": ""[n/a]"", ""orig_personid"": ""94227"", ""orig_assoc_id"": ""13575"", ""cbdb_assoc_code"": ""438""}]",0
13575,95068,SOCIAL,SO_CHANGHE,相唱和,undirected,,,0.6,primary,明清婦女著作數據庫,114,M,2,"[{""source_table"": ""ASSOC_DATA"", ""c_source"": ""9601"", ""c_pages"": ""2094"", ""c_sequence"": ""0"", ""c_text_title"": ""[n/a]"", ""orig_personid"": ""13575"", ""orig_assoc_id"": ""95068"", ""cbdb_assoc_code"": ""114""}, {""source_table"": ""ASSOC_DATA"", ""c_source"": ""9601"", ""c_pages"": ""2094"", ""c_sequence"": ""0"", ""c_text_title"": ""[n/a]"", ""orig_personid"": ""95068"", ""orig_assoc_id"": ""13575"", ""cbdb_assoc_code"": ""114""}]",1
13575,445983,SOCIAL,SO_GIFT_POETRY,贈詩、文,directed,,,0.5,primary,唐五代人交往詩索引,437,A,2,"[{""source_table"": ""ASSOC_DATA"", ""c_source"": ""40303"", ""c_pages"": ""277"", ""c_sequence"": """", ""c_text_title"": ""[n/a]"", ""orig_personid"": ""13575"", ""orig_assoc_id"": ""445983"", ""cbdb_assoc_code"": ""437""}, {""source_table"": ""ASSOC_DATA"", ""c_source"": ""40303"", ""c_pages"": ""277"", ""c_sequence"": """", ""c_text_title"": ""[n/a]"", ""orig_personid"": ""445983"", ""orig_assoc_id"": ""13575"", ""cbdb_assoc_code"": ""438""}]",1
13624,3130,SOCIAL,SO_GIFT_POETRY,收到Y的贈詩、文,directed,,,0.5,primary,唐五代人交往詩索引,438,P,2,"[{""source_table"": ""ASSOC_DATA"", ""c_source"": ""40303"", ""c_pages"": ""1132"", ""c_sequence"": """", ""c_text_title"": ""[n/a]"", ""orig_personid"": ""3130"", ""orig_assoc_id"": ""13624"", ""cbdb_assoc_code"": ""438""}, {""source_table"": ""ASSOC_DATA"", ""c_source"": ""40303"", ""c_pages"": ""1132"", ""c_sequence"": """", ""c_text_title"": ""[n/a]"", ""orig_personid"": ""13624"", ""orig_assoc_id"": ""3130"", ""cbdb_assoc_code"": ""437""}]",1
13624,3332,SOCIAL,SO_GIFT_POETRY,收到Y的贈詩、文,directed,,,0.5,primary,唐五代人交往詩索引,438,P,2,"[{""source_table"": ""ASSOC_DATA"", ""c_source"": ""40303"", ""c_pages"": ""1139"", ""c_sequence"": """", ""c_text_title"": ""[n/a]"", ""orig_personid"": ""3332"", ""orig_assoc_id"": ""13624"", ""cbdb_assoc_code"": ""438""}, {""source_table"": ""ASSOC_DATA"", ""c_source"": ""40303"", ""c_pages"": ""1139"", ""c_sequence"": """", ""c_text_title"": ""[n/a]"", ""orig_personid"": ""13624"", ""orig_assoc_id"": ""3332"", ""cbdb_assoc_code"": ""437""}]",0
13624,13060,SOCIAL,SO_GIFT_POETRY,收到Y的贈詩、文,directed,,,0.5,primary,唐五代人交往詩索引,438,P,2,"[{""source_table"": ""ASSOC_DATA"", ""c_source"": ""40303"", ""c_pages"": ""1137"", ""c_sequence"": """", ""c_text_title"": ""[n/a]"", ""orig_personid"": ""13060"", ""orig_assoc_id"": ""13624"", ""cbdb_assoc_code"": ""438""}, {""source_table"": ""ASSOC_DATA"", ""c_source"": ""40303"", ""c_pages"": ""1137"", ""c_sequence"": """", ""c_text_title"": ""[n/a]"", ""orig_personid"": ""13624"", ""orig_assoc_id"": ""13060"", ""cbdb_assoc_code"": ""437""}]",1
13624,24654,SOCIAL,SO_GIFT_POETRY,贈詩、文,directed,,,0.5,primary,唐五代人交往詩索引,437,A,2,"[{""source_table"": ""ASSOC_DATA"", ""c_source"": ""40303"", ""c_pages"": ""1133"", ""c_sequence"": """", ""c_text_title"": ""[n/a]"", ""orig_personid"": ""13624"", ""orig_assoc_id"": ""24654"", ""cbdb_assoc_code"": ""437""}, {""source_table"": ""ASSOC_DATA"", ""c_source"": ""40303"", ""c_pages"": ""1133"", ""c_sequence"": """", ""c_text_title"": ""[n/a]"", ""orig_personid"": ""24654"", ""orig_assoc_id"": ""13624"", ""cbdb_assoc_code"": ""438""}]",1
13624,33859,SOCIAL,SO_GIFT_POETRY,贈詩、文,directed,,,0.5,primary,唐五代人交往詩索引,437,A,2,"[{""source_table"": ""ASSOC_DATA"", ""c_source"": ""40303"", ""c_pages"": ""1141"", ""c_sequence"": """", ""c_text_title"": ""[n/a]"", ""orig_personid"": ""13624"", ""orig_assoc_id"": ""33859"", ""cbdb_assoc_code"": ""437""}, {""source_table"": ""ASSOC_DATA"", ""c_source"": ""40303"", ""c_pages"": ""1141"", ""c_sequence"": """", ""c_text_title"": ""[n/a]"", ""orig_personid"": ""33859"", ""orig_assoc_id"": ""13624"", ""cbdb_assoc_code"": ""438""}]",1
15161,32248,SOCIAL,SO_FRIEND,友,undirected,,,0.6,primary,人名權威資料（中央研究院歷史語言研究所）,9,M,2,"[{""source_table"": ""ASSOC_DATA"", ""c_source"": ""9602"", ""c_pages"": ""18100"", ""c_sequence"": """", ""c_text_title"": ""[n/a]"", ""orig_personid"": ""15161"", ""orig_assoc_id"": ""32248"", ""cbdb_assoc_code"": ""9""}, {""source_table"": ""ASSOC_DATA"", ""c_source"": ""9602"", ""c_pages"": ""18100"", ""c_sequence"": """", ""c_text_title"": ""[n/a]"", ""orig_personid"": ""32248"", ""orig_assoc_id"": ""15161"", ""cbdb_assoc_code"": ""9""}]",1
15161,32248,SOCIAL,SO_GIFT_POETRY,贈詩、文,directed,,,0.5,primary,唐五代人交往詩索引,437,A,2,"[{""source_table"": ""ASSOC_DATA"", ""c_source"": ""40303"", ""c_pages"": ""792"", ""c_sequence"": """", ""c_text_title"": ""[n/a]"", ""orig_personid"": ""15161"", ""orig_assoc_id"": ""32248"", ""cbdb_assoc_code"": ""437""}, {""source_table"": ""ASSOC_DATA"", ""c_source"": ""40303"", ""c_pages"": ""792"", ""c_sequence"": """", ""c_text_title"": ""[n/a]"", ""orig_personid"": ""32248"", ""orig_assoc_id"": ""15161"", ""cbdb_assoc_code"": ""438""}]",0
15161,95025,SOCIAL,SO_GIFT_POETRY,贈詩、文,directed,,,0.5,primary,唐五代人交往詩索引,437,A,2,"[{""source_table"": ""ASSOC_DATA"", ""c_source"": ""40303"", ""c_pages"": ""792"", ""c_sequence"": """", ""c_text_title"": ""[n/a]"", ""orig_personid"": ""15161"", ""orig_assoc_id"": ""95025"", ""cbdb_assoc_code"": ""437""}, {""source_table"": ""ASSOC_DATA"", ""c_source"": ""40303"", ""c_pages"": ""792"", ""c_sequence"": """", ""c_text_title"": ""[n/a]"", ""orig_personid"": ""95025"", ""orig_assoc_id"": ""15161"", ""cbdb_assoc_code"": ""438""}]",1
15610,11965,TEACHER_STUDENT,TS_STUDENT,學生為Y,directed,,,0.8,primary,人名權威資料（中央研究院歷史語言研究所）,23,P,2,"[{""source_table"": ""ASSOC_DATA"", ""c_source"": ""9602"", ""c_pages"": ""18135"", ""c_sequence"": """", ""c_text_title"": ""[n/a]"", ""orig_personid"": ""11965"", ""orig_assoc_id"": ""15610"", ""cbdb_assoc_code"": ""23""}, {""source_table"": ""ASSOC_DATA"", ""c_source"": ""9602"", ""c_pages"": ""18135"", ""c_sequence"": """", ""c_text_title"": ""[n/a]"", ""orig_personid"": ""15610"", ""orig_assoc_id"": ""11965"", ""cbdb_assoc_code"": ""22""}]",1
15610,13059,COLLEAGUE,CL_BUJIANG,部將為Y,directed,626,,0.8,unsourced,,65,P,2,"[{""source_table"": ""ASSOC_DATA"", ""c_source"": """", ""c_pages"": """", ""c_sequence"": ""0"", ""c_text_title"": ""[n/a]"", ""orig_personid"": ""13059"", ""orig_assoc_id"": ""15610"", ""cbdb_assoc_code"": ""65""}, {""source_table"": ""ASSOC_DATA"", ""c_source"": """", ""c_pages"": """", ""c_sequence"": ""0"", ""c_text_title"": ""[n/a]"", ""orig_personid"": ""15610"", ""orig_assoc_id"": ""13059"", ""cbdb_assoc_code"": ""64""}]",1
17029,21751,SOCIAL,SO_GIFT_POETRY,贈詩、文,directed,,,0.5,primary,唐五代人交往詩索引,437,A,2,"[{""source_table"": ""ASSOC_DATA"", ""c_source"": ""40303"", ""c_pages"": ""26"", ""c_sequence"": """", ""c_text_title"": ""[n/a]"", ""orig_personid"": ""17029"", ""orig_assoc_id"": ""21751"", ""cbdb_assoc_code"": ""437""}, {""source_table"": ""ASSOC_DATA"", ""c_source"": ""40303"", ""c_pages"": ""26"", ""c_sequence"": """", ""c_text_title"": ""[n/a]"", ""orig_personid"": ""21751"", ""orig_assoc_id"": ""17029"", ""cbdb_assoc_code"": ""438""}]",1
17029,34916,SOCIAL,SO_GIFT_POETRY,贈詩、文,directed,,,0.5,primary,唐五代人交往詩索引,437,A,2,"[{""source_table"": ""ASSOC_DATA"", ""c_source"": ""40303"", ""c_pages"": ""23"", ""c_sequence"": """", ""c_text_title"": ""[n/a]"", ""orig_personid"": ""17029"", ""orig_assoc_id"": ""34916"", ""cbdb_assoc_code"": ""437""}, {""source_table"": ""ASSOC_DATA"", ""c_source"": ""40303"", ""c_pages"": ""23"", ""c_sequence"": """", ""c_text_title"": ""[n/a]"", ""orig_personid"": ""34916"", ""orig_assoc_id"": ""17029"", ""cbdb_assoc_code"": ""438""}]",1
17029,92147,SOCIAL,SO_GIFT_POETRY,贈詩、文,directed,,,0.5,primary,唐五代人交往詩索引,437,A,2,"[{""source_table"": ""ASSOC_DATA"", ""c_source"": ""40303"", ""c_pages"": ""26"", ""c_sequence"": """", ""c_text_title"": ""[n/a]"", ""orig_personid"": ""17029"", ""orig_assoc_id"": ""92147"", ""cbdb_assoc_code"": ""437""}, {""source_table"": ""ASSOC_DATA"", ""c_source"": ""40303"", ""c_pages"": ""26"", ""c_sequence"": """", ""c_text_title"": ""[n/a]"", ""orig_personid"": ""92147"", ""orig_assoc_id"": ""17029"", ""cbdb_assoc_code"": ""438""}]",1
17029,92743,SOCIAL,SO_GIFT_POETRY,贈詩、文,directed,,,0.5,primary,唐五代人交往詩索引,437,A,2,"[{""source_table"": ""ASSOC_DATA"", ""c_source"": ""40303"", ""c_pages"": ""18"", ""c_sequence"": """", ""c_text_title"": ""[n/a]"", ""orig_personid"": ""17029"", ""orig_assoc_id"": ""92743"", ""cbdb_assoc_code"": ""437""}, {""source_table"": ""ASSOC_DATA"", ""c_source"": ""40303"", ""c_pages"": ""18"", ""c_sequence"": """", ""c_text_title"": ""[n/a]"", ""orig_personid"": ""92743"", ""orig_assoc_id"": ""17029"", ""cbdb_assoc_code"": ""438""}]",1
17029,93080,SOCIAL,SO_GIFT_POETRY,贈詩、文,directed,,,0.5,primary,唐五代人交往詩索引,437,A,2,"[{""source_table"": ""ASSOC_DATA"", ""c_source"": ""40303"", ""c_pages"": ""22"", ""c_sequence"": """", ""c_text_title"": ""[n/a]"", ""orig_personid"": ""17029"", ""orig_assoc_id"": ""93080"", ""cbdb_assoc_code"": ""437""}, {""source_table"": ""ASSOC_DATA"", ""c_source"": ""40303"", ""c_pages"": ""22"", ""c_sequence"": """", ""c_text_title"": ""[n/a]"", ""orig_personid"": ""93080"", ""orig_assoc_id"": ""17029"", ""cbdb_assoc_code"": ""438""}]",1
17029,93785,SOCIAL,SO_GIFT_POETRY,贈詩、文,directed,,,0.5,primary,唐五代人交往詩索引,437,A,2,"[{""source_table"": ""ASSOC_DATA"", ""c_source"": ""40303"", ""c_pages"": ""25"", ""c_sequence"": """", ""c_text_title"": ""[n/a]"", ""orig_personid"": ""17029"", ""orig_assoc_id"": ""93785"", ""cbdb_assoc_code"": ""437""}, {""source_table"": ""ASSOC_DATA"", ""c_source"": ""40303"", ""c_pages"": ""25"", ""c_sequence"": """", ""c_text_title"": ""[n/a]"", ""orig_personid"": ""93785"", ""orig_assoc_id"": ""17029"", ""cbdb_assoc_code"": ""438""}]",1
17029,94160,SOCIAL,SO_GIFT_POETRY,贈詩、文,directed,,,0.5,primary,唐五代人交往詩索引,437,A,2,"[{""source_table"": ""ASSOC_DATA"", ""c_source"": ""40303"", ""c_pages"": ""23"", ""c_sequence"": """", ""c_text_title"": ""[n/a]"", ""orig_personid"": ""17029"", ""orig_assoc_id"": ""94160"", ""cbdb_assoc_code"": ""437""}, {""source_table"": ""ASSOC_DATA"", ""c_source"": ""40303"", ""c_pages"": ""23"", ""c_sequence"": """", ""c_text_title"": ""[n/a]"", ""orig_personid"": ""94160"", ""orig_assoc_id"": ""17029"", ""cbdb_assoc_code"": ""438""}]",1
17029,94227,SOCIAL,SO_GIFT_POETRY,贈詩、文,directed,,,0.5,primary,唐五代人交往詩索引,437,A,2,"[{""source_table"": ""ASSOC_DATA"", ""c_source"": ""40303"", ""c_pages"": ""20"", ""c_sequence"": """", ""c_text_title"": ""[n/a]"", ""orig_personid"": ""17029"", ""orig_assoc_id"": ""94227"", ""cbdb_assoc_code"": ""437""}, {""source_table"": ""ASSOC_DATA"", ""c_source"": ""40303"", ""c_pages"": ""20"", ""c_sequence"": """", ""c_text_title"": ""[n/a]"", ""orig_personid"": ""94227"", ""orig_assoc_id"": ""17029"", ""cbdb_assoc_code"": ""438""}]",1
19241,13060,KIN,K_PARENT,父,directed,,,1.0,unsourced,,75,KIN,1,"[{""source_table"": ""KIN_DATA"", ""c_source"": """", ""c_pages"": """", ""c_sequence"": """", ""c_text_title"": """", ""orig_personid"": ""19241"", ""orig_assoc_id"": ""13060"", ""cbdb_assoc_code"": ""75""}]",0
19241,31066,KIN,K_PARENT,母,directed,,,1.0,unsourced,,111,KIN,1,"[{""source_table"": ""KIN_DATA"", ""c_source"": """", ""c_pages"": """", ""c_sequence"": """", ""c_text_title"": """", ""orig_personid"": ""19241"", ""orig_assoc_id"": ""31066"", ""cbdb_assoc_code"": ""111""}]",1
19241,33859,SOCIAL,SO_GIFT_POETRY,贈詩、文,directed,,,0.5,primary,唐五代人交往詩索引,437,A,2,"[{""source_table"": ""ASSOC_DATA"", ""c_source"": ""40303"", ""c_pages"": ""844"", ""c_sequence"": """", ""c_text_title"": ""[n/a]"", ""orig_personid"": ""19241"", ""orig_assoc_id"": ""33859"", ""cbdb_assoc_code"": ""437""}, {""source_table"": ""ASSOC_DATA"", ""c_source"": ""40303"", ""c_pages"": ""844"", ""c_sequence"": """", ""c_text_title"": ""[n/a]"", ""orig_personid"": ""33859"", ""orig_assoc_id"": ""19241"", ""cbdb_assoc_code"": ""438""}]",1
19241,93663,KIN,K_SPOUSE,妻子,undirected,,,1.0,primary,舊唐書,135,KIN,2,"[{""source_table"": ""KIN_DATA"", ""c_source"": ""4801"", ""c_pages"": ""115頁"", ""c_sequence"": """", ""c_text_title"": """", ""orig_personid"": ""19241"", ""orig_assoc_id"": ""93663"", ""cbdb_assoc_code"": ""135""}, {""source_table"": ""KIN_DATA"", ""c_source"": ""4801"", ""c_pages"": ""115頁"", ""c_sequence"": """", ""c_text_title"": """", ""orig_personid"": ""93663"", ""orig_assoc_id"": ""19241"", ""cbdb_assoc_code"": ""346""}]",1
19244,13060,SOCIAL,SO_GIFT_POETRY,收到Y的贈詩、文,directed,,,0.5,primary,唐五代人交往詩索引,438,P,2,"[{""source_table"": ""ASSOC_DATA"", ""c_source"": ""40303"", ""c_pages"": ""912"", ""c_sequence"": """", ""c_text_title"": ""[n/a]"", ""orig_personid"": ""13060"", ""orig_assoc_id"": ""19244"", ""cbdb_assoc_code"": ""438""}, {""source_table"": ""ASSOC_DATA"", ""c_source"": ""40303"", ""c_pages"": ""912"", ""c_sequence"": """", ""c_text_title"": ""[n/a]"", ""orig_personid"": ""19244"", ""orig_assoc_id"": ""13060"", ""cbdb_assoc_code"": ""437""}]",1
19244,31222,SOCIAL,SO_GIFT_POETRY,贈詩、文,directed,,,0.5,primary,唐五代人交往詩索引,437,A,2,"[{""source_table"": ""ASSOC_DATA"", ""c_source"": ""40303"", ""c_pages"": ""912"", ""c_sequence"": """", ""c_text_title"": ""[n/a]"", ""orig_personid"": ""19244"", ""orig_assoc_id"": ""31222"", ""cbdb_assoc_code"": ""437""}, {""source_table"": ""ASSOC_DATA"", ""c_source"": ""40303"", ""c_pages"": ""912"", ""c_sequence"": """", ""c_text_title"": ""[n/a]"", ""orig_personid"": ""31222"", ""orig_assoc_id"": ""19244"", ""cbdb_assoc_code"": ""438""}]",0
19244,31222,KIN,K_OTHER,妾,directed,,,0.7,unsourced,,168,KIN,1,"[{""source_table"": ""KIN_DATA"", ""c_source"": """", ""c_pages"": """", ""c_sequence"": """", ""c_text_title"": """", ""orig_personid"": ""19244"", ""orig_assoc_id"": ""31222"", ""cbdb_assoc_code"": ""168""}]",0
19244,31222,KIN,K_SPOUSE,丈夫,undirected,,,1.0,unsourced,,134,KIN,1,"[{""source_table"": ""KIN_DATA"", ""c_source"": """", ""c_pages"": """", ""c_sequence"": """", ""c_text_title"": """", ""orig_personid"": ""31222"", ""orig_assoc_id"": ""19244"", ""cbdb_assoc_code"": ""134""}]",1
19244,31275,SOCIAL,SO_GIFT_POETRY,贈詩、文,directed,,,0.5,primary,唐五代人交往詩索引,437,A,2,"[{""source_table"": ""ASSOC_DATA"", ""c_source"": ""40303"", ""c_pages"": ""911"", ""c_sequence"": """", ""c_text_title"": ""[n/a]"", ""orig_personid"": ""19244"", ""orig_assoc_id"": ""31275"", ""cbdb_assoc_code"": ""437""}, {""source_table"": ""ASSOC_DATA"", ""c_source"": ""40303"", ""c_pages"": ""911"", ""c_sequence"": """", ""c_text_title"": ""[n/a]"", ""orig_personid"": ""31275"", ""orig_assoc_id"": ""19244"", ""cbdb_assoc_code"": ""438""}]",1
19244,31407,SOCIAL,SO_GIFT_POETRY,贈詩、文,directed,,,0.5,primary,唐五代人交往詩索引,437,A,2,"[{""source_table"": ""ASSOC_DATA"", ""c_source"": ""40303"", ""c_pages"": ""911"", ""c_sequence"": """", ""c_text_title"": ""[n/a]"", ""orig_personid"": ""19244"", ""orig_assoc_id"": ""31407"", ""cbdb_assoc_code"": ""437""}, {""source_table"": ""ASSOC_DATA"", ""c_source"": ""40303"", ""c_pages"": ""911"", ""c_sequence"": """", ""c_text_title"": ""[n/a]"", ""orig_personid"": ""31407"", ""orig_assoc_id"": ""19244"", ""cbdb_assoc_code"": ""438""}]",1
19244,32540,POLITICAL,PO_ADMIRE,欣賞/器重,directed,,,0.5,primary,李太白全集,18,A,2,"[{""source_table"": ""ASSOC_DATA"", ""c_source"": ""25640"", ""c_pages"": """", ""c_sequence"": """", ""c_text_title"": ""[n/a]"", ""orig_personid"": ""19244"", ""orig_assoc_id"": ""32540"", ""cbdb_assoc_code"": ""18""}, {""source_table"": ""ASSOC_DATA"", ""c_source"": ""25640"", ""c_pages"": """", ""c_sequence"": """", ""c_text_title"": ""[n/a]"", ""orig_personid"": ""32540"", ""orig_assoc_id"": ""19244"", ""cbdb_assoc_code"": ""17""}]",1
19244,92452,SOCIAL,SO_GIFT_POETRY,贈詩、文,directed,,,0.5,primary,唐五代人交往詩索引,437,A,2,"[{""source_table"": ""ASSOC_DATA"", ""c_source"": ""40303"", ""c_pages"": ""911"", ""c_sequence"": """", ""c_text_title"": ""[n/a]"", ""orig_personid"": ""19244"", ""orig_assoc_id"": ""92452"", ""cbdb_assoc_code"": ""437""}, {""source_table"": ""ASSOC_DATA"", ""c_source"": ""40303"", ""c_pages"": ""911"", ""c_sequence"": """", ""c_text_title"": ""[n/a]"", ""orig_personid"": ""92452"", ""orig_assoc_id"": ""19244"", ""cbdb_assoc_code"": ""438""}]",1
19244,93663,KIN,K_OTHER,祖母,directed,,,0.7,unsourced,,370,KIN,1,"[{""source_table"": ""KIN_DATA"", ""c_source"": """", ""c_pages"": """", ""c_sequence"": """", ""c_text_title"": """", ""orig_personid"": ""19244"", ""orig_assoc_id"": ""93663"", ""cbdb_assoc_code"": ""370""}]",1
19254,32227,SOCIAL,SO_GIFT_POETRY,贈詩、文,directed,,,0.5,primary,唐五代人交往詩索引,437,A,2,"[{""source_table"": ""ASSOC_DATA"", ""c_source"": ""40303"", ""c_pages"": ""932"", ""c_sequence"": """", ""c_text_title"": ""[n/a]"", ""orig_personid"": ""19254"", ""orig_assoc_id"": ""32227"", ""cbdb_assoc_code"": ""437""}, {""source_table"": ""ASSOC_DATA"", ""c_source"": ""40303"", ""c_pages"": ""932"", ""c_sequence"": """", ""c_text_title"": ""[n/a]"", ""orig_personid"": ""32227"", ""orig_assoc_id"": ""19254"", ""cbdb_assoc_code"": ""438""}]",1
21194,3332,SOCIAL,SO_GIFT_POETRY,收到Y的贈詩、文,directed,,,0.5,primary,唐五代人交往詩索引,438,P,2,"[{""source_table"": ""ASSOC_DATA"", ""c_source"": ""40303"", ""c_pages"": ""1089"", ""c_sequence"": """", ""c_text_title"": ""[n/a]"", ""orig_personid"": ""3332"", ""orig_assoc_id"": ""21194"", ""cbdb_assoc_code"": ""438""}, {""source_table"": ""ASSOC_DATA"", ""c_source"": ""40303"", ""c_pages"": ""1089"", ""c_sequence"": """", ""c_text_title"": ""[n/a]"", ""orig_personid"": ""21194"", ""orig_assoc_id"": ""3332"", ""cbdb_assoc_code"": ""437""}]",1
21194,3915,SOCIAL,SO_GIFT_POETRY,收到Y的贈詩、文,directed,,,0.5,primary,唐五代人交往詩索引,438,P,2,"[{""source_table"": ""ASSOC_DATA"", ""c_source"": ""40303"", ""c_pages"": ""1089"", ""c_sequence"": """", ""c_text_title"": ""[n/a]"", ""orig_personid"": ""3915"", ""orig_assoc_id"": ""21194"", ""cbdb_assoc_code"": ""438""}, {""source_table"": ""ASSOC_DATA"", ""c_source"": ""40303"", ""c_pages"": ""1089"", ""c_sequence"": """", ""c_text_title"": ""[n/a]"", ""orig_personid"": ""21194"", ""orig_assoc_id"": ""3915"", ""cbdb_assoc_code"": ""437""}]",1
21194,15161,SOCIAL,SO_GIFT_POETRY,收到Y的贈詩、文,directed,,,0.5,primary,唐五代人交往詩索引,438,P,2,"[{""source_table"": ""ASSOC_DATA"", ""c_source"": ""40303"", ""c_pages"": ""1087"", ""c_sequence"": """", ""c_text_title"": ""[n/a]"", ""orig_personid"": ""15161"", ""orig_assoc_id"": ""21194"", ""cbdb_assoc_code"": ""438""}, {""source_table"": ""ASSOC_DATA"", ""c_source"": ""40303"", ""c_pages"": ""1087"", ""c_sequence"": """", ""c_text_title"": ""[n/a]"", ""orig_personid"": ""21194"", ""orig_assoc_id"": ""15161"", ""cbdb_assoc_code"": ""437""}]",1
21194,15610,SOCIAL,SO_GIFT_POETRY,收到Y的贈詩、文,directed,,,0.5,primary,唐五代人交往詩索引,438,P,2,"[{""source_table"": ""ASSOC_DATA"", ""c_source"": ""40303"", ""c_pages"": ""1086"", ""c_sequence"": """", ""c_text_title"": ""[n/a]"", ""orig_personid"": ""15610"", ""orig_assoc_id"": ""21194"", ""cbdb_assoc_code"": ""438""}, {""source_table"": ""ASSOC_DATA"", ""c_source"": ""40303"", ""c_pages"": ""1086"", ""c_sequence"": """", ""c_text_title"": ""[n/a]"", ""orig_personid"": ""21194"", ""orig_assoc_id"": ""15610"", ""cbdb_assoc_code"": ""437""}]",1
21194,19254,SOCIAL,SO_GIFT_POETRY,收到Y的贈詩、文,directed,,,0.5,primary,唐五代人交往詩索引,438,P,2,"[{""source_table"": ""ASSOC_DATA"", ""c_source"": ""40303"", ""c_pages"": ""1088"", ""c_sequence"": """", ""c_text_title"": ""[n/a]"", ""orig_personid"": ""19254"", ""orig_assoc_id"": ""21194"", ""cbdb_assoc_code"": ""438""}, {""source_table"": ""ASSOC_DATA"", ""c_source"": ""40303"", ""c_pages"": ""1088"", ""c_sequence"": """", ""c_text_title"": ""[n/a]"", ""orig_personid"": ""21194"", ""orig_assoc_id"": ""19254"", ""cbdb_assoc_code"": ""437""}]",1
21194,32054,LITERARY,LI_EPITAPH,為Y作墓誌銘,directed,852,,0.4,unsourced,,44,A,2,"[{""source_table"": ""ASSOC_DATA"", ""c_source"": """", ""c_pages"": """", ""c_sequence"": ""0"", ""c_text_title"": ""[n/a]"", ""orig_personid"": ""21194"", ""orig_assoc_id"": ""32054"", ""cbdb_assoc_code"": ""44""}, {""source_table"": ""ASSOC_DATA"", ""c_source"": """", ""c_pages"": """", ""c_sequence"": ""0"", ""c_text_title"": ""[n/a]"", ""orig_personid"": ""32054"", ""orig_assoc_id"": ""21194"", ""cbdb_assoc_code"": ""43""}]",1
21194,32054,SOCIAL,SO_GIFT_POETRY,贈詩、文,directed,,,0.5,primary,唐五代人交往詩索引,437,A,2,"[{""source_table"": ""ASSOC_DATA"", ""c_source"": ""40303"", ""c_pages"": ""1086"", ""c_sequence"": """", ""c_text_title"": ""[n/a]"", ""orig_personid"": ""21194"", ""orig_assoc_id"": ""32054"", ""cbdb_assoc_code"": ""437""}, {""source_table"": ""ASSOC_DATA"", ""c_source"": ""40303"", ""c_pages"": ""1086"", ""c_sequence"": """", ""c_text_title"": ""[n/a]"", ""orig_personid"": ""32054"", ""orig_assoc_id"": ""21194"", ""cbdb_assoc_code"": ""438""}]",0
21194,33485,LITERARY,LI_PREAMBLE,為Y所著書作序,directed,852,,0.4,unsourced,,32,A,2,"[{""source_table"": ""ASSOC_DATA"", ""c_source"": """", ""c_pages"": """", ""c_sequence"": ""0"", ""c_text_title"": ""[n/a]"", ""orig_personid"": ""21194"", ""orig_assoc_id"": ""33485"", ""cbdb_assoc_code"": ""32""}, {""source_table"": ""ASSOC_DATA"", ""c_source"": """", ""c_pages"": """", ""c_sequence"": ""0"", ""c_text_title"": ""[n/a]"", ""orig_personid"": ""33485"", ""orig_assoc_id"": ""21194"", ""cbdb_assoc_code"": ""33""}]",1
21194,34916,KIN,K_CHILD,子,directed,,,1.0,unsourced,,180,KIN,1,"[{""source_table"": ""KIN_DATA"", ""c_source"": """", ""c_pages"": """", ""c_sequence"": """", ""c_text_title"": """", ""orig_personid"": ""21194"", ""orig_assoc_id"": ""34916"", ""cbdb_assoc_code"": ""180""}]",1
21194,92743,SOCIAL,SO_GIFT_POETRY,贈詩、文,directed,,,0.5,primary,唐五代人交往詩索引,437,A,2,"[{""source_table"": ""ASSOC_DATA"", ""c_source"": ""40303"", ""c_pages"": ""1083"", ""c_sequence"": """", ""c_text_title"": ""[n/a]"", ""orig_personid"": ""21194"", ""orig_assoc_id"": ""92743"", ""cbdb_assoc_code"": ""437""}, {""source_table"": ""ASSOC_DATA"", ""c_source"": ""40303"", ""c_pages"": ""1083"", ""c_sequence"": """", ""c_text_title"": ""[n/a]"", ""orig_personid"": ""92743"", ""orig_assoc_id"": ""21194"", ""cbdb_assoc_code"": ""438""}]",1
21194,95068,SOCIAL,SO_CHANGHE,相唱和,undirected,,,0.6,primary,明清婦女著作數據庫,114,M,2,"[{""source_table"": ""ASSOC_DATA"", ""c_source"": ""9601"", ""c_pages"": ""2094"", ""c_sequence"": ""0"", ""c_text_title"": ""[n/a]"", ""orig_personid"": ""21194"", ""orig_assoc_id"": ""95068"", ""cbdb_assoc_code"": ""114""}, {""source_table"": ""ASSOC_DATA"", ""c_source"": ""9601"", ""c_pages"": ""2094"", ""c_sequence"": ""0"", ""c_text_title"": ""[n/a]"", ""orig_personid"": ""95068"", ""orig_assoc_id"": ""21194"", ""cbdb_assoc_code"": ""114""}]",1
21751,33606,SOCIAL,SO_GIFT_POETRY,贈詩、文,directed,,,0.5,primary,唐五代人交往詩索引,437,A,2,"[{""source_table"": ""ASSOC_DATA"", ""c_source"": ""40303"", ""c_pages"": ""1405"", ""c_sequence"": """", ""c_text_title"": ""[n/a]"", ""orig_personid"": ""21751"", ""orig_assoc_id"": ""33606"", ""cbdb_assoc_code"": ""437""}, {""source_table"": ""ASSOC_DATA"", ""c_source"": ""40303"", ""c_pages"": ""1405"", ""c_sequence"": """", ""c_text_title"": ""[n/a]"", ""orig_personid"": ""33606"", ""orig_assoc_id"": ""21751"", ""cbdb_assoc_code"": ""438""}]",1
21751,447567,SOCIAL,SO_GIFT_POETRY,贈詩、文,directed,,,0.5,primary,唐五代人交往詩索引,437,A,2,"[{""source_table"": ""ASSOC_DATA"", ""c_source"": ""40303"", ""c_pages"": ""1405"", ""c_sequence"": """", ""c_text_title"": ""[n/a]"", ""orig_personid"": ""21751"", ""orig_assoc_id"": ""447567"", ""cbdb_assoc_code"": ""437""}, {""source_table"": ""ASSOC_DATA"", ""c_source"": ""40303"", ""c_pages"": ""1405"", ""c_sequence"": """", ""c_text_title"": ""[n/a]"", ""orig_personid"": ""447567"", ""orig_assoc_id"": ""21751"", ""cbdb_assoc_code"": ""438""}]",1
22057,17130,SOCIAL,SO_GIFT_POETRY,收到Y的贈詩、文,directed,,,0.5,primary,唐五代人交往詩索引,438,P,2,"[{""source_table"": ""ASSOC_DATA"", ""c_source"": ""40303"", ""c_pages"": ""125"", ""c_sequence"": """", ""c_text_title"": ""[n/a]"", ""orig_personid"": ""17130"", ""orig_assoc_id"": ""22057"", ""cbdb_assoc_code"": ""438""}, {""source_table"": ""ASSOC_DATA"", ""c_source"": ""40303"", ""c_pages"": ""125"", ""c_sequence"": """", ""c_text_title"": ""[n/a]"", ""orig_personid"": ""22057"", ""orig_assoc_id"": ""17130"", ""cbdb_assoc_code"": ""437""}]",1
22469,3332,TEACHER_STUDENT,TS_STUDENT,學生為Y,directed,,,0.8,primary,人名權威資料（中央研究院歷史語言研究所）,23,P,2,"[{""source_table"": ""ASSOC_DATA"", ""c_source"": ""9602"", ""c_pages"": ""18182"", ""c_sequence"": """", ""c_text_title"": ""[n/a]"", ""orig_personid"": ""3332"", ""orig_assoc_id"": ""22469"", ""cbdb_assoc_code"": ""23""}, {""source_table"": ""ASSOC_DATA"", ""c_source"": ""9602"", ""c_pages"": ""18182"", ""c_sequence"": """", ""c_text_title"": ""[n/a]"", ""orig_personid"": ""22469"", ""orig_assoc_id"": ""3332"", ""cbdb_assoc_code"": ""22""}]",0
22469,3332,KIN,K_OTHER,妻之叔伯,directed,,,0.7,primary,Pers DB / 唐代人物知識ベース,80,KIN,1,"[{""source_table"": ""KIN_DATA"", ""c_source"": ""24309"", ""c_pages"": ""pers01459"", ""c_sequence"": """", ""c_text_title"": """", ""orig_personid"": ""22469"", ""orig_assoc_id"": ""3332"", ""cbdb_assoc_code"": ""80""}]",0
22469,93952,SOCIAL,SO_GIFT_POETRY,贈詩、文,directed,,,0.5,primary,唐五代人交往詩索引,437,A,2,"[{""source_table"": ""ASSOC_DATA"", ""c_source"": ""40303"", ""c_pages"": ""826"", ""c_sequence"": """", ""c_text_title"": ""[n/a]"", ""orig_personid"": ""22469"", ""orig_assoc_id"": ""93952"", ""cbdb_assoc_code"": ""437""}, {""source_table"": ""ASSOC_DATA"", ""c_source"": ""40303"", ""c_pages"": ""826"", ""c_sequence"": """", ""c_text_title"": ""[n/a]"", ""orig_personid"": ""93952"", ""orig_assoc_id"": ""22469"", ""cbdb_assoc_code"": ""438""}]",1
22793,13060,SOCIAL,SO_GIFT_POETRY,收到Y的贈詩、文,directed,,,0.5,primary,唐五代人交往詩索引,438,P,2,"[{""source_table"": ""ASSOC_DATA"", ""c_source"": ""40303"", ""c_pages"": ""439"", ""c_sequence"": """", ""c_text_title"": ""[n/a]"", ""orig_personid"": ""13060"", ""orig_assoc_id"": ""22793"", ""cbdb_assoc_code"": ""438""}, {""source_table"": ""ASSOC_DATA"", ""c_source"": ""40303"", ""c_pages"": ""439"", ""c_sequence"": """", ""c_text_title"": ""[n/a]"", ""orig_personid"": ""22793"", ""orig_assoc_id"": ""13060"", ""cbdb_assoc_code"": ""437""}]",0
24412,3332,SOCIAL,SO_GIFT_POETRY,收到Y的贈詩、文,directed,,,0.5,primary,唐五代人交往詩索引,438,P,2,"[{""source_table"": ""ASSOC_DATA"", ""c_source"": ""40303"", ""c_pages"": ""748"", ""c_sequence"": """", ""c_text_title"": ""[n/a]"", ""orig_personid"": ""3332"", ""orig_assoc_id"": ""24412"", ""cbdb_assoc_code"": ""438""}, {""source_table"": ""ASSOC_DATA"", ""c_source"": ""40303"", ""c_pages"": ""748"", ""c_sequence"": """", ""c_text_title"": ""[n/a]"", ""orig_personid"": ""24412"", ""orig_assoc_id"": ""3332"", ""cbdb_assoc_code"": ""437""}]",1
24412,3915,SOCIAL,SO_GIFT_POETRY,收到Y的贈詩、文,directed,,,0.5,primary,唐五代人交往詩索引,438,P,2,"[{""source_table"": ""ASSOC_DATA"", ""c_source"": ""40303"", ""c_pages"": ""748"", ""c_sequence"": """", ""c_text_title"": ""[n/a]"", ""orig_personid"": ""3915"", ""orig_assoc_id"": ""24412"", ""cbdb_assoc_code"": ""438""}, {""source_table"": ""ASSOC_DATA"", ""c_source"": ""40303"", ""c_pages"": ""748"", ""c_sequence"": """", ""c_text_title"": ""[n/a]"", ""orig_personid"": ""24412"", ""orig_assoc_id"": ""3915"", ""cbdb_assoc_code"": ""437""}]",1
24412,15161,SOCIAL,SO_GIFT_POETRY,收到Y的贈詩、文,directed,,,0.5,primary,唐五代人交往詩索引,438,P,2,"[{""source_table"": ""ASSOC_DATA"", ""c_source"": ""40303"", ""c_pages"": ""746"", ""c_sequence"": """", ""c_text_title"": ""[n/a]"", ""orig_personid"": ""15161"", ""orig_assoc_id"": ""24412"", ""cbdb_assoc_code"": ""438""}, {""source_table"": ""ASSOC_DATA"", ""c_source"": ""40303"", ""c_pages"": ""746"", ""c_sequence"": """", ""c_text_title"": ""[n/a]"", ""orig_personid"": ""24412"", ""orig_assoc_id"": ""15161"", ""cbdb_assoc_code"": ""437""}]",1
24412,21194,SOCIAL,SO_GIFT_POETRY,收到Y的贈詩、文,directed,,,0.5,primary,唐五代人交往詩索引,438,P,2,"[{""source_table"": ""ASSOC_DATA"", ""c_source"": ""40303"", ""c_pages"": ""748"", ""c_sequence"": """", ""c_text_title"": ""[n/a]"", ""orig_personid"": ""21194"", ""orig_assoc_id"": ""24412"", ""cbdb_assoc_code"": ""438""}, {""source_table"": ""ASSOC_DATA"", ""c_source"": ""40303"", ""c_pages"": ""748"", ""c_sequence"": """", ""c_text_title"": ""[n/a]"", ""orig_personid"": ""24412"", ""orig_assoc_id"": ""21194"", ""cbdb_assoc_code"": ""437""}]",1
24412,32054,SOCIAL,SO_GIFT_POETRY,贈詩、文,directed,,,0.5,primary,唐五代人交往詩索引,437,A,2,"[{""source_table"": ""ASSOC_DATA"", ""c_source"": ""40303"", ""c_pages"": ""745"", ""c_sequence"": """", ""c_text_title"": ""[n/a]"", ""orig_personid"": ""24412"", ""orig_assoc_id"": ""32054"", ""cbdb_assoc_code"": ""437""}, {""source_table"": ""ASSOC_DATA"", ""c_source"": ""40303"", ""c_pages"": ""745"", ""c_sequence"": """", ""c_text_title"": ""[n/a]"", ""orig_personid"": ""32054"", ""orig_assoc_id"": ""24412"", ""cbdb_assoc_code"": ""438""}]",1
24412,32227,LITERARY,LI_EPITAPH,為Y作墓誌銘,directed,858,,0.4,unsourced,,44,A,2,"[{""source_table"": ""ASSOC_DATA"", ""c_source"": """", ""c_pages"": """", ""c_sequence"": ""0"", ""c_text_title"": ""[n/a]"", ""orig_personid"": ""24412"", ""orig_assoc_id"": ""32227"", ""cbdb_assoc_code"": ""44""}, {""source_table"": ""ASSOC_DATA"", ""c_source"": """", ""c_pages"": """", ""c_sequence"": ""0"", ""c_text_title"": ""[n/a]"", ""orig_personid"": ""32227"", ""orig_assoc_id"": ""24412"", ""cbdb_assoc_code"": ""43""}]",1
24412,32980,SOCIAL,SO_GIFT_POETRY,贈詩、文,directed,,,0.5,primary,唐五代人交往詩索引,437,A,2,"[{""source_table"": ""ASSOC_DATA"", ""c_source"": ""40303"", ""c_pages"": ""751"", ""c_sequence"": """", ""c_text_title"": ""[n/a]"", ""orig_personid"": ""24412"", ""orig_assoc_id"": ""32980"", ""cbdb_assoc_code"": ""437""}, {""source_table"": ""ASSOC_DATA"", ""c_source"": ""40303"", ""c_pages"": ""751"", ""c_sequence"": """", ""c_text_title"": ""[n/a]"", ""orig_personid"": ""32980"", ""orig_assoc_id"": ""24412"", ""cbdb_assoc_code"": ""438""}]",1
24412,32985,SOCIAL,SO_GIFT_POETRY,贈詩、文,directed,,,0.5,primary,唐五代人交往詩索引,437,A,2,"[{""source_table"": ""ASSOC_DATA"", ""c_source"": ""40303"", ""c_pages"": ""750"", ""c_sequence"": """", ""c_text_title"": ""[n/a]"", ""orig_personid"": ""24412"", ""orig_assoc_id"": ""32985"", ""cbdb_assoc_code"": ""437""}, {""source_table"": ""ASSOC_DATA"", ""c_source"": ""40303"", ""c_pages"": ""750"", ""c_sequence"": """", ""c_text_title"": ""[n/a]"", ""orig_personid"": ""32985"", ""orig_assoc_id"": ""24412"", ""cbdb_assoc_code"": ""438""}]",1
24412,33485,SOCIAL,SO_GIFT_POETRY,贈詩、文,directed,,,0.5,primary,唐五代人交往詩索引,437,A,2,"[{""source_table"": ""ASSOC_DATA"", ""c_source"": ""40303"", ""c_pages"": ""747"", ""c_sequence"": """", ""c_text_title"": ""[n/a]"", ""orig_personid"": ""24412"", ""orig_assoc_id"": ""33485"", ""cbdb_assoc_code"": ""437""}, {""source_table"": ""ASSOC_DATA"", ""c_source"": ""40303"", ""c_pages"": ""747"", ""c_sequence"": """", ""c_text_title"": ""[n/a]"", ""orig_personid"": ""33485"", ""orig_assoc_id"": ""24412"", ""cbdb_assoc_code"": ""438""}]",1
24412,94717,SOCIAL,SO_GIFT_POETRY,贈詩、文,directed,,,0.5,primary,唐五代人交往詩索引,437,A,2,"[{""source_table"": ""ASSOC_DATA"", ""c_source"": ""40303"", ""c_pages"": ""748"", ""c_sequence"": """", ""c_text_title"": ""[n/a]"", ""orig_personid"": ""24412"", ""orig_assoc_id"": ""94717"", ""cbdb_assoc_code"": ""437""}, {""source_table"": ""ASSOC_DATA"", ""c_source"": ""40303"", ""c_pages"": ""748"", ""c_sequence"": """", ""c_text_title"": ""[n/a]"", ""orig_personid"": ""94717"", ""orig_assoc_id"": ""24412"", ""cbdb_assoc_code"": ""438""}]",1
24412,447567,SOCIAL,SO_GIFT_POETRY,贈詩、文,directed,,,0.5,primary,唐五代人交往詩索引,437,A,2,"[{""source_table"": ""ASSOC_DATA"", ""c_source"": ""40303"", ""c_pages"": ""744"", ""c_sequence"": """", ""c_text_title"": ""[n/a]"", ""orig_personid"": ""24412"", ""orig_assoc_id"": ""447567"", ""cbdb_assoc_code"": ""437""}, {""source_table"": ""ASSOC_DATA"", ""c_source"": ""40303"", ""c_pages"": ""744"", ""c_sequence"": """", ""c_text_title"": ""[n/a]"", ""orig_personid"": ""447567"", ""orig_assoc_id"": ""24412"", ""cbdb_assoc_code"": ""438""}]",1
24654,3605,COLLEAGUE,CL_SUPERIOR,上司為Y,directed,804,,0.8,unsourced,,481,P,2,"[{""source_table"": ""ASSOC_DATA"", ""c_source"": """", ""c_pages"": """", ""c_sequence"": """", ""c_text_title"": ""[n/a]"", ""orig_personid"": ""3605"", ""orig_assoc_id"": ""24654"", ""cbdb_assoc_code"": ""481""}, {""source_table"": ""ASSOC_DATA"", ""c_source"": """", ""c_pages"": """", ""c_sequence"": """", ""c_text_title"": ""[n/a]"", ""orig_personid"": ""24654"", ""orig_assoc_id"": ""3605"", ""cbdb_assoc_code"": ""482""}]",1
26935,19244,SOCIAL,SO_GIFT_POETRY,收到Y的贈詩、文,directed,,,0.5,primary,唐五代人交往詩索引,438,P,2,"[{""source_table"": ""ASSOC_DATA"", ""c_source"": ""40303"", ""c_pages"": ""978"", ""c_sequence"": """", ""c_text_title"": ""[n/a]"", ""orig_personid"": ""19244"", ""orig_assoc_id"": ""26935"", ""cbdb_assoc_code"": ""438""}, {""source_table"": ""ASSOC_DATA"", ""c_source"": ""40303"", ""c_pages"": ""978"", ""c_sequence"": """", ""c_text_title"": ""[n/a]"", ""orig_personid"": ""26935"", ""orig_assoc_id"": ""19244"", ""cbdb_assoc_code"": ""437""}]",1
26935,94160,KIN,K_OTHER,孫,directed,,,0.7,primary,Pers DB / 唐代人物知識ベース,243,KIN,1,"[{""source_table"": ""KIN_DATA"", ""c_source"": ""24309"", ""c_pages"": ""pers02660"", ""c_sequence"": """", ""c_text_title"": """", ""orig_personid"": ""26935"", ""orig_assoc_id"": ""94160"", ""cbdb_assoc_code"": ""243""}]",1
30851,3840,SOCIAL,SO_GIFT_POETRY,收到Y的贈詩、文,directed,,,0.5,primary,唐五代人交往詩索引,438,P,2,"[{""source_table"": ""ASSOC_DATA"", ""c_source"": ""40303"", ""c_pages"": ""37"", ""c_sequence"": ""0"", ""c_text_title"": ""[n/a]"", ""orig_personid"": ""3840"", ""orig_assoc_id"": ""30851"", ""cbdb_assoc_code"": ""438""}, {""source_table"": ""ASSOC_DATA"", ""c_source"": ""40303"", ""c_pages"": ""37"", ""c_sequence"": ""0"", ""c_text_title"": ""[n/a]"", ""orig_personid"": ""30851"", ""orig_assoc_id"": ""3840"", ""cbdb_assoc_code"": ""437""}]",1
30851,3915,SOCIAL,SO_GIFT_POETRY,收到Y的贈詩、文,directed,,,0.5,primary,唐五代人交往詩索引,438,P,2,"[{""source_table"": ""ASSOC_DATA"", ""c_source"": ""40303"", ""c_pages"": ""36"", ""c_sequence"": """", ""c_text_title"": ""[n/a]"", ""orig_personid"": ""3915"", ""orig_assoc_id"": ""30851"", ""cbdb_assoc_code"": ""438""}, {""source_table"": ""ASSOC_DATA"", ""c_source"": ""40303"", ""c_pages"": ""36"", ""c_sequence"": """", ""c_text_title"": ""[n/a]"", ""orig_personid"": ""30851"", ""orig_assoc_id"": ""3915"", ""cbdb_assoc_code"": ""437""}]",0
30851,15610,SOCIAL,SO_GIFT_POETRY,收到Y的贈詩、文,directed,,,0.5,primary,唐五代人交往詩索引,438,P,2,"[{""source_table"": ""ASSOC_DATA"", ""c_source"": ""40303"", ""c_pages"": ""33"", ""c_sequence"": """", ""c_text_title"": ""[n/a]"", ""orig_personid"": ""15610"", ""orig_assoc_id"": ""30851"", ""cbdb_assoc_code"": ""438""}, {""source_table"": ""ASSOC_DATA"", ""c_source"": ""40303"", ""c_pages"": ""33"", ""c_sequence"": """", ""c_text_title"": ""[n/a]"", ""orig_personid"": ""30851"", ""orig_assoc_id"": ""15610"", ""cbdb_assoc_code"": ""437""}]",1
30851,32534,SOCIAL,SO_GIFT_POETRY,贈詩、文,directed,,,0.5,primary,唐五代人交往詩索引,437,A,2,"[{""source_table"": ""ASSOC_DATA"", ""c_source"": ""40303"", ""c_pages"": ""35"", ""c_sequence"": """", ""c_text_title"": ""[n/a]"", ""orig_personid"": ""30851"", ""orig_assoc_id"": ""32534"", ""cbdb_assoc_code"": ""437""}, {""source_table"": ""ASSOC_DATA"", ""c_source"": ""40303"", ""c_pages"": ""35"", ""c_sequence"": """", ""c_text_title"": ""[n/a]"", ""orig_personid"": ""32534"", ""orig_assoc_id"": ""30851"", ""cbdb_assoc_code"": ""438""}]",1
30851,32540,SOCIAL,SO_TONGYOU,與Y旅遊,undirected,,,0.5,unsourced,,555,M,2,"[{""source_table"": ""ASSOC_DATA"", ""c_source"": """", ""c_pages"": """", ""c_sequence"": """", ""c_text_title"": ""[n/a]"", ""orig_personid"": ""30851"", ""orig_assoc_id"": ""32540"", ""cbdb_assoc_code"": ""555""}, {""source_table"": ""ASSOC_DATA"", ""c_source"": """", ""c_pages"": """", ""c_sequence"": """", ""c_text_title"": ""[n/a]"", ""orig_personid"": ""32540"", ""orig_assoc_id"": ""30851"", ""cbdb_assoc_code"": ""555""}]",1
30851,33062,SOCIAL,SO_GIFT_POETRY,贈詩、文,directed,,,0.5,primary,唐五代人交往詩索引,437,A,2,"[{""source_table"": ""ASSOC_DATA"", ""c_source"": ""40303"", ""c_pages"": ""32"", ""c_sequence"": """", ""c_text_title"": ""[n/a]"", ""orig_personid"": ""30851"", ""orig_assoc_id"": ""33062"", ""cbdb_assoc_code"": ""437""}, {""source_table"": ""ASSOC_DATA"", ""c_source"": ""40303"", ""c_pages"": ""32"", ""c_sequence"": """", ""c_text_title"": ""[n/a]"", ""orig_personid"": ""33062"", ""orig_assoc_id"": ""30851"", ""cbdb_assoc_code"": ""438""}]",1
30851,93409,SOCIAL,SO_GIFT_POETRY,贈詩、文,directed,,,0.5,primary,唐五代人交往詩索引,437,A,2,"[{""source_table"": ""ASSOC_DATA"", ""c_source"": ""40303"", ""c_pages"": ""32"", ""c_sequence"": """", ""c_text_title"": ""[n/a]"", ""orig_personid"": ""30851"", ""orig_assoc_id"": ""93409"", ""cbdb_assoc_code"": ""437""}, {""source_table"": ""ASSOC_DATA"", ""c_source"": ""40303"", ""c_pages"": ""32"", ""c_sequence"": """", ""c_text_title"": ""[n/a]"", ""orig_personid"": ""93409"", ""orig_assoc_id"": ""30851"", ""cbdb_assoc_code"": ""438""}]",1
30851,95025,SOCIAL,SO_GIFT_POETRY,贈詩、文,directed,,,0.5,primary,唐五代人交往詩索引,437,A,2,"[{""source_table"": ""ASSOC_DATA"", ""c_source"": ""40303"", ""c_pages"": ""31"", ""c_sequence"": """", ""c_text_title"": ""[n/a]"", ""orig_personid"": ""30851"", ""orig_assoc_id"": ""95025"", ""cbdb_assoc_code"": ""437""}, {""source_table"": ""ASSOC_DATA"", ""c_source"": ""40303"", ""c_pages"": ""31"", ""c_sequence"": """", ""c_text_title"": ""[n/a]"", ""orig_personid"": ""95025"", ""orig_assoc_id"": ""30851"", ""cbdb_assoc_code"": ""438""}]",1
30938,13060,SOCIAL,SO_GIFT_POETRY,收到Y的贈詩、文,directed,,,0.5,primary,唐五代人交往詩索引,438,P,2,"[{""source_table"": ""ASSOC_DATA"", ""c_source"": ""40303"", ""c_pages"": ""701"", ""c_sequence"": """", ""c_text_title"": ""[n/a]"", ""orig_personid"": ""13060"", ""orig_assoc_id"": ""30938"", ""cbdb_assoc_code"": ""438""}, {""source_table"": ""ASSOC_DATA"", ""c_source"": ""40303"", ""c_pages"": ""701"", ""c_sequence"": """", ""c_text_title"": ""[n/a]"", ""orig_personid"": ""30938"", ""orig_assoc_id"": ""13060"", ""cbdb_assoc_code"": ""437""}]",1
31066,19241,KIN,K_CHILD,子,directed,,,1.0,unsourced,,180,KIN,1,"[{""source_table"": ""KIN_DATA"", ""c_source"": """", ""c_pages"": """", ""c_sequence"": """", ""c_text_title"": """", ""orig_personid"": ""31066"", ""orig_assoc_id"": ""19241"", ""cbdb_assoc_code"": ""180""}]",0
31066,31068,KIN,K_SIBLING,兄弟,undirected,,,0.9,primary,明清婦女著作數據庫,118,KIN,2,"[{""source_table"": ""KIN_DATA"", ""c_source"": ""9601"", ""c_pages"": ""MQWW PoetID #2518, HuWenKai #27"", ""c_sequence"": """", ""c_text_title"": """", ""orig_personid"": ""31066"", ""orig_assoc_id"": ""31068"", ""cbdb_assoc_code"": ""118""}, {""source_table"": ""KIN_DATA"", ""c_source"": ""9601"", ""c_pages"": ""MQWW PoetID #2518, HuWenKai #27"", ""c_sequence"": """", ""c_text_title"": """", ""orig_personid"": ""31068"", ""orig_assoc_id"": ""31066"", ""cbdb_assoc_code"": ""374""}]",1
31068,3685,SOCIAL,SO_GIFT_POETRY,收到Y的贈詩、文,directed,,,0.5,primary,唐五代人交往詩索引,438,P,2,"[{""source_table"": ""ASSOC_DATA"", ""c_source"": ""40303"", ""c_pages"": ""1278"", ""c_sequence"": """", ""c_text_title"": ""[n/a]"", ""orig_personid"": ""3685"", ""orig_assoc_id"": ""31068"", ""cbdb_assoc_code"": ""438""}, {""source_table"": ""ASSOC_DATA"", ""c_source"": ""40303"", ""c_pages"": ""1278"", ""c_sequence"": """", ""c_text_title"": ""[n/a]"", ""orig_personid"": ""31068"", ""orig_assoc_id"": ""3685"", ""cbdb_assoc_code"": ""437""}]",1
31068,13060,SOCIAL,SO_GIFT_POETRY,收到Y的贈詩、文,directed,,,0.5,primary,唐五代人交往詩索引,438,P,2,"[{""source_table"": ""ASSOC_DATA"", ""c_source"": ""40303"", ""c_pages"": ""1278"", ""c_sequence"": """", ""c_text_title"": ""[n/a]"", ""orig_personid"": ""13060"", ""orig_assoc_id"": ""31068"", ""cbdb_assoc_code"": ""438""}, {""source_table"": ""ASSOC_DATA"", ""c_source"": ""40303"", ""c_pages"": ""1278"", ""c_sequence"": """", ""c_text_title"": ""[n/a]"", ""orig_personid"": ""31068"", ""orig_assoc_id"": ""13060"", ""cbdb_assoc_code"": ""437""}]",0
31068,17130,SOCIAL,SO_GIFT_POETRY,收到Y的贈詩、文,directed,,,0.5,primary,唐五代人交往詩索引,438,P,2,"[{""source_table"": ""ASSOC_DATA"", ""c_source"": ""40303"", ""c_pages"": ""1278"", ""c_sequence"": """", ""c_text_title"": ""[n/a]"", ""orig_personid"": ""17130"", ""orig_assoc_id"": ""31068"", ""cbdb_assoc_code"": ""438""}, {""source_table"": ""ASSOC_DATA"", ""c_source"": ""40303"", ""c_pages"": ""1278"", ""c_sequence"": """", ""c_text_title"": ""[n/a]"", ""orig_personid"": ""31068"", ""orig_assoc_id"": ""17130"", ""cbdb_assoc_code"": ""437""}]",1
31110,31560,COLLEAGUE,CL_TONGLIAO,同僚,undirected,,,0.8,primary,舊唐書,197,M,2,"[{""source_table"": ""ASSOC_DATA"", ""c_source"": ""4801"", ""c_pages"": ""5025"", ""c_sequence"": """", ""c_text_title"": ""[n/a]"", ""orig_personid"": ""31110"", ""orig_assoc_id"": ""31560"", ""cbdb_assoc_code"": ""197""}, {""source_table"": ""ASSOC_DATA"", ""c_source"": ""4801"", ""c_pages"": ""5025"", ""c_sequence"": """", ""c_text_title"": ""[n/a]"", ""orig_personid"": ""31560"", ""orig_assoc_id"": ""31110"", ""cbdb_assoc_code"": ""197""}]",1
31143,31560,SOCIAL,SO_GIFT_POETRY,贈詩、文,directed,,,0.5,primary,唐五代人交往詩索引,437,A,2,"[{""source_table"": ""ASSOC_DATA"", ""c_source"": ""40303"", ""c_pages"": ""1402"", ""c_sequence"": """", ""c_text_title"": ""[n/a]"", ""orig_personid"": ""31143"", ""orig_assoc_id"": ""31560"", ""cbdb_assoc_code"": ""437""}, {""source_table"": ""ASSOC_DATA"", ""c_source"": ""40303"", ""c_pages"": ""1402"", ""c_sequence"": """", ""c_text_title"": ""[n/a]"", ""orig_personid"": ""31560"", ""orig_assoc_id"": ""31143"", ""cbdb_assoc_code"": ""438""}]",1
31143,93663,POLITICAL,PO_OPPOSE,反對/不支持Y的政策,directed,,,0.3,primary,資治通鑑,136,A,2,"[{""source_table"": ""ASSOC_DATA"", ""c_source"": ""3886"", ""c_pages"": """", ""c_sequence"": """", ""c_text_title"": ""[n/a]"", ""orig_personid"": ""31143"", ""orig_assoc_id"": ""93663"", ""cbdb_assoc_code"": ""136""}, {""source_table"": ""ASSOC_DATA"", ""c_source"": ""3886"", ""c_pages"": """", ""c_sequence"": """", ""c_text_title"": ""[n/a]"", ""orig_personid"": ""93663"", ""orig_assoc_id"": ""31143"", ""cbdb_assoc_code"": ""137""}]",1
31221,32847,POLITICAL,PO_OPPOSE,忌/惡,directed,756,,0.3,unsourced,,83,A,2,"[{""source_table"": ""ASSOC_DATA"", ""c_source"": """", ""c_pages"": """", ""c_sequence"": ""0"", ""c_text_title"": ""[n/a]"", ""orig_personid"": ""31221"", ""orig_assoc_id"": ""32847"", ""cbdb_assoc_code"": ""83""}, {""source_table"": ""ASSOC_DATA"", ""c_source"": """", ""c_pages"": """", ""c_sequence"": ""0"", ""c_text_title"": ""[n/a]"", ""orig_personid"": ""32847"", ""orig_assoc_id"": ""31221"", ""cbdb_assoc_code"": ""84""}]",1
31275,11605,SOCIAL,SO_GIFT_POETRY,收到Y的贈詩、文,directed,,,0.5,primary,唐五代人交往詩索引,438,P,2,"[{""source_table"": ""ASSOC_DATA"", ""c_source"": ""40303"", ""c_pages"": ""666"", ""c_sequence"": """", ""c_text_title"": ""[n/a]"", ""orig_personid"": ""11605"", ""orig_assoc_id"": ""31275"", ""cbdb_assoc_code"": ""438""}, {""source_table"": ""ASSOC_DATA"", ""c_source"": ""40303"", ""c_pages"": ""666"", ""c_sequence"": """", ""c_text_title"": ""[n/a]"", ""orig_personid"": ""31275"", ""orig_assoc_id"": ""11605"", ""cbdb_assoc_code"": ""437""}]",1
31275,19244,SOCIAL,SO_GIFT_POETRY,收到Y的贈詩、文,directed,,,0.5,primary,唐五代人交往詩索引,438,P,2,"[{""source_table"": ""ASSOC_DATA"", ""c_source"": ""40303"", ""c_pages"": ""666"", ""c_sequence"": """", ""c_text_title"": ""[n/a]"", ""orig_personid"": ""19244"", ""orig_assoc_id"": ""31275"", ""cbdb_assoc_code"": ""438""}, {""source_table"": ""ASSOC_DATA"", ""c_source"": ""40303"", ""c_pages"": ""666"", ""c_sequence"": """", ""c_text_title"": ""[n/a]"", ""orig_personid"": ""31275"", ""orig_assoc_id"": ""19244"", ""cbdb_assoc_code"": ""437""}]",0
31275,31407,SOCIAL,SO_GIFT_POETRY,贈詩、文,directed,,,0.5,primary,唐五代人交往詩索引,437,A,2,"[{""source_table"": ""ASSOC_DATA"", ""c_source"": ""40303"", ""c_pages"": ""666"", ""c_sequence"": """", ""c_text_title"": ""[n/a]"", ""orig_personid"": ""31275"", ""orig_assoc_id"": ""31407"", ""cbdb_assoc_code"": ""437""}, {""source_table"": ""ASSOC_DATA"", ""c_source"": ""40303"", ""c_pages"": ""666"", ""c_sequence"": """", ""c_text_title"": ""[n/a]"", ""orig_personid"": ""31407"", ""orig_assoc_id"": ""31275"", ""cbdb_assoc_code"": ""438""}]",1
31312,11965,TEACHER_STUDENT,TS_STUDENT,學生為Y,directed,,,0.8,primary,人名權威資料（中央研究院歷史語言研究所）,23,P,2,"[{""source_table"": ""ASSOC_DATA"", ""c_source"": ""9602"", ""c_pages"": ""18135"", ""c_sequence"": """", ""c_text_title"": ""[n/a]"", ""orig_personid"": ""11965"", ""orig_assoc_id"": ""31312"", ""cbdb_assoc_code"": ""23""}, {""source_table"": ""ASSOC_DATA"", ""c_source"": ""9602"", ""c_pages"": ""18135"", ""c_sequence"": """", ""c_text_title"": ""[n/a]"", ""orig_personid"": ""31312"", ""orig_assoc_id"": ""11965"", ""cbdb_assoc_code"": ""22""}]",1
31322,31367,SOCIAL,SO_GIFT_POETRY,贈詩、文,directed,,,0.5,primary,唐五代人交往詩索引,437,A,2,"[{""source_table"": ""ASSOC_DATA"", ""c_source"": ""40303"", ""c_pages"": ""1380"", ""c_sequence"": """", ""c_text_title"": ""[n/a]"", ""orig_personid"": ""31322"", ""orig_assoc_id"": ""31367"", ""cbdb_assoc_code"": ""437""}, {""source_table"": ""ASSOC_DATA"", ""c_source"": ""40303"", ""c_pages"": ""1380"", ""c_sequence"": """", ""c_text_title"": ""[n/a]"", ""orig_personid"": ""31367"", ""orig_assoc_id"": ""31322"", ""cbdb_assoc_code"": ""438""}]",1
31322,31560,SOCIAL,SO_FRIEND,友,undirected,,,0.6,primary,新唐書,9,M,2,"[{""source_table"": ""ASSOC_DATA"", ""c_source"": ""2123"", ""c_pages"": ""4239"", ""c_sequence"": """", ""c_text_title"": ""[n/a]"", ""orig_personid"": ""31322"", ""orig_assoc_id"": ""31560"", ""cbdb_assoc_code"": ""9""}, {""source_table"": ""ASSOC_DATA"", ""c_source"": ""2123"", ""c_pages"": ""4239"", ""c_sequence"": """", ""c_text_title"": ""[n/a]"", ""orig_personid"": ""31560"", ""orig_assoc_id"": ""31322"", ""cbdb_assoc_code"": ""9""}]",1
31322,31560,SOCIAL,SO_GIFT_POETRY,贈詩、文,directed,,,0.5,primary,唐五代人交往詩索引,437,A,2,"[{""source_table"": ""ASSOC_DATA"", ""c_source"": ""40303"", ""c_pages"": ""1380"", ""c_sequence"": """", ""c_text_title"": ""[n/a]"", ""orig_personid"": ""31322"", ""orig_assoc_id"": ""31560"", ""cbdb_assoc_code"": ""437""}, {""source_table"": ""ASSOC_DATA"", ""c_source"": ""40303"", ""c_pages"": ""1380"", ""c_sequence"": """", ""c_text_title"": ""[n/a]"", ""orig_personid"": ""31560"", ""orig_assoc_id"": ""31322"", ""cbdb_assoc_code"": ""438""}]",0
31407,26935,LITERARY,LI_EPITAPH,墓誌銘由Y所作,directed,710,,0.4,unsourced,,43,P,2,"[{""source_table"": ""ASSOC_DATA"", ""c_source"": """", ""c_pages"": """", ""c_sequence"": ""0"", ""c_text_title"": ""[n/a]"", ""orig_personid"": ""26935"", ""orig_assoc_id"": ""31407"", ""cbdb_assoc_code"": ""43""}, {""source_table"": ""ASSOC_DATA"", ""c_source"": """", ""c_pages"": """", ""c_sequence"": ""0"", ""c_text_title"": ""[n/a]"", ""orig_personid"": ""31407"", ""orig_assoc_id"": ""26935"", ""cbdb_assoc_code"": ""44""}]",1
31407,31110,SOCIAL,SO_GIFT_POETRY,收到Y的贈詩、文,directed,,,0.5,primary,明清婦女著作數據庫,438,P,2,"[{""source_table"": ""ASSOC_DATA"", ""c_source"": ""9601"", ""c_pages"": ""MQWW PoetID #2052"", ""c_sequence"": ""0"", ""c_text_title"": ""[n/a]"", ""orig_personid"": ""31110"", ""orig_assoc_id"": ""31407"", ""cbdb_assoc_code"": ""438""}, {""source_table"": ""ASSOC_DATA"", ""c_source"": ""9601"", ""c_pages"": ""MQWW PoetID #2052"", ""c_sequence"": ""0"", ""c_text_title"": ""[n/a]"", ""orig_personid"": ""31407"", ""orig_assoc_id"": ""31110"", ""cbdb_assoc_code"": ""437""}]",1
31407,31367,SOCIAL,SO_GIFT_POETRY,收到Y的贈詩、文,directed,,,0.5,primary,唐五代人交往詩索引,438,P,2,"[{""source_table"": ""ASSOC_DATA"", ""c_source"": ""40303"", ""c_pages"": ""221"", ""c_sequence"": """", ""c_text_title"": ""[n/a]"", ""orig_personid"": ""31367"", ""orig_assoc_id"": ""31407"", ""cbdb_assoc_code"": ""438""}, {""source_table"": ""ASSOC_DATA"", ""c_source"": ""40303"", ""c_pages"": ""221"", ""c_sequence"": """", ""c_text_title"": ""[n/a]"", ""orig_personid"": ""31407"", ""orig_assoc_id"": ""31367"", ""cbdb_assoc_code"": ""437""}]",1
31407,31575,SOCIAL,SO_GIFT_POETRY,贈詩、文,directed,,,0.5,primary,唐五代人交往詩索引,437,A,2,"[{""source_table"": ""ASSOC_DATA"", ""c_source"": ""40303"", ""c_pages"": ""222"", ""c_sequence"": """", ""c_text_title"": ""[n/a]"", ""orig_personid"": ""31407"", ""orig_assoc_id"": ""31575"", ""cbdb_assoc_code"": ""437""}, {""source_table"": ""ASSOC_DATA"", ""c_source"": ""40303"", ""c_pages"": ""222"", ""c_sequence"": """", ""c_text_title"": ""[n/a]"", ""orig_personid"": ""31575"", ""orig_assoc_id"": ""31407"", ""cbdb_assoc_code"": ""438""}]",1
31407,91931,LITERARY,LI_PREAMBLE,為Y所著書作序,directed,,,0.4,primary,明清婦女著作數據庫,32,A,2,"[{""source_table"": ""ASSOC_DATA"", ""c_source"": ""9601"", ""c_pages"": ""MQWW PoetID #2047, HuWenKai #17"", ""c_sequence"": ""0"", ""c_text_title"": ""[n/a]"", ""orig_personid"": ""31407"", ""orig_assoc_id"": ""91931"", ""cbdb_assoc_code"": ""32""}, {""source_table"": ""ASSOC_DATA"", ""c_source"": ""9601"", ""c_pages"": ""MQWW PoetID #2047, HuWenKai #17"", ""c_sequence"": ""0"", ""c_text_title"": ""[n/a]"", ""orig_personid"": ""91931"", ""orig_assoc_id"": ""31407"", ""cbdb_assoc_code"": ""33""}]",1
31407,92452,SOCIAL,SO_GIFT_POETRY,贈詩、文,directed,,,0.5,primary,唐五代人交往詩索引,437,A,2,"[{""source_table"": ""ASSOC_DATA"", ""c_source"": ""40303"", ""c_pages"": ""221"", ""c_sequence"": """", ""c_text_title"": ""[n/a]"", ""orig_personid"": ""31407"", ""orig_assoc_id"": ""92452"", ""cbdb_assoc_code"": ""437""}, {""source_table"": ""ASSOC_DATA"", ""c_source"": ""40303"", ""c_pages"": ""221"", ""c_sequence"": """", ""c_text_title"": ""[n/a]"", ""orig_personid"": ""92452"", ""orig_assoc_id"": ""31407"", ""cbdb_assoc_code"": ""438""}]",1
31560,11605,SOCIAL,SO_GIFT_POETRY,收到Y的贈詩、文,directed,,,0.5,primary,唐五代人交往詩索引,438,P,2,"[{""source_table"": ""ASSOC_DATA"", ""c_source"": ""40303"", ""c_pages"": ""670"", ""c_sequence"": """", ""c_text_title"": ""[n/a]"", ""orig_personid"": ""11605"", ""orig_assoc_id"": ""31560"", ""cbdb_assoc_code"": ""438""}, {""source_table"": ""ASSOC_DATA"", ""c_source"": ""40303"", ""c_pages"": ""670"", ""c_sequence"": """", ""c_text_title"": ""[n/a]"", ""orig_personid"": ""31560"", ""orig_assoc_id"": ""11605"", ""cbdb_assoc_code"": ""437""}]",1
31560,31110,SOCIAL,SO_GIFT_POETRY,收到Y的贈詩、文,directed,,,0.5,primary,唐五代人交往詩索引,438,P,2,"[{""source_table"": ""ASSOC_DATA"", ""c_source"": ""40303"", ""c_pages"": ""671"", ""c_sequence"": """", ""c_text_title"": ""[n/a]"", ""orig_personid"": ""31110"", ""orig_assoc_id"": ""31560"", ""cbdb_assoc_code"": ""438""}, {""source_table"": ""ASSOC_DATA"", ""c_source"": ""40303"", ""c_pages"": ""671"", ""c_sequence"": """", ""c_text_title"": ""[n/a]"", ""orig_personid"": ""31560"", ""orig_assoc_id"": ""31110"", ""cbdb_assoc_code"": ""437""}]",0
31560,31143,SOCIAL,SO_GIFT_POETRY,收到Y的贈詩、文,directed,,,0.5,primary,唐五代人交往詩索引,438,P,2,"[{""source_table"": ""ASSOC_DATA"", ""c_source"": ""40303"", ""c_pages"": ""671"", ""c_sequence"": """", ""c_text_title"": ""[n/a]"", ""orig_personid"": ""31143"", ""orig_assoc_id"": ""31560"", ""cbdb_assoc_code"": ""438""}, {""source_table"": ""ASSOC_DATA"", ""c_source"": ""40303"", ""c_pages"": ""671"", ""c_sequence"": """", ""c_text_title"": ""[n/a]"", ""orig_personid"": ""31560"", ""orig_assoc_id"": ""31143"", ""cbdb_assoc_code"": ""437""}]",0
31560,31367,SOCIAL,SO_GIFT_POETRY,收到Y的贈詩、文,directed,,,0.5,primary,唐五代人交往詩索引,438,P,2,"[{""source_table"": ""ASSOC_DATA"", ""c_source"": ""40303"", ""c_pages"": ""669"", ""c_sequence"": """", ""c_text_title"": ""[n/a]"", ""orig_personid"": ""31367"", ""orig_assoc_id"": ""31560"", ""cbdb_assoc_code"": ""438""}, {""source_table"": ""ASSOC_DATA"", ""c_source"": ""40303"", ""c_pages"": ""669"", ""c_sequence"": """", ""c_text_title"": ""[n/a]"", ""orig_personid"": ""31560"", ""orig_assoc_id"": ""31367"", ""cbdb_assoc_code"": ""437""}]",1
31560,32198,SOCIAL,SO_GIFT_POETRY,贈詩、文,directed,,,0.5,primary,唐五代人交往詩索引,437,A,2,"[{""source_table"": ""ASSOC_DATA"", ""c_source"": ""40303"", ""c_pages"": ""669"", ""c_sequence"": """", ""c_text_title"": ""[n/a]"", ""orig_personid"": ""31560"", ""orig_assoc_id"": ""32198"", ""cbdb_assoc_code"": ""437""}, {""source_table"": ""ASSOC_DATA"", ""c_source"": ""40303"", ""c_pages"": ""669"", ""c_sequence"": """", ""c_text_title"": ""[n/a]"", ""orig_personid"": ""32198"", ""orig_assoc_id"": ""31560"", ""cbdb_assoc_code"": ""438""}]",1
31560,32593,SOCIAL,SO_FRIEND,友,undirected,,,0.6,primary,新唐書,9,M,2,"[{""source_table"": ""ASSOC_DATA"", ""c_source"": ""2123"", ""c_pages"": ""4239"", ""c_sequence"": """", ""c_text_title"": ""[n/a]"", ""orig_personid"": ""31560"", ""orig_assoc_id"": ""32593"", ""cbdb_assoc_code"": ""9""}, {""source_table"": ""ASSOC_DATA"", ""c_source"": ""2123"", ""c_pages"": ""4239"", ""c_sequence"": """", ""c_text_title"": ""[n/a]"", ""orig_personid"": ""32593"", ""orig_assoc_id"": ""31560"", ""cbdb_assoc_code"": ""9""}]",0
31560,32593,COLLEAGUE,CL_TONGLIAO,同僚,undirected,,,0.8,primary,舊唐書,197,M,2,"[{""source_table"": ""ASSOC_DATA"", ""c_source"": ""4801"", ""c_pages"": ""5025"", ""c_sequence"": """", ""c_text_title"": ""[n/a]"", ""orig_personid"": ""31560"", ""orig_assoc_id"": ""32593"", ""cbdb_assoc_code"": ""197""}, {""source_table"": ""ASSOC_DATA"", ""c_source"": ""4801"", ""c_pages"": ""5025"", ""c_sequence"": """", ""c_text_title"": ""[n/a]"", ""orig_personid"": ""32593"", ""orig_assoc_id"": ""31560"", ""cbdb_assoc_code"": ""197""}]",1
31560,32593,SOCIAL,SO_GIFT_POETRY,贈詩、文,directed,,,0.5,primary,唐五代人交往詩索引,437,A,2,"[{""source_table"": ""ASSOC_DATA"", ""c_source"": ""40303"", ""c_pages"": ""670"", ""c_sequence"": """", ""c_text_title"": ""[n/a]"", ""orig_personid"": ""31560"", ""orig_assoc_id"": ""32593"", ""cbdb_assoc_code"": ""437""}, {""source_table"": ""ASSOC_DATA"", ""c_source"": ""40303"", ""c_pages"": ""670"", ""c_sequence"": """", ""c_text_title"": ""[n/a]"", ""orig_personid"": ""32593"", ""orig_assoc_id"": ""31560"", ""cbdb_assoc_code"": ""438""}]",0
31560,92452,SOCIAL,SO_FRIEND,友,undirected,,,0.6,primary,新唐書,9,M,2,"[{""source_table"": ""ASSOC_DATA"", ""c_source"": ""2123"", ""c_pages"": ""4239"", ""c_sequence"": """", ""c_text_title"": ""[n/a]"", ""orig_personid"": ""31560"", ""orig_assoc_id"": ""92452"", ""cbdb_assoc_code"": ""9""}, {""source_table"": ""ASSOC_DATA"", ""c_source"": ""2123"", ""c_pages"": ""4239"", ""c_sequence"": """", ""c_text_title"": ""[n/a]"", ""orig_personid"": ""92452"", ""orig_assoc_id"": ""31560"", ""cbdb_assoc_code"": ""9""}]",1
31560,92452,SOCIAL,SO_GIFT_POETRY,贈詩、文,directed,,,0.5,primary,唐五代人交往詩索引,437,A,2,"[{""source_table"": ""ASSOC_DATA"", ""c_source"": ""40303"", ""c_pages"": ""668"", ""c_sequence"": """", ""c_text_title"": ""[n/a]"", ""orig_personid"": ""31560"", ""orig_assoc_id"": ""92452"", ""cbdb_assoc_code"": ""437""}, {""source_table"": ""ASSOC_DATA"", ""c_source"": ""40303"", ""c_pages"": ""668"", ""c_sequence"": """", ""c_text_title"": ""[n/a]"", ""orig_personid"": ""92452"", ""orig_assoc_id"": ""31560"", ""cbdb_assoc_code"": ""438""}]",0
31560,447292,SOCIAL,SO_GIFT_POETRY,贈詩、文,directed,,,0.5,primary,唐五代人交往詩索引,437,A,2,"[{""source_table"": ""ASSOC_DATA"", ""c_source"": ""40303"", ""c_pages"": ""669"", ""c_sequence"": """", ""c_text_title"": ""[n/a]"", ""orig_personid"": ""31560"", ""orig_assoc_id"": ""447292"", ""cbdb_assoc_code"": ""437""}, {""source_table"": ""ASSOC_DATA"", ""c_source"": ""40303"", ""c_pages"": ""669"", ""c_sequence"": """", ""c_text_title"": ""[n/a]"", ""orig_personid"": ""447292"", ""orig_assoc_id"": ""31560"", ""cbdb_assoc_code"": ""438""}]",1
31575,19241,SOCIAL,SO_GIFT_POETRY,收到Y的贈詩、文,directed,,,0.5,primary,唐五代人交往詩索引,438,P,2,"[{""source_table"": ""ASSOC_DATA"", ""c_source"": ""40303"", ""c_pages"": ""788"", ""c_sequence"": """", ""c_text_title"": ""[n/a]"", ""orig_personid"": ""19241"", ""orig_assoc_id"": ""31575"", ""cbdb_assoc_code"": ""438""}, {""source_table"": ""ASSOC_DATA"", ""c_source"": ""40303"", ""c_pages"": ""788"", ""c_sequence"": """", ""c_text_title"": ""[n/a]"", ""orig_personid"": ""31575"", ""orig_assoc_id"": ""19241"", ""cbdb_assoc_code"": ""437""}]",1
31575,31143,SOCIAL,SO_GIFT_POETRY,收到Y的贈詩、文,directed,,,0.5,primary,唐五代人交往詩索引,438,P,2,"[{""source_table"": ""ASSOC_DATA"", ""c_source"": ""40303"", ""c_pages"": ""790"", ""c_sequence"": """", ""c_text_title"": ""[n/a]"", ""orig_personid"": ""31143"", ""orig_assoc_id"": ""31575"", ""cbdb_assoc_code"": ""438""}, {""source_table"": ""ASSOC_DATA"", ""c_source"": ""40303"", ""c_pages"": ""790"", ""c_sequence"": """", ""c_text_title"": ""[n/a]"", ""orig_personid"": ""31575"", ""orig_assoc_id"": ""31143"", ""cbdb_assoc_code"": ""437""}]",1
31575,32593,SOCIAL,SO_GIFT_POETRY,贈詩、文,directed,,,0.5,primary,唐五代人交往詩索引,437,A,2,"[{""source_table"": ""ASSOC_DATA"", ""c_source"": ""40303"", ""c_pages"": ""789"", ""c_sequence"": """", ""c_text_title"": ""[n/a]"", ""orig_personid"": ""31575"", ""orig_assoc_id"": ""32593"", ""cbdb_assoc_code"": ""437""}, {""source_table"": ""ASSOC_DATA"", ""c_source"": ""40303"", ""c_pages"": ""789"", ""c_sequence"": """", ""c_text_title"": ""[n/a]"", ""orig_personid"": ""32593"", ""orig_assoc_id"": ""31575"", ""cbdb_assoc_code"": ""438""}]",1
31575,92452,SOCIAL,SO_GIFT_POETRY,贈詩、文,directed,,,0.5,primary,唐五代人交往詩索引,437,A,2,"[{""source_table"": ""ASSOC_DATA"", ""c_source"": ""40303"", ""c_pages"": ""788"", ""c_sequence"": """", ""c_text_title"": ""[n/a]"", ""orig_personid"": ""31575"", ""orig_assoc_id"": ""92452"", ""cbdb_assoc_code"": ""437""}, {""source_table"": ""ASSOC_DATA"", ""c_source"": ""40303"", ""c_pages"": ""788"", ""c_sequence"": """", ""c_text_title"": ""[n/a]"", ""orig_personid"": ""92452"", ""orig_assoc_id"": ""31575"", ""cbdb_assoc_code"": ""438""}]",1
32054,32227,SOCIAL,SO_GIFT_POETRY,贈詩、文,directed,,,0.5,primary,唐五代人交往詩索引,437,A,2,"[{""source_table"": ""ASSOC_DATA"", ""c_source"": ""40303"", ""c_pages"": ""500"", ""c_sequence"": """", ""c_text_title"": ""[n/a]"", ""orig_personid"": ""32054"", ""orig_assoc_id"": ""32227"", ""cbdb_assoc_code"": ""437""}, {""source_table"": ""ASSOC_DATA"", ""c_source"": ""40303"", ""c_pages"": ""500"", ""c_sequence"": """", ""c_text_title"": ""[n/a]"", ""orig_personid"": ""32227"", ""orig_assoc_id"": ""32054"", ""cbdb_assoc_code"": ""438""}]",1
32054,95068,SOCIAL,SO_CHANGHE,相唱和,undirected,,,0.6,primary,明清婦女著作數據庫,114,M,2,"[{""source_table"": ""ASSOC_DATA"", ""c_source"": ""9601"", ""c_pages"": ""2094"", ""c_sequence"": ""0"", ""c_text_title"": ""[n/a]"", ""orig_personid"": ""32054"", ""orig_assoc_id"": ""95068"", ""cbdb_assoc_code"": ""114""}, {""source_table"": ""ASSOC_DATA"", ""c_source"": ""9601"", ""c_pages"": ""2094"", ""c_sequence"": ""0"", ""c_text_title"": ""[n/a]"", ""orig_personid"": ""95068"", ""orig_assoc_id"": ""32054"", ""cbdb_assoc_code"": ""114""}]",1
32174,3130,SOCIAL,SO_GIFT_POETRY,收到Y的贈詩、文,directed,734,,0.5,primary,王維年譜,438,P,4,"[{""source_table"": ""ASSOC_DATA"", ""c_source"": ""60019"", ""c_pages"": ""60"", ""c_sequence"": ""16"", ""c_text_title"": ""《上張令公》"", ""orig_personid"": ""3130"", ""orig_assoc_id"": ""32174"", ""cbdb_assoc_code"": ""438""}, {""source_table"": ""ASSOC_DATA"", ""c_source"": ""40303"", ""c_pages"": ""110"", ""c_sequence"": ""18"", ""c_text_title"": ""《獻始興公》"", ""orig_personid"": ""3130"", ""orig_assoc_id"": ""32174"", ""cbdb_assoc_code"": ""438""}, {""source_table"": ""ASSOC_DATA"", ""c_source"": ""60019"", ""c_pages"": ""60"", ""c_sequence"": ""16"", ""c_text_title"": ""《上張令公》"", ""orig_personid"": ""32174"", ""orig_assoc_id"": ""3130"", ""cbdb_assoc_code"": ""437""}, {""source_table"": ""ASSOC_DATA"", ""c_source"": ""40303"", ""c_pages"": ""110"", ""c_sequence"": ""18"", ""c_text_title"": ""《獻始興公》"", ""orig_personid"": ""32174"", ""orig_assoc_id"": ""3130"", ""cbdb_assoc_code"": ""437""}]",0
32174,19244,SOCIAL,SO_GIFT_POETRY,收到Y的贈詩、文,directed,,,0.5,primary,唐五代人交往詩索引,438,P,2,"[{""source_table"": ""ASSOC_DATA"", ""c_source"": ""40303"", ""c_pages"": ""113"", ""c_sequence"": """", ""c_text_title"": ""[n/a]"", ""orig_personid"": ""19244"", ""orig_assoc_id"": ""32174"", ""cbdb_assoc_code"": ""438""}, {""source_table"": ""ASSOC_DATA"", ""c_source"": ""40303"", ""c_pages"": ""113"", ""c_sequence"": """", ""c_text_title"": ""[n/a]"", ""orig_personid"": ""32174"", ""orig_assoc_id"": ""19244"", ""cbdb_assoc_code"": ""437""}]",1
32174,31221,SOCIAL,SO_GIFT_POETRY,收到Y的贈詩、文,directed,,,0.5,primary,唐五代人交往詩索引,438,P,2,"[{""source_table"": ""ASSOC_DATA"", ""c_source"": ""40303"", ""c_pages"": ""115"", ""c_sequence"": """", ""c_text_title"": ""[n/a]"", ""orig_personid"": ""31221"", ""orig_assoc_id"": ""32174"", ""cbdb_assoc_code"": ""438""}, {""source_table"": ""ASSOC_DATA"", ""c_source"": ""40303"", ""c_pages"": ""115"", ""c_sequence"": """", ""c_text_title"": ""[n/a]"", ""orig_personid"": ""32174"", ""orig_assoc_id"": ""31221"", ""cbdb_assoc_code"": ""437""}]",1
32174,32534,SOCIAL,SO_GIFT_POETRY,贈詩、文,directed,,,0.5,primary,唐五代人交往詩索引,437,A,2,"[{""source_table"": ""ASSOC_DATA"", ""c_source"": ""40303"", ""c_pages"": ""113"", ""c_sequence"": """", ""c_text_title"": ""[n/a]"", ""orig_personid"": ""32174"", ""orig_assoc_id"": ""32534"", ""cbdb_assoc_code"": ""437""}, {""source_table"": ""ASSOC_DATA"", ""c_source"": ""40303"", ""c_pages"": ""113"", ""c_sequence"": """", ""c_text_title"": ""[n/a]"", ""orig_personid"": ""32534"", ""orig_assoc_id"": ""32174"", ""cbdb_assoc_code"": ""438""}]",1
32174,93956,SOCIAL,SO_GIFT_POETRY,贈詩、文,directed,729,,0.5,primary,王維年譜,437,A,2,"[{""source_table"": ""ASSOC_DATA"", ""c_source"": ""60019"", ""c_pages"": ""51"", ""c_sequence"": ""11"", ""c_text_title"": ""《送孟六歸襄陽》"", ""orig_personid"": ""32174"", ""orig_assoc_id"": ""93956"", ""cbdb_assoc_code"": ""437""}, {""source_table"": ""ASSOC_DATA"", ""c_source"": ""60019"", ""c_pages"": ""51"", ""c_sequence"": ""11"", ""c_text_title"": ""《送孟六歸襄陽》"", ""orig_personid"": ""93956"", ""orig_assoc_id"": ""32174"", ""cbdb_assoc_code"": ""438""}]",1
32198,19214,SOCIAL,SO_GIFT_POETRY,收到Y的贈詩、文,directed,,,0.5,primary,唐五代人交往詩索引,438,P,2,"[{""source_table"": ""ASSOC_DATA"", ""c_source"": ""40303"", ""c_pages"": ""696"", ""c_sequence"": """", ""c_text_title"": ""[n/a]"", ""orig_personid"": ""19214"", ""orig_assoc_id"": ""32198"", ""cbdb_assoc_code"": ""438""}, {""source_table"": ""ASSOC_DATA"", ""c_source"": ""40303"", ""c_pages"": ""696"", ""c_sequence"": """", ""c_text_title"": ""[n/a]"", ""orig_personid"": ""32198"", ""orig_assoc_id"": ""19214"", ""cbdb_assoc_code"": ""437""}]",1
32198,19241,SOCIAL,SO_GIFT_POETRY,收到Y的贈詩、文,directed,,,0.5,primary,唐五代人交往詩索引,438,P,2,"[{""source_table"": ""ASSOC_DATA"", ""c_source"": ""40303"", ""c_pages"": ""695"", ""c_sequence"": """", ""c_text_title"": ""[n/a]"", ""orig_personid"": ""19241"", ""orig_assoc_id"": ""32198"", ""cbdb_assoc_code"": ""438""}, {""source_table"": ""ASSOC_DATA"", ""c_source"": ""40303"", ""c_pages"": ""695"", ""c_sequence"": """", ""c_text_title"": ""[n/a]"", ""orig_personid"": ""32198"", ""orig_assoc_id"": ""19241"", ""cbdb_assoc_code"": ""437""}]",1
32198,31367,SOCIAL,SO_GIFT_POETRY,收到Y的贈詩、文,directed,,,0.5,primary,唐五代人交往詩索引,438,P,2,"[{""source_table"": ""ASSOC_DATA"", ""c_source"": ""40303"", ""c_pages"": ""694"", ""c_sequence"": """", ""c_text_title"": ""[n/a]"", ""orig_personid"": ""31367"", ""orig_assoc_id"": ""32198"", ""cbdb_assoc_code"": ""438""}, {""source_table"": ""ASSOC_DATA"", ""c_source"": ""40303"", ""c_pages"": ""694"", ""c_sequence"": """", ""c_text_title"": ""[n/a]"", ""orig_personid"": ""32198"", ""orig_assoc_id"": ""31367"", ""cbdb_assoc_code"": ""437""}]",1
32198,32593,SOCIAL,SO_GIFT_POETRY,贈詩、文,directed,,,0.5,primary,唐五代人交往詩索引,437,A,2,"[{""source_table"": ""ASSOC_DATA"", ""c_source"": ""40303"", ""c_pages"": ""696"", ""c_sequence"": """", ""c_text_title"": ""[n/a]"", ""orig_personid"": ""32198"", ""orig_assoc_id"": ""32593"", ""cbdb_assoc_code"": ""437""}, {""source_table"": ""ASSOC_DATA"", ""c_source"": ""40303"", ""c_pages"": ""696"", ""c_sequence"": """", ""c_text_title"": ""[n/a]"", ""orig_personid"": ""32593"", ""orig_assoc_id"": ""32198"", ""cbdb_assoc_code"": ""438""}]",1
32198,92452,SOCIAL,SO_GIFT_POETRY,贈詩、文,directed,,,0.5,primary,唐五代人交往詩索引,437,A,2,"[{""source_table"": ""ASSOC_DATA"", ""c_source"": ""40303"", ""c_pages"": ""694"", ""c_sequence"": """", ""c_text_title"": ""[n/a]"", ""orig_personid"": ""32198"", ""orig_assoc_id"": ""92452"", ""cbdb_assoc_code"": ""437""}, {""source_table"": ""ASSOC_DATA"", ""c_source"": ""40303"", ""c_pages"": ""694"", ""c_sequence"": """", ""c_text_title"": ""[n/a]"", ""orig_personid"": ""92452"", ""orig_assoc_id"": ""32198"", ""cbdb_assoc_code"": ""438""}]",1
32198,447292,SOCIAL,SO_GIFT_POETRY,贈詩、文,directed,,,0.5,primary,唐五代人交往詩索引,437,A,2,"[{""source_table"": ""ASSOC_DATA"", ""c_source"": ""40303"", ""c_pages"": ""694"", ""c_sequence"": """", ""c_text_title"": ""[n/a]"", ""orig_personid"": ""32198"", ""orig_assoc_id"": ""447292"", ""cbdb_assoc_code"": ""437""}, {""source_table"": ""ASSOC_DATA"", ""c_source"": ""40303"", ""c_pages"": ""694"", ""c_sequence"": """", ""c_text_title"": ""[n/a]"", ""orig_personid"": ""447292"", ""orig_assoc_id"": ""32198"", ""cbdb_assoc_code"": ""438""}]",1
32227,3915,SOCIAL,SO_GIFT_POETRY,收到Y的贈詩、文,directed,,,0.5,primary,唐五代人交往詩索引,438,P,2,"[{""source_table"": ""ASSOC_DATA"", ""c_source"": ""40303"", ""c_pages"": ""551"", ""c_sequence"": """", ""c_text_title"": ""[n/a]"", ""orig_personid"": ""3915"", ""orig_assoc_id"": ""32227"", ""cbdb_assoc_code"": ""438""}, {""source_table"": ""ASSOC_DATA"", ""c_source"": ""40303"", ""c_pages"": ""551"", ""c_sequence"": """", ""c_text_title"": ""[n/a]"", ""orig_personid"": ""32227"", ""orig_assoc_id"": ""3915"", ""cbdb_assoc_code"": ""437""}]",1
32227,13575,SOCIAL,SO_GIFT_POETRY,收到Y的贈詩、文,directed,,,0.5,primary,唐五代人交往詩索引,438,P,2,"[{""source_table"": ""ASSOC_DATA"", ""c_source"": ""40303"", ""c_pages"": ""527"", ""c_sequence"": """", ""c_text_title"": ""[n/a]"", ""orig_personid"": ""13575"", ""orig_assoc_id"": ""32227"", ""cbdb_assoc_code"": ""438""}, {""source_table"": ""ASSOC_DATA"", ""c_source"": ""40303"", ""c_pages"": ""527"", ""c_sequence"": """", ""c_text_title"": ""[n/a]"", ""orig_personid"": ""32227"", ""orig_assoc_id"": ""13575"", ""cbdb_assoc_code"": ""437""}]",0
32227,15161,SOCIAL,SO_GIFT_POETRY,收到Y的贈詩、文,directed,,,0.5,primary,唐五代人交往詩索引,438,P,2,"[{""source_table"": ""ASSOC_DATA"", ""c_source"": ""40303"", ""c_pages"": ""543"", ""c_sequence"": """", ""c_text_title"": ""[n/a]"", ""orig_personid"": ""15161"", ""orig_assoc_id"": ""32227"", ""cbdb_assoc_code"": ""438""}, {""source_table"": ""ASSOC_DATA"", ""c_source"": ""40303"", ""c_pages"": ""543"", ""c_sequence"": """", ""c_text_title"": ""[n/a]"", ""orig_personid"": ""32227"", ""orig_assoc_id"": ""15161"", ""cbdb_assoc_code"": ""437""}]",1
32227,24654,SOCIAL,SO_GIFT_POETRY,收到Y的贈詩、文,directed,,,0.5,primary,唐五代人交往詩索引,438,P,2,"[{""source_table"": ""ASSOC_DATA"", ""c_source"": ""40303"", ""c_pages"": ""530"", ""c_sequence"": """", ""c_text_title"": ""[n/a]"", ""orig_personid"": ""24654"", ""orig_assoc_id"": ""32227"", ""cbdb_assoc_code"": ""438""}, {""source_table"": ""ASSOC_DATA"", ""c_source"": ""40303"", ""c_pages"": ""530"", ""c_sequence"": """", ""c_text_title"": ""[n/a]"", ""orig_personid"": ""32227"", ""orig_assoc_id"": ""24654"", ""cbdb_assoc_code"": ""437""}]",1
32227,32054,SOCIAL,SO_GIFT_POETRY,收到Y的贈詩、文,directed,,,0.5,primary,唐五代人交往詩索引,438,P,2,"[{""source_table"": ""ASSOC_DATA"", ""c_source"": ""40303"", ""c_pages"": ""535"", ""c_sequence"": """", ""c_text_title"": ""[n/a]"", ""orig_personid"": ""32054"", ""orig_assoc_id"": ""32227"", ""cbdb_assoc_code"": ""438""}, {""source_table"": ""ASSOC_DATA"", ""c_source"": ""40303"", ""c_pages"": ""535"", ""c_sequence"": """", ""c_text_title"": ""[n/a]"", ""orig_personid"": ""32227"", ""orig_assoc_id"": ""32054"", ""cbdb_assoc_code"": ""437""}]",0
32227,32248,SOCIAL,SO_FRIEND,友,undirected,,,0.6,unsourced,,9,M,2,"[{""source_table"": ""ASSOC_DATA"", ""c_source"": """", ""c_pages"": """", ""c_sequence"": """", ""c_text_title"": ""[n/a]"", ""orig_personid"": ""32227"", ""orig_assoc_id"": ""32248"", ""cbdb_assoc_code"": ""9""}, {""source_table"": ""ASSOC_DATA"", ""c_source"": """", ""c_pages"": """", ""c_sequence"": """", ""c_text_title"": ""[n/a]"", ""orig_personid"": ""32248"", ""orig_assoc_id"": ""32227"", ""cbdb_assoc_code"": ""9""}]",0
32227,32248,COLLEAGUE,CL_TONGNIAN,同年友,undirected,,,0.7,primary,舊唐書,10,M,2,"[{""source_table"": ""ASSOC_DATA"", ""c_source"": ""4801"", ""c_pages"": """", ""c_sequence"": """", ""c_text_title"": ""[n/a]"", ""orig_personid"": ""32227"", ""orig_assoc_id"": ""32248"", ""cbdb_assoc_code"": ""10""}, {""source_table"": ""ASSOC_DATA"", ""c_source"": ""4801"", ""c_pages"": """", ""c_sequence"": """", ""c_text_title"": ""[n/a]"", ""orig_personid"": ""32248"", ""orig_assoc_id"": ""32227"", ""cbdb_assoc_code"": ""10""}]",1
32227,32248,LITERARY,LI_EPITAPH,為Y作墓誌銘,directed,831,,0.4,unsourced,,44,A,2,"[{""source_table"": ""ASSOC_DATA"", ""c_source"": """", ""c_pages"": """", ""c_sequence"": ""0"", ""c_text_title"": ""[n/a]"", ""orig_personid"": ""32227"", ""orig_assoc_id"": ""32248"", ""cbdb_assoc_code"": ""44""}, {""source_table"": ""ASSOC_DATA"", ""c_source"": """", ""c_pages"": """", ""c_sequence"": ""0"", ""c_text_title"": ""[n/a]"", ""orig_personid"": ""32248"", ""orig_assoc_id"": ""32227"", ""cbdb_assoc_code"": ""43""}]",0
32227,32248,LITERARY,LI_EULOGY,為Y作祭文,directed,,,0.4,unsourced,,145,A,2,"[{""source_table"": ""ASSOC_DATA"", ""c_source"": """", ""c_pages"": """", ""c_sequence"": """", ""c_text_title"": ""[n/a]"", ""orig_personid"": ""32227"", ""orig_assoc_id"": ""32248"", ""cbdb_assoc_code"": ""145""}, {""source_table"": ""ASSOC_DATA"", ""c_source"": """", ""c_pages"": """", ""c_sequence"": """", ""c_text_title"": ""[n/a]"", ""orig_personid"": ""32248"", ""orig_assoc_id"": ""32227"", ""cbdb_assoc_code"": ""146""}]",0
32227,32248,LITERARY,LI_LETTER,致書Y,directed,,,0.4,unsourced,,429,A,2,"[{""source_table"": ""ASSOC_DATA"", ""c_source"": """", ""c_pages"": """", ""c_sequence"": """", ""c_text_title"": ""[n/a]"", ""orig_personid"": ""32227"", ""orig_assoc_id"": ""32248"", ""cbdb_assoc_code"": ""429""}, {""source_table"": ""ASSOC_DATA"", ""c_source"": """", ""c_pages"": """", ""c_sequence"": """", ""c_text_title"": ""[n/a]"", ""orig_personid"": ""32248"", ""orig_assoc_id"": ""32227"", ""cbdb_assoc_code"": ""430""}]",0
32227,32248,SOCIAL,SO_GIFT_POETRY,贈詩、文,directed,,,0.5,primary,唐五代人交往詩索引,437,A,2,"[{""source_table"": ""ASSOC_DATA"", ""c_source"": ""40303"", ""c_pages"": ""519"", ""c_sequence"": """", ""c_text_title"": ""[n/a]"", ""orig_personid"": ""32227"", ""orig_assoc_id"": ""32248"", ""cbdb_assoc_code"": ""437""}, {""source_table"": ""ASSOC_DATA"", ""c_source"": ""40303"", ""c_pages"": ""519"", ""c_sequence"": """", ""c_text_title"": ""[n/a]"", ""orig_personid"": ""32248"", ""orig_assoc_id"": ""32227"", ""cbdb_assoc_code"": ""438""}]",0
32227,32540,SOCIAL,SO_GIFT_POETRY,贈詩、文,directed,,,0.5,primary,唐五代人交往詩索引,437,A,2,"[{""source_table"": ""ASSOC_DATA"", ""c_source"": ""40303"", ""c_pages"": ""544"", ""c_sequence"": """", ""c_text_title"": ""[n/a]"", ""orig_personid"": ""32227"", ""orig_assoc_id"": ""32540"", ""cbdb_assoc_code"": ""437""}, {""source_table"": ""ASSOC_DATA"", ""c_source"": ""40303"", ""c_pages"": ""544"", ""c_sequence"": """", ""c_text_title"": ""[n/a]"", ""orig_personid"": ""32540"", ""orig_assoc_id"": ""32227"", ""cbdb_assoc_code"": ""438""}]",1
32227,32822,SOCIAL,SO_GIFT_POETRY,贈詩、文,directed,,,0.5,primary,唐五代人交往詩索引,437,A,2,"[{""source_table"": ""ASSOC_DATA"", ""c_source"": ""40303"", ""c_pages"": ""547"", ""c_sequence"": """", ""c_text_title"": ""[n/a]"", ""orig_personid"": ""32227"", ""orig_assoc_id"": ""32822"", ""cbdb_assoc_code"": ""437""}, {""source_table"": ""ASSOC_DATA"", ""c_source"": ""40303"", ""c_pages"": ""547"", ""c_sequence"": """", ""c_text_title"": ""[n/a]"", ""orig_personid"": ""32822"", ""orig_assoc_id"": ""32227"", ""cbdb_assoc_code"": ""438""}]",1
32227,32980,SOCIAL,SO_GIFT_POETRY,贈詩、文,directed,,,0.5,primary,唐五代人交往詩索引,437,A,2,"[{""source_table"": ""ASSOC_DATA"", ""c_source"": ""40303"", ""c_pages"": ""564"", ""c_sequence"": """", ""c_text_title"": ""[n/a]"", ""orig_personid"": ""32227"", ""orig_assoc_id"": ""32980"", ""cbdb_assoc_code"": ""437""}, {""source_table"": ""ASSOC_DATA"", ""c_source"": ""40303"", ""c_pages"": ""564"", ""c_sequence"": """", ""c_text_title"": ""[n/a]"", ""orig_personid"": ""32980"", ""orig_assoc_id"": ""32227"", ""cbdb_assoc_code"": ""438""}]",1
32227,33589,SOCIAL,SO_GIFT_POETRY,贈詩、文,directed,,,0.5,primary,唐五代人交往詩索引,437,A,2,"[{""source_table"": ""ASSOC_DATA"", ""c_source"": ""40303"", ""c_pages"": ""555"", ""c_sequence"": """", ""c_text_title"": ""[n/a]"", ""orig_personid"": ""32227"", ""orig_assoc_id"": ""33589"", ""cbdb_assoc_code"": ""437""}, {""source_table"": ""ASSOC_DATA"", ""c_source"": ""40303"", ""c_pages"": ""555"", ""c_sequence"": """", ""c_text_title"": ""[n/a]"", ""orig_personid"": ""33589"", ""orig_assoc_id"": ""32227"", ""cbdb_assoc_code"": ""438""}]",1
32227,33606,SOCIAL,SO_FRIEND,友,undirected,,,0.6,unsourced,,9,M,2,"[{""source_table"": ""ASSOC_DATA"", ""c_source"": """", ""c_pages"": """", ""c_sequence"": """", ""c_text_title"": ""[n/a]"", ""orig_personid"": ""32227"", ""orig_assoc_id"": ""33606"", ""cbdb_assoc_code"": ""9""}, {""source_table"": ""ASSOC_DATA"", ""c_source"": """", ""c_pages"": """", ""c_sequence"": """", ""c_text_title"": ""[n/a]"", ""orig_personid"": ""33606"", ""orig_assoc_id"": ""32227"", ""cbdb_assoc_code"": ""9""}]",0
32227,33606,LITERARY,LI_LETTER,致書Y,directed,,,0.4,unsourced,,429,A,2,"[{""source_table"": ""ASSOC_DATA"", ""c_source"": """", ""c_pages"": """", ""c_sequence"": """", ""c_text_title"": ""[n/a]"", ""orig_personid"": ""32227"", ""orig_assoc_id"": ""33606"", ""cbdb_assoc_code"": ""429""}, {""source_table"": ""ASSOC_DATA"", ""c_source"": """", ""c_pages"": """", ""c_sequence"": """", ""c_text_title"": ""[n/a]"", ""orig_personid"": ""33606"", ""orig_assoc_id"": ""32227"", ""cbdb_assoc_code"": ""430""}]",1
32227,33606,SOCIAL,SO_GIFT_POETRY,贈詩、文,directed,,,0.5,primary,唐五代人交往詩索引,437,A,2,"[{""source_table"": ""ASSOC_DATA"", ""c_source"": ""40303"", ""c_pages"": ""557"", ""c_sequence"": """", ""c_text_title"": ""[n/a]"", ""orig_personid"": ""32227"", ""orig_assoc_id"": ""33606"", ""cbdb_assoc_code"": ""437""}, {""source_table"": ""ASSOC_DATA"", ""c_source"": ""40303"", ""c_pages"": ""557"", ""c_sequence"": """", ""c_text_title"": ""[n/a]"", ""orig_personid"": ""33606"", ""orig_assoc_id"": ""32227"", ""cbdb_assoc_code"": ""438""}]",0
32227,92047,SOCIAL,SO_GIFT_POETRY,贈詩、文,directed,,,0.5,primary,唐五代人交往詩索引,437,A,2,"[{""source_table"": ""ASSOC_DATA"", ""c_source"": ""40303"", ""c_pages"": ""517"", ""c_sequence"": """", ""c_text_title"": ""[n/a]"", ""orig_personid"": ""32227"", ""orig_assoc_id"": ""92047"", ""cbdb_assoc_code"": ""437""}, {""source_table"": ""ASSOC_DATA"", ""c_source"": ""40303"", ""c_pages"": ""517"", ""c_sequence"": """", ""c_text_title"": ""[n/a]"", ""orig_personid"": ""92047"", ""orig_assoc_id"": ""32227"", ""cbdb_assoc_code"": ""438""}]",1
32227,92982,COLLEAGUE,CL_TONGLIAO,同僚,undirected,,,0.8,unsourced,,197,M,2,"[{""source_table"": ""ASSOC_DATA"", ""c_source"": """", ""c_pages"": """", ""c_sequence"": """", ""c_text_title"": ""[n/a]"", ""orig_personid"": ""32227"", ""orig_assoc_id"": ""92982"", ""cbdb_assoc_code"": ""197""}, {""source_table"": ""ASSOC_DATA"", ""c_source"": """", ""c_pages"": """", ""c_sequence"": """", ""c_text_title"": ""[n/a]"", ""orig_personid"": ""92982"", ""orig_assoc_id"": ""32227"", ""cbdb_assoc_code"": ""197""}]",1
32227,92982,SOCIAL,SO_GIFT_POETRY,贈詩、文,directed,,,0.5,primary,唐五代人交往詩索引,437,A,2,"[{""source_table"": ""ASSOC_DATA"", ""c_source"": ""40303"", ""c_pages"": ""543"", ""c_sequence"": """", ""c_text_title"": ""[n/a]"", ""orig_personid"": ""32227"", ""orig_assoc_id"": ""92982"", ""cbdb_assoc_code"": ""437""}, {""source_table"": ""ASSOC_DATA"", ""c_source"": ""40303"", ""c_pages"": ""543"", ""c_sequence"": """", ""c_text_title"": ""[n/a]"", ""orig_personid"": ""92982"", ""orig_assoc_id"": ""32227"", ""cbdb_assoc_code"": ""438""}]",0
32227,93956,SOCIAL,SO_GIFT_POETRY,贈詩、文,directed,,,0.5,primary,唐五代人交往詩索引,437,A,2,"[{""source_table"": ""ASSOC_DATA"", ""c_source"": ""40303"", ""c_pages"": ""530"", ""c_sequence"": """", ""c_text_title"": ""[n/a]"", ""orig_personid"": ""32227"", ""orig_assoc_id"": ""93956"", ""cbdb_assoc_code"": ""437""}, {""source_table"": ""ASSOC_DATA"", ""c_source"": ""40303"", ""c_pages"": ""530"", ""c_sequence"": """", ""c_text_title"": ""[n/a]"", ""orig_personid"": ""93956"", ""orig_assoc_id"": ""32227"", ""cbdb_assoc_code"": ""438""}]",1
32227,94116,SOCIAL,SO_GIFT_POETRY,贈詩、文,directed,,,0.5,primary,唐五代人交往詩索引,437,A,2,"[{""source_table"": ""ASSOC_DATA"", ""c_source"": ""40303"", ""c_pages"": ""537"", ""c_sequence"": """", ""c_text_title"": ""[n/a]"", ""orig_personid"": ""32227"", ""orig_assoc_id"": ""94116"", ""cbdb_assoc_code"": ""437""}, {""source_table"": ""ASSOC_DATA"", ""c_source"": ""40303"", ""c_pages"": ""537"", ""c_sequence"": """", ""c_text_title"": ""[n/a]"", ""orig_personid"": ""94116"", ""orig_assoc_id"": ""32227"", ""cbdb_assoc_code"": ""438""}]",1
32227,95068,SOCIAL,SO_CHANGHE,相唱和,undirected,,,0.6,primary,明清婦女著作數據庫,114,M,2,"[{""source_table"": ""ASSOC_DATA"", ""c_source"": ""9601"", ""c_pages"": ""2094"", ""c_sequence"": ""0"", ""c_text_title"": ""[n/a]"", ""orig_personid"": ""32227"", ""orig_assoc_id"": ""95068"", ""cbdb_assoc_code"": ""114""}, {""source_table"": ""ASSOC_DATA"", ""c_source"": ""9601"", ""c_pages"": ""2094"", ""c_sequence"": ""0"", ""c_text_title"": ""[n/a]"", ""orig_personid"": ""95068"", ""orig_assoc_id"": ""32227"", ""cbdb_assoc_code"": ""114""}]",1
32227,95068,SOCIAL,SO_GIFT_POETRY,贈詩、文,directed,,,0.5,primary,唐五代人交往詩索引,437,A,2,"[{""source_table"": ""ASSOC_DATA"", ""c_source"": ""40303"", ""c_pages"": ""551"", ""c_sequence"": """", ""c_text_title"": ""[n/a]"", ""orig_personid"": ""32227"", ""orig_assoc_id"": ""95068"", ""cbdb_assoc_code"": ""437""}, {""source_table"": ""ASSOC_DATA"", ""c_source"": ""40303"", ""c_pages"": ""551"", ""c_sequence"": """", ""c_text_title"": ""[n/a]"", ""orig_personid"": ""95068"", ""orig_assoc_id"": ""32227"", ""cbdb_assoc_code"": ""438""}]",0
32227,445983,SOCIAL,SO_GIFT_POETRY,贈詩、文,directed,,,0.5,primary,白氏長慶集,437,A,2,"[{""source_table"": ""ASSOC_DATA"", ""c_source"": ""3673"", ""c_pages"": """", ""c_sequence"": """", ""c_text_title"": ""鄧魴、張徹落第"", ""orig_personid"": ""32227"", ""orig_assoc_id"": ""445983"", ""cbdb_assoc_code"": ""437""}, {""source_table"": ""ASSOC_DATA"", ""c_source"": ""3673"", ""c_pages"": """", ""c_sequence"": """", ""c_text_title"": ""鄧魴、張徹落第"", ""orig_personid"": ""445983"", ""orig_assoc_id"": ""32227"", ""cbdb_assoc_code"": ""438""}]",1
32248,3332,SOCIAL,SO_GIFT_POETRY,收到Y的贈詩、文,directed,,,0.5,primary,唐五代人交往詩索引,438,P,2,"[{""source_table"": ""ASSOC_DATA"", ""c_source"": ""40303"", ""c_pages"": ""171"", ""c_sequence"": """", ""c_text_title"": ""[n/a]"", ""orig_personid"": ""3332"", ""orig_assoc_id"": ""32248"", ""cbdb_assoc_code"": ""438""}, {""source_table"": ""ASSOC_DATA"", ""c_source"": ""40303"", ""c_pages"": ""171"", ""c_sequence"": """", ""c_text_title"": ""[n/a]"", ""orig_personid"": ""32248"", ""orig_assoc_id"": ""3332"", ""cbdb_assoc_code"": ""437""}]",0
32248,3915,LITERARY,LI_EPITAPH,墓誌銘由Y所作,directed,770,,0.4,unsourced,,43,P,2,"[{""source_table"": ""ASSOC_DATA"", ""c_source"": """", ""c_pages"": """", ""c_sequence"": ""0"", ""c_text_title"": ""[n/a]"", ""orig_personid"": ""3915"", ""orig_assoc_id"": ""32248"", ""cbdb_assoc_code"": ""43""}, {""source_table"": ""ASSOC_DATA"", ""c_source"": """", ""c_pages"": """", ""c_sequence"": ""0"", ""c_text_title"": ""[n/a]"", ""orig_personid"": ""32248"", ""orig_assoc_id"": ""3915"", ""cbdb_assoc_code"": ""44""}]",1
32248,3915,SOCIAL,SO_GIFT_POETRY,收到Y的贈詩、文,directed,,,0.5,primary,唐五代人交往詩索引,438,P,2,"[{""source_table"": ""ASSOC_DATA"", ""c_source"": ""40303"", ""c_pages"": ""172"", ""c_sequence"": """", ""c_text_title"": ""[n/a]"", ""orig_personid"": ""3915"", ""orig_assoc_id"": ""32248"", ""cbdb_assoc_code"": ""438""}, {""source_table"": ""ASSOC_DATA"", ""c_source"": ""40303"", ""c_pages"": ""172"", ""c_sequence"": """", ""c_text_title"": ""[n/a]"", ""orig_personid"": ""32248"", ""orig_assoc_id"": ""3915"", ""cbdb_assoc_code"": ""437""}]",0
32248,13624,SOCIAL,SO_GIFT_POETRY,收到Y的贈詩、文,directed,,,0.5,primary,唐五代人交往詩索引,438,P,2,"[{""source_table"": ""ASSOC_DATA"", ""c_source"": ""40303"", ""c_pages"": ""172"", ""c_sequence"": """", ""c_text_title"": ""[n/a]"", ""orig_personid"": ""13624"", ""orig_assoc_id"": ""32248"", ""cbdb_assoc_code"": ""438""}, {""source_table"": ""ASSOC_DATA"", ""c_source"": ""40303"", ""c_pages"": ""172"", ""c_sequence"": """", ""c_text_title"": ""[n/a]"", ""orig_personid"": ""32248"", ""orig_assoc_id"": ""13624"", ""cbdb_assoc_code"": ""437""}]",1
32248,32227,LITERARY,LI_PREAMBLE,書序由Y所作,directed,,,0.4,primary,元氏長慶集,33,P,2,"[{""source_table"": ""ASSOC_DATA"", ""c_source"": ""4337"", ""c_pages"": """", ""c_sequence"": """", ""c_text_title"": ""白氏長慶集序"", ""orig_personid"": ""32227"", ""orig_assoc_id"": ""32248"", ""cbdb_assoc_code"": ""33""}, {""source_table"": ""ASSOC_DATA"", ""c_source"": ""4337"", ""c_pages"": """", ""c_sequence"": """", ""c_text_title"": ""白氏長慶集序"", ""orig_personid"": ""32248"", ""orig_assoc_id"": ""32227"", ""cbdb_assoc_code"": ""32""}]",0
32248,32227,SOCIAL,SO_GIFT_POETRY,收到Y的贈詩、文,directed,,,0.5,primary,唐五代人交往詩索引,438,P,2,"[{""source_table"": ""ASSOC_DATA"", ""c_source"": ""40303"", ""c_pages"": ""163"", ""c_sequence"": """", ""c_text_title"": ""[n/a]"", ""orig_personid"": ""32227"", ""orig_assoc_id"": ""32248"", ""cbdb_assoc_code"": ""438""}, {""source_table"": ""ASSOC_DATA"", ""c_source"": ""40303"", ""c_pages"": ""163"", ""c_sequence"": """", ""c_text_title"": ""[n/a]"", ""orig_personid"": ""32248"", ""orig_assoc_id"": ""32227"", ""cbdb_assoc_code"": ""437""}]",0
32248,33606,SOCIAL,SO_FRIEND,友,undirected,,,0.6,primary,人名權威資料（中央研究院歷史語言研究所）,9,M,2,"[{""source_table"": ""ASSOC_DATA"", ""c_source"": ""9602"", ""c_pages"": ""18572"", ""c_sequence"": """", ""c_text_title"": ""[n/a]"", ""orig_personid"": ""32248"", ""orig_assoc_id"": ""33606"", ""cbdb_assoc_code"": ""9""}, {""source_table"": ""ASSOC_DATA"", ""c_source"": ""9602"", ""c_pages"": ""18572"", ""c_sequence"": """", ""c_text_title"": ""[n/a]"", ""orig_personid"": ""33606"", ""orig_assoc_id"": ""32248"", ""cbdb_assoc_code"": ""9""}]",1
32248,92452,SOCIAL,SO_GIFT_POETRY,贈詩、文,directed,,,0.5,primary,唐五代人交往詩索引,437,A,2,"[{""source_table"": ""ASSOC_DATA"", ""c_source"": ""40303"", ""c_pages"": ""161"", ""c_sequence"": """", ""c_text_title"": ""[n/a]"", ""orig_personid"": ""32248"", ""orig_assoc_id"": ""92452"", ""cbdb_assoc_code"": ""437""}, {""source_table"": ""ASSOC_DATA"", ""c_source"": ""40303"", ""c_pages"": ""161"", ""c_sequence"": """", ""c_text_title"": ""[n/a]"", ""orig_personid"": ""92452"", ""orig_assoc_id"": ""32248"", ""cbdb_assoc_code"": ""438""}]",1
32248,92516,SOCIAL,SO_GIFT_POETRY,贈詩、文,directed,,,0.5,primary,唐五代人交往詩索引,437,A,2,"[{""source_table"": ""ASSOC_DATA"", ""c_source"": ""40303"", ""c_pages"": ""173"", ""c_sequence"": """", ""c_text_title"": ""[n/a]"", ""orig_personid"": ""32248"", ""orig_assoc_id"": ""92516"", ""cbdb_assoc_code"": ""437""}, {""source_table"": ""ASSOC_DATA"", ""c_source"": ""40303"", ""c_pages"": ""173"", ""c_sequence"": """", ""c_text_title"": ""[n/a]"", ""orig_personid"": ""92516"", ""orig_assoc_id"": ""32248"", ""cbdb_assoc_code"": ""438""}]",1
32248,92982,SOCIAL,SO_FRIEND,友,undirected,,,0.6,primary,人名權威資料（中央研究院歷史語言研究所）,9,M,2,"[{""source_table"": ""ASSOC_DATA"", ""c_source"": ""9602"", ""c_pages"": ""18100"", ""c_sequence"": """", ""c_text_title"": ""[n/a]"", ""orig_personid"": ""32248"", ""orig_assoc_id"": ""92982"", ""cbdb_assoc_code"": ""9""}, {""source_table"": ""ASSOC_DATA"", ""c_source"": ""9602"", ""c_pages"": ""18100"", ""c_sequence"": """", ""c_text_title"": ""[n/a]"", ""orig_personid"": ""92982"", ""orig_assoc_id"": ""32248"", ""cbdb_assoc_code"": ""9""}]",1
32248,92982,SOCIAL,SO_GIFT_POETRY,贈詩、文,directed,,,0.5,primary,唐五代人交往詩索引,437,A,2,"[{""source_table"": ""ASSOC_DATA"", ""c_source"": ""40303"", ""c_pages"": ""168"", ""c_sequence"": """", ""c_text_title"": ""[n/a]"", ""orig_personid"": ""32248"", ""orig_assoc_id"": ""92982"", ""cbdb_assoc_code"": ""437""}, {""source_table"": ""ASSOC_DATA"", ""c_source"": ""40303"", ""c_pages"": ""168"", ""c_sequence"": """", ""c_text_title"": ""[n/a]"", ""orig_personid"": ""92982"", ""orig_assoc_id"": ""32248"", ""cbdb_assoc_code"": ""438""}]",0
32248,95068,SOCIAL,SO_FRIEND,友,undirected,,,0.6,primary,人名權威資料（中央研究院歷史語言研究所）,9,M,2,"[{""source_table"": ""ASSOC_DATA"", ""c_source"": ""9602"", ""c_pages"": ""18100"", ""c_sequence"": """", ""c_text_title"": ""[n/a]"", ""orig_personid"": ""32248"", ""orig_assoc_id"": ""95068"", ""cbdb_assoc_code"": ""9""}, {""source_table"": ""ASSOC_DATA"", ""c_source"": ""9602"", ""c_pages"": ""18100"", ""c_sequence"": """", ""c_text_title"": ""[n/a]"", ""orig_personid"": ""95068"", ""orig_assoc_id"": ""32248"", ""cbdb_assoc_code"": ""9""}]",1
32248,95068,SOCIAL,SO_CHANGHE,相唱和,undirected,,,0.6,primary,明清婦女著作數據庫,114,M,2,"[{""source_table"": ""ASSOC_DATA"", ""c_source"": ""9601"", ""c_pages"": ""2094"", ""c_sequence"": ""0"", ""c_text_title"": ""[n/a]"", ""orig_personid"": ""32248"", ""orig_assoc_id"": ""95068"", ""cbdb_assoc_code"": ""114""}, {""source_table"": ""ASSOC_DATA"", ""c_source"": ""9601"", ""c_pages"": ""2094"", ""c_sequence"": ""0"", ""c_text_title"": ""[n/a]"", ""orig_personid"": ""95068"", ""orig_assoc_id"": ""32248"", ""cbdb_assoc_code"": ""114""}]",0
32248,95210,KIN,K_OTHER,表姐妹,directed,,,0.7,primary,明清婦女著作數據庫,414,KIN,1,"[{""source_table"": ""KIN_DATA"", ""c_source"": ""9601"", ""c_pages"": ""MQWW PoetID #2104"", ""c_sequence"": """", ""c_text_title"": """", ""orig_personid"": ""32248"", ""orig_assoc_id"": ""95210"", ""cbdb_assoc_code"": ""414""}]",1
32534,19244,SOCIAL,SO_GIFT_POETRY,收到Y的贈詩、文,directed,,,0.5,primary,唐五代人交往詩索引,438,P,2,"[{""source_table"": ""ASSOC_DATA"", ""c_source"": ""40303"", ""c_pages"": ""872"", ""c_sequence"": """", ""c_text_title"": ""[n/a]"", ""orig_personid"": ""19244"", ""orig_assoc_id"": ""32534"", ""cbdb_assoc_code"": ""438""}, {""source_table"": ""ASSOC_DATA"", ""c_source"": ""40303"", ""c_pages"": ""872"", ""c_sequence"": """", ""c_text_title"": ""[n/a]"", ""orig_personid"": ""32534"", ""orig_assoc_id"": ""19244"", ""cbdb_assoc_code"": ""437""}]",1
32540,3915,SOCIAL,SO_GIFT_POETRY,收到Y的贈詩、文,directed,,,0.5,primary,李太白全集,438,P,2,"[{""source_table"": ""ASSOC_DATA"", ""c_source"": ""25640"", ""c_pages"": """", ""c_sequence"": """", ""c_text_title"": ""[n/a]"", ""orig_personid"": ""3915"", ""orig_assoc_id"": ""32540"", ""cbdb_assoc_code"": ""438""}, {""source_table"": ""ASSOC_DATA"", ""c_source"": ""25640"", ""c_pages"": """", ""c_sequence"": """", ""c_text_title"": ""[n/a]"", ""orig_personid"": ""32540"", ""orig_assoc_id"": ""3915"", ""cbdb_assoc_code"": ""437""}]",0
32540,11605,SOCIAL,SO_GIFT_POETRY,收到Y的贈詩、文,directed,,,0.5,primary,唐五代人交往詩索引,438,P,2,"[{""source_table"": ""ASSOC_DATA"", ""c_source"": ""40303"", ""c_pages"": ""817"", ""c_sequence"": """", ""c_text_title"": ""[n/a]"", ""orig_personid"": ""11605"", ""orig_assoc_id"": ""32540"", ""cbdb_assoc_code"": ""438""}, {""source_table"": ""ASSOC_DATA"", ""c_source"": ""40303"", ""c_pages"": ""817"", ""c_sequence"": """", ""c_text_title"": ""[n/a]"", ""orig_personid"": ""32540"", ""orig_assoc_id"": ""11605"", ""cbdb_assoc_code"": ""437""}]",0
32540,19244,SOCIAL,SO_GIFT_POETRY,收到Y的贈詩、文,directed,,,0.5,primary,唐五代人交往詩索引,438,P,2,"[{""source_table"": ""ASSOC_DATA"", ""c_source"": ""40303"", ""c_pages"": ""815"", ""c_sequence"": """", ""c_text_title"": ""[n/a]"", ""orig_personid"": ""19244"", ""orig_assoc_id"": ""32540"", ""cbdb_assoc_code"": ""438""}, {""source_table"": ""ASSOC_DATA"", ""c_source"": ""40303"", ""c_pages"": ""815"", ""c_sequence"": """", ""c_text_title"": ""[n/a]"", ""orig_personid"": ""32540"", ""orig_assoc_id"": ""19244"", ""cbdb_assoc_code"": ""437""}]",0
32540,30851,SOCIAL,SO_GIFT_POETRY,收到Y的贈詩、文,directed,,,0.5,primary,唐五代人交往詩索引,438,P,2,"[{""source_table"": ""ASSOC_DATA"", ""c_source"": ""40303"", ""c_pages"": ""805"", ""c_sequence"": """", ""c_text_title"": ""[n/a]"", ""orig_personid"": ""30851"", ""orig_assoc_id"": ""32540"", ""cbdb_assoc_code"": ""438""}, {""source_table"": ""ASSOC_DATA"", ""c_source"": ""40303"", ""c_pages"": ""805"", ""c_sequence"": """", ""c_text_title"": ""[n/a]"", ""orig_personid"": ""32540"", ""orig_assoc_id"": ""30851"", ""cbdb_assoc_code"": ""437""}]",0
32540,31222,SOCIAL,SO_GIFT_POETRY,收到Y的贈詩、文,directed,,,0.5,primary,唐五代人交往詩索引,438,P,2,"[{""source_table"": ""ASSOC_DATA"", ""c_source"": ""40303"", ""c_pages"": ""818"", ""c_sequence"": """", ""c_text_title"": ""[n/a]"", ""orig_personid"": ""31222"", ""orig_assoc_id"": ""32540"", ""cbdb_assoc_code"": ""438""}, {""source_table"": ""ASSOC_DATA"", ""c_source"": ""40303"", ""c_pages"": ""818"", ""c_sequence"": """", ""c_text_title"": ""[n/a]"", ""orig_personid"": ""32540"", ""orig_assoc_id"": ""31222"", ""cbdb_assoc_code"": ""437""}]",1
32540,31407,SOCIAL,SO_GIFT_POETRY,收到Y的贈詩、文,directed,,,0.5,primary,唐五代人交往詩索引,438,P,2,"[{""source_table"": ""ASSOC_DATA"", ""c_source"": ""40303"", ""c_pages"": ""807"", ""c_sequence"": """", ""c_text_title"": ""[n/a]"", ""orig_personid"": ""31407"", ""orig_assoc_id"": ""32540"", ""cbdb_assoc_code"": ""438""}, {""source_table"": ""ASSOC_DATA"", ""c_source"": ""40303"", ""c_pages"": ""807"", ""c_sequence"": """", ""c_text_title"": ""[n/a]"", ""orig_personid"": ""32540"", ""orig_assoc_id"": ""31407"", ""cbdb_assoc_code"": ""437""}]",1
32540,33062,SOCIAL,SO_GIFT_POETRY,贈詩、文,directed,,,0.5,primary,唐五代人交往詩索引,437,A,2,"[{""source_table"": ""ASSOC_DATA"", ""c_source"": ""40303"", ""c_pages"": ""807"", ""c_sequence"": """", ""c_text_title"": ""述德兼陳情上哥舒大夫"", ""orig_personid"": ""32540"", ""orig_assoc_id"": ""33062"", ""cbdb_assoc_code"": ""437""}, {""source_table"": ""ASSOC_DATA"", ""c_source"": ""40303"", ""c_pages"": ""807"", ""c_sequence"": """", ""c_text_title"": ""述德兼陳情上哥舒大夫"", ""orig_personid"": ""33062"", ""orig_assoc_id"": ""32540"", ""cbdb_assoc_code"": ""438""}]",1
32540,92035,SOCIAL,SO_GIFT_POETRY,贈詩、文,directed,,,0.5,primary,唐五代人交往詩索引,437,A,2,"[{""source_table"": ""ASSOC_DATA"", ""c_source"": ""40303"", ""c_pages"": ""806"", ""c_sequence"": """", ""c_text_title"": ""聞王昌齡左遷龍標，遥有此寄"", ""orig_personid"": ""32540"", ""orig_assoc_id"": ""92035"", ""cbdb_assoc_code"": ""437""}, {""source_table"": ""ASSOC_DATA"", ""c_source"": ""40303"", ""c_pages"": ""806"", ""c_sequence"": """", ""c_text_title"": ""聞王昌齡左遷龍標，遥有此寄"", ""orig_personid"": ""92035"", ""orig_assoc_id"": ""32540"", ""cbdb_assoc_code"": ""438""}]",1
32540,93956,SOCIAL,SO_GIFT_POETRY,贈詩、文,directed,,,0.5,primary,唐五代人交往詩索引,437,A,2,"[{""source_table"": ""ASSOC_DATA"", ""c_source"": ""40303"", ""c_pages"": ""809"", ""c_sequence"": """", ""c_text_title"": ""[n/a]"", ""orig_personid"": ""32540"", ""orig_assoc_id"": ""93956"", ""cbdb_assoc_code"": ""437""}, {""source_table"": ""ASSOC_DATA"", ""c_source"": ""40303"", ""c_pages"": ""809"", ""c_sequence"": """", ""c_text_title"": ""[n/a]"", ""orig_personid"": ""93956"", ""orig_assoc_id"": ""32540"", ""cbdb_assoc_code"": ""438""}]",1
32540,95025,SOCIAL,SO_GIFT_POETRY,贈詩、文,directed,,,0.5,primary,唐五代人交往詩索引,437,A,2,"[{""source_table"": ""ASSOC_DATA"", ""c_source"": ""40303"", ""c_pages"": ""805"", ""c_sequence"": """", ""c_text_title"": ""[n/a]"", ""orig_personid"": ""32540"", ""orig_assoc_id"": ""95025"", ""cbdb_assoc_code"": ""437""}, {""source_table"": ""ASSOC_DATA"", ""c_source"": ""40303"", ""c_pages"": ""805"", ""c_sequence"": """", ""c_text_title"": ""[n/a]"", ""orig_personid"": ""95025"", ""orig_assoc_id"": ""32540"", ""cbdb_assoc_code"": ""438""}]",1
32540,146097,SOCIAL,SO_GIFT_POETRY,贈詩、文,directed,,,0.5,primary,唐五代人交往詩索引,437,A,2,"[{""source_table"": ""ASSOC_DATA"", ""c_source"": ""40303"", ""c_pages"": ""816"", ""c_sequence"": """", ""c_text_title"": ""[n/a]"", ""orig_personid"": ""32540"", ""orig_assoc_id"": ""146097"", ""cbdb_assoc_code"": ""437""}, {""source_table"": ""ASSOC_DATA"", ""c_source"": ""40303"", ""c_pages"": ""816"", ""c_sequence"": """", ""c_text_title"": ""[n/a]"", ""orig_personid"": ""146097"", ""orig_assoc_id"": ""32540"", ""cbdb_assoc_code"": ""438""}]",1
32583,11524,SOCIAL,SO_GIFT_POETRY,收到Y的贈詩、文,directed,,,0.5,primary,唐五代人交往詩索引,438,P,2,"[{""source_table"": ""ASSOC_DATA"", ""c_source"": ""40303"", ""c_pages"": ""454"", ""c_sequence"": """", ""c_text_title"": ""[n/a]"", ""orig_personid"": ""11524"", ""orig_assoc_id"": ""32583"", ""cbdb_assoc_code"": ""438""}, {""source_table"": ""ASSOC_DATA"", ""c_source"": ""40303"", ""c_pages"": ""454"", ""c_sequence"": """", ""c_text_title"": ""[n/a]"", ""orig_personid"": ""32583"", ""orig_assoc_id"": ""11524"", ""cbdb_assoc_code"": ""437""}]",1
32583,20876,SOCIAL,SO_GIFT_POETRY,收到Y的贈詩、文,directed,,,0.5,primary,唐五代人交往詩索引,438,P,2,"[{""source_table"": ""ASSOC_DATA"", ""c_source"": ""40303"", ""c_pages"": ""452"", ""c_sequence"": """", ""c_text_title"": ""[n/a]"", ""orig_personid"": ""20876"", ""orig_assoc_id"": ""32583"", ""cbdb_assoc_code"": ""438""}, {""source_table"": ""ASSOC_DATA"", ""c_source"": ""40303"", ""c_pages"": ""452"", ""c_sequence"": """", ""c_text_title"": ""[n/a]"", ""orig_personid"": ""32583"", ""orig_assoc_id"": ""20876"", ""cbdb_assoc_code"": ""437""}]",1
32583,30851,SOCIAL,SO_GIFT_POETRY,收到Y的贈詩、文,directed,,,0.5,primary,唐五代人交往詩索引,438,P,2,"[{""source_table"": ""ASSOC_DATA"", ""c_source"": ""40303"", ""c_pages"": ""442"", ""c_sequence"": """", ""c_text_title"": ""[n/a]"", ""orig_personid"": ""30851"", ""orig_assoc_id"": ""32583"", ""cbdb_assoc_code"": ""438""}, {""source_table"": ""ASSOC_DATA"", ""c_source"": ""40303"", ""c_pages"": ""442"", ""c_sequence"": """", ""c_text_title"": ""[n/a]"", ""orig_personid"": ""32583"", ""orig_assoc_id"": ""30851"", ""cbdb_assoc_code"": ""437""}]",1
32583,92035,SOCIAL,SO_GIFT_POETRY,贈詩、文,directed,,,0.5,primary,唐五代人交往詩索引,437,A,2,"[{""source_table"": ""ASSOC_DATA"", ""c_source"": ""40303"", ""c_pages"": ""444"", ""c_sequence"": """", ""c_text_title"": ""[n/a]"", ""orig_personid"": ""32583"", ""orig_assoc_id"": ""92035"", ""cbdb_assoc_code"": ""437""}, {""source_table"": ""ASSOC_DATA"", ""c_source"": ""40303"", ""c_pages"": ""444"", ""c_sequence"": """", ""c_text_title"": ""[n/a]"", ""orig_personid"": ""92035"", ""orig_assoc_id"": ""32583"", ""cbdb_assoc_code"": ""438""}]",1
32583,95025,SOCIAL,SO_GIFT_POETRY,贈詩、文,directed,,,0.5,primary,唐五代人交往詩索引,437,A,2,"[{""source_table"": ""ASSOC_DATA"", ""c_source"": ""40303"", ""c_pages"": ""443"", ""c_sequence"": """", ""c_text_title"": ""[n/a]"", ""orig_personid"": ""32583"", ""orig_assoc_id"": ""95025"", ""cbdb_assoc_code"": ""437""}, {""source_table"": ""ASSOC_DATA"", ""c_source"": ""40303"", ""c_pages"": ""443"", ""c_sequence"": """", ""c_text_title"": ""[n/a]"", ""orig_personid"": ""95025"", ""orig_assoc_id"": ""32583"", ""cbdb_assoc_code"": ""438""}]",1
32593,3915,KIN,K_OTHER,孫,directed,,,0.7,primary,Pers DB / 唐代人物知識ベース,243,KIN,1,"[{""source_table"": ""KIN_DATA"", ""c_source"": ""24309"", ""c_pages"": ""pers01107"", ""c_sequence"": """", ""c_text_title"": """", ""orig_personid"": ""32593"", ""orig_assoc_id"": ""3915"", ""cbdb_assoc_code"": ""243""}]",0
32593,19214,SOCIAL,SO_GIFT_POETRY,收到Y的贈詩、文,directed,,,0.5,primary,唐五代人交往詩索引,438,P,2,"[{""source_table"": ""ASSOC_DATA"", ""c_source"": ""40303"", ""c_pages"": ""1092"", ""c_sequence"": """", ""c_text_title"": ""[n/a]"", ""orig_personid"": ""19214"", ""orig_assoc_id"": ""32593"", ""cbdb_assoc_code"": ""438""}, {""source_table"": ""ASSOC_DATA"", ""c_source"": ""40303"", ""c_pages"": ""1092"", ""c_sequence"": """", ""c_text_title"": ""[n/a]"", ""orig_personid"": ""32593"", ""orig_assoc_id"": ""19214"", ""cbdb_assoc_code"": ""437""}]",1
32593,19241,SOCIAL,SO_GIFT_POETRY,收到Y的贈詩、文,directed,,,0.5,primary,唐五代人交往詩索引,438,P,2,"[{""source_table"": ""ASSOC_DATA"", ""c_source"": ""40303"", ""c_pages"": ""1092"", ""c_sequence"": """", ""c_text_title"": ""[n/a]"", ""orig_personid"": ""19241"", ""orig_assoc_id"": ""32593"", ""cbdb_assoc_code"": ""438""}, {""source_table"": ""ASSOC_DATA"", ""c_source"": ""40303"", ""c_pages"": ""1092"", ""c_sequence"": """", ""c_text_title"": ""[n/a]"", ""orig_personid"": ""32593"", ""orig_assoc_id"": ""19241"", ""cbdb_assoc_code"": ""437""}]",1
32593,31367,SOCIAL,SO_GIFT_POETRY,收到Y的贈詩、文,directed,,,0.5,primary,唐五代人交往詩索引,438,P,2,"[{""source_table"": ""ASSOC_DATA"", ""c_source"": ""40303"", ""c_pages"": ""1092"", ""c_sequence"": """", ""c_text_title"": ""[n/a]"", ""orig_personid"": ""31367"", ""orig_assoc_id"": ""32593"", ""cbdb_assoc_code"": ""438""}, {""source_table"": ""ASSOC_DATA"", ""c_source"": ""40303"", ""c_pages"": ""1092"", ""c_sequence"": """", ""c_text_title"": ""[n/a]"", ""orig_personid"": ""32593"", ""orig_assoc_id"": ""31367"", ""cbdb_assoc_code"": ""437""}]",1
32593,447292,SOCIAL,SO_GIFT_POETRY,贈詩、文,directed,,,0.5,primary,唐五代人交往詩索引,437,A,2,"[{""source_table"": ""ASSOC_DATA"", ""c_source"": ""40303"", ""c_pages"": ""1092"", ""c_sequence"": """", ""c_text_title"": ""[n/a]"", ""orig_personid"": ""32593"", ""orig_assoc_id"": ""447292"", ""cbdb_assoc_code"": ""437""}, {""source_table"": ""ASSOC_DATA"", ""c_source"": ""40303"", ""c_pages"": ""1092"", ""c_sequence"": """", ""c_text_title"": ""[n/a]"", ""orig_personid"": ""447292"", ""orig_assoc_id"": ""32593"", ""cbdb_assoc_code"": ""438""}]",1
32822,92161,KIN,K_OTHER,孫,directed,,,0.7,primary,Pers DB / 唐代人物知識ベース,243,KIN,1,"[{""source_table"": ""KIN_DATA"", ""c_source"": ""24309"", ""c_pages"": ""pers00313"", ""c_sequence"": """", ""c_text_title"": """", ""orig_personid"": ""32822"", ""orig_assoc_id"": ""92161"", ""cbdb_assoc_code"": ""243""}]",1
32822,94595,SOCIAL,SO_GIFT_POETRY,贈詩、文,directed,,,0.5,primary,唐五代人交往詩索引,437,A,2,"[{""source_table"": ""ASSOC_DATA"", ""c_source"": ""40303"", ""c_pages"": ""936"", ""c_sequence"": """", ""c_text_title"": ""[n/a]"", ""orig_personid"": ""32822"", ""orig_assoc_id"": ""94595"", ""cbdb_assoc_code"": ""437""}, {""source_table"": ""ASSOC_DATA"", ""c_source"": ""40303"", ""c_pages"": ""936"", ""c_sequence"": """", ""c_text_title"": ""[n/a]"", ""orig_personid"": ""94595"", ""orig_assoc_id"": ""32822"", ""cbdb_assoc_code"": ""438""}]",1
32847,19244,SOCIAL,SO_GIFT_POETRY,收到Y的贈詩、文,directed,,,0.5,primary,唐五代人交往詩索引,438,P,2,"[{""source_table"": ""ASSOC_DATA"", ""c_source"": ""40303"", ""c_pages"": ""841"", ""c_sequence"": """", ""c_text_title"": ""[n/a]"", ""orig_personid"": ""19244"", ""orig_assoc_id"": ""32847"", ""cbdb_assoc_code"": ""438""}, {""source_table"": ""ASSOC_DATA"", ""c_source"": ""40303"", ""c_pages"": ""841"", ""c_sequence"": """", ""c_text_title"": ""[n/a]"", ""orig_personid"": ""32847"", ""orig_assoc_id"": ""19244"", ""cbdb_assoc_code"": ""437""}]",1
32847,31221,SOCIAL,SO_GIFT_POETRY,收到Y的贈詩、文,directed,,,0.5,primary,唐五代人交往詩索引,438,P,2,"[{""source_table"": ""ASSOC_DATA"", ""c_source"": ""40303"", ""c_pages"": ""841"", ""c_sequence"": """", ""c_text_title"": ""[n/a]"", ""orig_personid"": ""31221"", ""orig_assoc_id"": ""32847"", ""cbdb_assoc_code"": ""438""}, {""source_table"": ""ASSOC_DATA"", ""c_source"": ""40303"", ""c_pages"": ""841"", ""c_sequence"": """", ""c_text_title"": ""[n/a]"", ""orig_personid"": ""32847"", ""orig_assoc_id"": ""31221"", ""cbdb_assoc_code"": ""437""}]",0
32847,31407,SOCIAL,SO_GIFT_POETRY,收到Y的贈詩、文,directed,,,0.5,primary,唐五代人交往詩索引,438,P,2,"[{""source_table"": ""ASSOC_DATA"", ""c_source"": ""40303"", ""c_pages"": ""841"", ""c_sequence"": """", ""c_text_title"": ""[n/a]"", ""orig_personid"": ""31407"", ""orig_assoc_id"": ""32847"", ""cbdb_assoc_code"": ""438""}, {""source_table"": ""ASSOC_DATA"", ""c_source"": ""40303"", ""c_pages"": ""841"", ""c_sequence"": """", ""c_text_title"": ""[n/a]"", ""orig_personid"": ""32847"", ""orig_assoc_id"": ""31407"", ""cbdb_assoc_code"": ""437""}]",1
32917,30851,SOCIAL,SO_GIFT_POETRY,收到Y的贈詩、文,directed,,,0.5,primary,唐五代人交往詩索引,438,P,2,"[{""source_table"": ""ASSOC_DATA"", ""c_source"": ""40303"", ""c_pages"": ""1147"", ""c_sequence"": """", ""c_text_title"": ""[n/a]"", ""orig_personid"": ""30851"", ""orig_assoc_id"": ""32917"", ""cbdb_assoc_code"": ""438""}, {""source_table"": ""ASSOC_DATA"", ""c_source"": ""40303"", ""c_pages"": ""1147"", ""c_sequence"": """", ""c_text_title"": ""[n/a]"", ""orig_personid"": ""32917"", ""orig_assoc_id"": ""30851"", ""cbdb_assoc_code"": ""437""}]",1
32917,32583,SOCIAL,SO_GIFT_POETRY,收到Y的贈詩、文,directed,,,0.5,primary,唐五代人交往詩索引,438,P,2,"[{""source_table"": ""ASSOC_DATA"", ""c_source"": ""40303"", ""c_pages"": ""1148"", ""c_sequence"": """", ""c_text_title"": ""[n/a]"", ""orig_personid"": ""32583"", ""orig_assoc_id"": ""32917"", ""cbdb_assoc_code"": ""438""}, {""source_table"": ""ASSOC_DATA"", ""c_source"": ""40303"", ""c_pages"": ""1148"", ""c_sequence"": """", ""c_text_title"": ""[n/a]"", ""orig_personid"": ""32917"", ""orig_assoc_id"": ""32583"", ""cbdb_assoc_code"": ""437""}]",1
32980,32227,SOCIAL,SO_GIFT_POETRY,收到Y的贈詩、文,directed,,,0.5,primary,唐五代人交往詩索引,438,P,2,"[{""source_table"": ""ASSOC_DATA"", ""c_source"": ""40303"", ""c_pages"": ""1431"", ""c_sequence"": """", ""c_text_title"": ""[n/a]"", ""orig_personid"": ""32227"", ""orig_assoc_id"": ""32980"", ""cbdb_assoc_code"": ""438""}, {""source_table"": ""ASSOC_DATA"", ""c_source"": ""40303"", ""c_pages"": ""1431"", ""c_sequence"": """", ""c_text_title"": ""[n/a]"", ""orig_personid"": ""32980"", ""orig_assoc_id"": ""32227"", ""cbdb_assoc_code"": ""437""}]",0
32980,32985,KIN,K_CHILD,次子,directed,,,1.0,unsourced,,183,KIN,1,"[{""source_table"": ""KIN_DATA"", ""c_source"": """", ""c_pages"": """", ""c_sequence"": """", ""c_text_title"": """", ""orig_personid"": ""32980"", ""orig_assoc_id"": ""32985"", ""cbdb_assoc_code"": ""183""}]",1
32980,33606,SOCIAL,SO_FRIEND,友,undirected,,,0.6,primary,人名權威資料（中央研究院歷史語言研究所）,9,M,2,"[{""source_table"": ""ASSOC_DATA"", ""c_source"": ""9602"", ""c_pages"": ""18572"", ""c_sequence"": """", ""c_text_title"": ""[n/a]"", ""orig_personid"": ""32980"", ""orig_assoc_id"": ""33606"", ""cbdb_assoc_code"": ""9""}, {""source_table"": ""ASSOC_DATA"", ""c_source"": ""9602"", ""c_pages"": ""18572"", ""c_sequence"": """", ""c_text_title"": ""[n/a]"", ""orig_personid"": ""33606"", ""orig_assoc_id"": ""32980"", ""cbdb_assoc_code"": ""9""}]",1
32980,33606,SOCIAL,SO_GIFT_POETRY,贈詩、文,directed,,,0.5,primary,唐五代人交往詩索引,437,A,2,"[{""source_table"": ""ASSOC_DATA"", ""c_source"": ""40303"", ""c_pages"": ""1432"", ""c_sequence"": """", ""c_text_title"": ""[n/a]"", ""orig_personid"": ""32980"", ""orig_assoc_id"": ""33606"", ""cbdb_assoc_code"": ""437""}, {""source_table"": ""ASSOC_DATA"", ""c_source"": ""40303"", ""c_pages"": ""1432"", ""c_sequence"": """", ""c_text_title"": ""[n/a]"", ""orig_personid"": ""33606"", ""orig_assoc_id"": ""32980"", ""cbdb_assoc_code"": ""438""}]",0
32980,95068,SOCIAL,SO_CHANGHE,相唱和,undirected,,,0.6,primary,明清婦女著作數據庫,114,M,2,"[{""source_table"": ""ASSOC_DATA"", ""c_source"": ""9601"", ""c_pages"": ""2094"", ""c_sequence"": ""0"", ""c_text_title"": ""[n/a]"", ""orig_personid"": ""32980"", ""orig_assoc_id"": ""95068"", ""cbdb_assoc_code"": ""114""}, {""source_table"": ""ASSOC_DATA"", ""c_source"": ""9601"", ""c_pages"": ""2094"", ""c_sequence"": ""0"", ""c_text_title"": ""[n/a]"", ""orig_personid"": ""95068"", ""orig_assoc_id"": ""32980"", ""cbdb_assoc_code"": ""114""}]",1
32980,447419,SOCIAL,SO_GIFT_POETRY,贈詩、文,directed,,,0.5,primary,唐五代人交往詩索引,437,A,2,"[{""source_table"": ""ASSOC_DATA"", ""c_source"": ""40303"", ""c_pages"": ""1431"", ""c_sequence"": """", ""c_text_title"": ""[n/a]"", ""orig_personid"": ""32980"", ""orig_assoc_id"": ""447419"", ""cbdb_assoc_code"": ""437""}, {""source_table"": ""ASSOC_DATA"", ""c_source"": ""40303"", ""c_pages"": ""1431"", ""c_sequence"": """", ""c_text_title"": ""[n/a]"", ""orig_personid"": ""447419"", ""orig_assoc_id"": ""32980"", ""cbdb_assoc_code"": ""438""}]",1
32985,32980,KIN,K_PARENT,父,directed,,,1.0,primary,Pers DB / 唐代人物知識ベース,75,KIN,1,"[{""source_table"": ""KIN_DATA"", ""c_source"": ""24309"", ""c_pages"": ""pers00608"", ""c_sequence"": """", ""c_text_title"": """", ""orig_personid"": ""32985"", ""orig_assoc_id"": ""32980"", ""cbdb_assoc_code"": ""75""}]",0
33062,379873,SOCIAL,SO_GIFT_POETRY,贈詩、文,directed,,,0.5,primary,唐五代人交往詩索引,437,A,2,"[{""source_table"": ""ASSOC_DATA"", ""c_source"": ""40303"", ""c_pages"": ""197"", ""c_sequence"": """", ""c_text_title"": ""[n/a]"", ""orig_personid"": ""33062"", ""orig_assoc_id"": ""379873"", ""cbdb_assoc_code"": ""437""}, {""source_table"": ""ASSOC_DATA"", ""c_source"": ""40303"", ""c_pages"": ""197"", ""c_sequence"": """", ""c_text_title"": ""[n/a]"", ""orig_personid"": ""379873"", ""orig_assoc_id"": ""33062"", ""cbdb_assoc_code"": ""438""}]",1
33485,3332,SOCIAL,SO_GIFT_POETRY,收到Y的贈詩、文,directed,,,0.5,primary,唐五代人交往詩索引,438,P,2,"[{""source_table"": ""ASSOC_DATA"", ""c_source"": ""40303"", ""c_pages"": ""874"", ""c_sequence"": """", ""c_text_title"": ""[n/a]"", ""orig_personid"": ""3332"", ""orig_assoc_id"": ""33485"", ""cbdb_assoc_code"": ""438""}, {""source_table"": ""ASSOC_DATA"", ""c_source"": ""40303"", ""c_pages"": ""874"", ""c_sequence"": """", ""c_text_title"": ""[n/a]"", ""orig_personid"": ""33485"", ""orig_assoc_id"": ""3332"", ""cbdb_assoc_code"": ""437""}]",1
33485,94116,SOCIAL,SO_GIFT_POETRY,贈詩、文,directed,,,0.5,primary,唐五代人交往詩索引,437,A,2,"[{""source_table"": ""ASSOC_DATA"", ""c_source"": ""40303"", ""c_pages"": ""873"", ""c_sequence"": """", ""c_text_title"": ""[n/a]"", ""orig_personid"": ""33485"", ""orig_assoc_id"": ""94116"", ""cbdb_assoc_code"": ""437""}, {""source_table"": ""ASSOC_DATA"", ""c_source"": ""40303"", ""c_pages"": ""873"", ""c_sequence"": """", ""c_text_title"": ""[n/a]"", ""orig_personid"": ""94116"", ""orig_assoc_id"": ""33485"", ""cbdb_assoc_code"": ""438""}]",1
33485,445983,SOCIAL,SO_GIFT_POETRY,贈詩、文,directed,,,0.5,primary,唐五代人交往詩索引,437,A,2,"[{""source_table"": ""ASSOC_DATA"", ""c_source"": ""40303"", ""c_pages"": ""873"", ""c_sequence"": """", ""c_text_title"": ""[n/a]"", ""orig_personid"": ""33485"", ""orig_assoc_id"": ""445983"", ""cbdb_assoc_code"": ""437""}, {""source_table"": ""ASSOC_DATA"", ""c_source"": ""40303"", ""c_pages"": ""873"", ""c_sequence"": """", ""c_text_title"": ""[n/a]"", ""orig_personid"": ""445983"", ""orig_assoc_id"": ""33485"", ""cbdb_assoc_code"": ""438""}]",1
33566,11524,SOCIAL,SO_GIFT_POETRY,收到Y的贈詩、文,directed,,,0.5,primary,唐五代人交往詩索引,438,P,2,"[{""source_table"": ""ASSOC_DATA"", ""c_source"": ""40303"", ""c_pages"": ""1347"", ""c_sequence"": """", ""c_text_title"": ""[n/a]"", ""orig_personid"": ""11524"", ""orig_assoc_id"": ""33566"", ""cbdb_assoc_code"": ""438""}, {""source_table"": ""ASSOC_DATA"", ""c_source"": ""40303"", ""c_pages"": ""1347"", ""c_sequence"": """", ""c_text_title"": ""[n/a]"", ""orig_personid"": ""33566"", ""orig_assoc_id"": ""11524"", ""cbdb_assoc_code"": ""437""}]",1
33566,13575,SOCIAL,SO_GIFT_POETRY,收到Y的贈詩、文,directed,,,0.5,primary,唐五代人交往詩索引,438,P,2,"[{""source_table"": ""ASSOC_DATA"", ""c_source"": ""40303"", ""c_pages"": ""1334"", ""c_sequence"": """", ""c_text_title"": ""[n/a]"", ""orig_personid"": ""13575"", ""orig_assoc_id"": ""33566"", ""cbdb_assoc_code"": ""438""}, {""source_table"": ""ASSOC_DATA"", ""c_source"": ""40303"", ""c_pages"": ""1334"", ""c_sequence"": """", ""c_text_title"": ""[n/a]"", ""orig_personid"": ""33566"", ""orig_assoc_id"": ""13575"", ""cbdb_assoc_code"": ""437""}]",1
33566,30851,SOCIAL,SO_GIFT_POETRY,收到Y的贈詩、文,directed,,,0.5,primary,唐五代人交往詩索引,438,P,2,"[{""source_table"": ""ASSOC_DATA"", ""c_source"": ""40303"", ""c_pages"": ""1331"", ""c_sequence"": """", ""c_text_title"": ""[n/a]"", ""orig_personid"": ""30851"", ""orig_assoc_id"": ""33566"", ""cbdb_assoc_code"": ""438""}, {""source_table"": ""ASSOC_DATA"", ""c_source"": ""40303"", ""c_pages"": ""1331"", ""c_sequence"": """", ""c_text_title"": ""[n/a]"", ""orig_personid"": ""33566"", ""orig_assoc_id"": ""30851"", ""cbdb_assoc_code"": ""437""}]",1
33566,32540,SOCIAL,SO_GIFT_POETRY,收到Y的贈詩、文,directed,,,0.5,primary,唐五代人交往詩索引,438,P,2,"[{""source_table"": ""ASSOC_DATA"", ""c_source"": ""40303"", ""c_pages"": ""1340"", ""c_sequence"": """", ""c_text_title"": ""[n/a]"", ""orig_personid"": ""32540"", ""orig_assoc_id"": ""33566"", ""cbdb_assoc_code"": ""438""}, {""source_table"": ""ASSOC_DATA"", ""c_source"": ""40303"", ""c_pages"": ""1340"", ""c_sequence"": """", ""c_text_title"": ""[n/a]"", ""orig_personid"": ""33566"", ""orig_assoc_id"": ""32540"", ""cbdb_assoc_code"": ""437""}]",1
33566,32889,SOCIAL,SO_GIFT_POETRY,收到Y的贈詩、文,directed,,,0.5,primary,唐五代人交往詩索引,438,P,2,"[{""source_table"": ""ASSOC_DATA"", ""c_source"": ""40303"", ""c_pages"": ""1333"", ""c_sequence"": """", ""c_text_title"": ""[n/a]"", ""orig_personid"": ""32889"", ""orig_assoc_id"": ""33566"", ""cbdb_assoc_code"": ""438""}, {""source_table"": ""ASSOC_DATA"", ""c_source"": ""40303"", ""c_pages"": ""1333"", ""c_sequence"": """", ""c_text_title"": ""[n/a]"", ""orig_personid"": ""33566"", ""orig_assoc_id"": ""32889"", ""cbdb_assoc_code"": ""437""}]",1
33566,32917,SOCIAL,SO_GIFT_POETRY,收到Y的贈詩、文,directed,,,0.5,primary,唐五代人交往詩索引,438,P,2,"[{""source_table"": ""ASSOC_DATA"", ""c_source"": ""40303"", ""c_pages"": ""1344"", ""c_sequence"": """", ""c_text_title"": ""[n/a]"", ""orig_personid"": ""32917"", ""orig_assoc_id"": ""33566"", ""cbdb_assoc_code"": ""438""}, {""source_table"": ""ASSOC_DATA"", ""c_source"": ""40303"", ""c_pages"": ""1344"", ""c_sequence"": """", ""c_text_title"": ""[n/a]"", ""orig_personid"": ""33566"", ""orig_assoc_id"": ""32917"", ""cbdb_assoc_code"": ""437""}]",1
33566,33859,SOCIAL,SO_GIFT_POETRY,贈詩、文,directed,,,0.5,primary,唐五代人交往詩索引,437,A,2,"[{""source_table"": ""ASSOC_DATA"", ""c_source"": ""40303"", ""c_pages"": ""1347"", ""c_sequence"": """", ""c_text_title"": ""[n/a]"", ""orig_personid"": ""33566"", ""orig_assoc_id"": ""33859"", ""cbdb_assoc_code"": ""437""}, {""source_table"": ""ASSOC_DATA"", ""c_source"": ""40303"", ""c_pages"": ""1347"", ""c_sequence"": """", ""c_text_title"": ""[n/a]"", ""orig_personid"": ""33859"", ""orig_assoc_id"": ""33566"", ""cbdb_assoc_code"": ""438""}]",1
33566,95071,SOCIAL,SO_GIFT_POETRY,贈詩、文,directed,,,0.5,primary,唐五代人交往詩索引,437,A,2,"[{""source_table"": ""ASSOC_DATA"", ""c_source"": ""40303"", ""c_pages"": ""1343"", ""c_sequence"": """", ""c_text_title"": ""[n/a]"", ""orig_personid"": ""33566"", ""orig_assoc_id"": ""95071"", ""cbdb_assoc_code"": ""437""}, {""source_table"": ""ASSOC_DATA"", ""c_source"": ""40303"", ""c_pages"": ""1343"", ""c_sequence"": """", ""c_text_title"": ""[n/a]"", ""orig_personid"": ""95071"", ""orig_assoc_id"": ""33566"", ""cbdb_assoc_code"": ""438""}]",1
33566,146097,SOCIAL,SO_GIFT_POETRY,贈詩、文,directed,,,0.5,primary,唐五代人交往詩索引,437,A,2,"[{""source_table"": ""ASSOC_DATA"", ""c_source"": ""40303"", ""c_pages"": ""1342"", ""c_sequence"": """", ""c_text_title"": ""[n/a]"", ""orig_personid"": ""33566"", ""orig_assoc_id"": ""146097"", ""cbdb_assoc_code"": ""437""}, {""source_table"": ""ASSOC_DATA"", ""c_source"": ""40303"", ""c_pages"": ""1342"", ""c_sequence"": """", ""c_text_title"": ""[n/a]"", ""orig_personid"": ""146097"", ""orig_assoc_id"": ""33566"", ""cbdb_assoc_code"": ""438""}]",1
33589,94227,SOCIAL,SO_FRIEND,友,undirected,,,0.6,primary,人名權威資料（中央研究院歷史語言研究所）,9,M,2,"[{""source_table"": ""ASSOC_DATA"", ""c_source"": ""9602"", ""c_pages"": ""18227"", ""c_sequence"": """", ""c_text_title"": ""[n/a]"", ""orig_personid"": ""33589"", ""orig_assoc_id"": ""94227"", ""cbdb_assoc_code"": ""9""}, {""source_table"": ""ASSOC_DATA"", ""c_source"": ""9602"", ""c_pages"": ""18538"", ""c_sequence"": """", ""c_text_title"": ""[n/a]"", ""orig_personid"": ""94227"", ""orig_assoc_id"": ""33589"", ""cbdb_assoc_code"": ""9""}]",1
33606,3130,SOCIAL,SO_GIFT_POETRY,收到Y的贈詩、文,directed,,,0.5,primary,唐五代人交往詩索引,438,P,2,"[{""source_table"": ""ASSOC_DATA"", ""c_source"": ""40303"", ""c_pages"": ""1288"", ""c_sequence"": """", ""c_text_title"": ""[n/a]"", ""orig_personid"": ""3130"", ""orig_assoc_id"": ""33606"", ""cbdb_assoc_code"": ""438""}, {""source_table"": ""ASSOC_DATA"", ""c_source"": ""40303"", ""c_pages"": ""1288"", ""c_sequence"": """", ""c_text_title"": ""[n/a]"", ""orig_personid"": ""33606"", ""orig_assoc_id"": ""3130"", ""cbdb_assoc_code"": ""437""}]",1
33606,3332,SOCIAL,SO_GIFT_POETRY,收到Y的贈詩、文,directed,,,0.5,primary,唐五代人交往詩索引,438,P,2,"[{""source_table"": ""ASSOC_DATA"", ""c_source"": ""40303"", ""c_pages"": ""1301"", ""c_sequence"": """", ""c_text_title"": ""[n/a]"", ""orig_personid"": ""3332"", ""orig_assoc_id"": ""33606"", ""cbdb_assoc_code"": ""438""}, {""source_table"": ""ASSOC_DATA"", ""c_source"": ""40303"", ""c_pages"": ""1301"", ""c_sequence"": """", ""c_text_title"": ""[n/a]"", ""orig_personid"": ""33606"", ""orig_assoc_id"": ""3332"", ""cbdb_assoc_code"": ""437""}]",0
33606,3605,LITERARY,LI_EULOGY,祭文由Y所作,directed,,,0.4,unsourced,,146,P,2,"[{""source_table"": ""ASSOC_DATA"", ""c_source"": """", ""c_pages"": """", ""c_sequence"": """", ""c_text_title"": ""[n/a]"", ""orig_personid"": ""3605"", ""orig_assoc_id"": ""33606"", ""cbdb_assoc_code"": ""146""}, {""source_table"": ""ASSOC_DATA"", ""c_source"": """", ""c_pages"": """", ""c_sequence"": """", ""c_text_title"": ""[n/a]"", ""orig_personid"": ""33606"", ""orig_assoc_id"": ""3605"", ""cbdb_assoc_code"": ""145""}]",0
33606,3605,SOCIAL,SO_GIFT_POETRY,收到Y的贈詩、文,directed,,,0.5,primary,唐五代人交往詩索引,438,P,2,"[{""source_table"": ""ASSOC_DATA"", ""c_source"": ""40303"", ""c_pages"": ""1303"", ""c_sequence"": """", ""c_text_title"": ""[n/a]"", ""orig_personid"": ""3605"", ""orig_assoc_id"": ""33606"", ""cbdb_assoc_code"": ""438""}, {""source_table"": ""ASSOC_DATA"", ""c_source"": ""40303"", ""c_pages"": ""1303"", ""c_sequence"": """", ""c_text_title"": ""[n/a]"", ""orig_personid"": ""33606"", ""orig_assoc_id"": ""3605"", ""cbdb_assoc_code"": ""437""}]",0
33606,13575,SOCIAL,SO_GIFT_POETRY,收到Y的贈詩、文,directed,,,0.5,primary,唐五代人交往詩索引,438,P,2,"[{""source_table"": ""ASSOC_DATA"", ""c_source"": ""40303"", ""c_pages"": ""1288"", ""c_sequence"": """", ""c_text_title"": ""[n/a]"", ""orig_personid"": ""13575"", ""orig_assoc_id"": ""33606"", ""cbdb_assoc_code"": ""438""}, {""source_table"": ""ASSOC_DATA"", ""c_source"": ""40303"", ""c_pages"": ""1288"", ""c_sequence"": """", ""c_text_title"": ""[n/a]"", ""orig_personid"": ""33606"", ""orig_assoc_id"": ""13575"", ""cbdb_assoc_code"": ""437""}]",0
33606,15161,SOCIAL,SO_GIFT_POETRY,收到Y的贈詩、文,directed,,,0.5,primary,唐五代人交往詩索引,438,P,2,"[{""source_table"": ""ASSOC_DATA"", ""c_source"": ""40303"", ""c_pages"": ""1298"", ""c_sequence"": """", ""c_text_title"": ""[n/a]"", ""orig_personid"": ""15161"", ""orig_assoc_id"": ""33606"", ""cbdb_assoc_code"": ""438""}, {""source_table"": ""ASSOC_DATA"", ""c_source"": ""40303"", ""c_pages"": ""1298"", ""c_sequence"": """", ""c_text_title"": ""[n/a]"", ""orig_personid"": ""33606"", ""orig_assoc_id"": ""15161"", ""cbdb_assoc_code"": ""437""}]",1
33606,19244,SOCIAL,SO_GIFT_POETRY,收到Y的贈詩、文,directed,,,0.5,primary,唐五代人交往詩索引,438,P,2,"[{""source_table"": ""ASSOC_DATA"", ""c_source"": ""40303"", ""c_pages"": ""1300"", ""c_sequence"": """", ""c_text_title"": ""[n/a]"", ""orig_personid"": ""19244"", ""orig_assoc_id"": ""33606"", ""cbdb_assoc_code"": ""438""}, {""source_table"": ""ASSOC_DATA"", ""c_source"": ""40303"", ""c_pages"": ""1300"", ""c_sequence"": """", ""c_text_title"": ""[n/a]"", ""orig_personid"": ""33606"", ""orig_assoc_id"": ""19244"", ""cbdb_assoc_code"": ""437""}]",1
33606,24654,SOCIAL,SO_GIFT_POETRY,收到Y的贈詩、文,directed,,,0.5,primary,唐五代人交往詩索引,438,P,2,"[{""source_table"": ""ASSOC_DATA"", ""c_source"": ""40303"", ""c_pages"": ""1289"", ""c_sequence"": """", ""c_text_title"": ""[n/a]"", ""orig_personid"": ""24654"", ""orig_assoc_id"": ""33606"", ""cbdb_assoc_code"": ""438""}, {""source_table"": ""ASSOC_DATA"", ""c_source"": ""40303"", ""c_pages"": ""1289"", ""c_sequence"": """", ""c_text_title"": ""[n/a]"", ""orig_personid"": ""33606"", ""orig_assoc_id"": ""24654"", ""cbdb_assoc_code"": ""437""}]",1
33606,32054,SOCIAL,SO_GIFT_POETRY,收到Y的贈詩、文,directed,,,0.5,primary,唐五代人交往詩索引,438,P,2,"[{""source_table"": ""ASSOC_DATA"", ""c_source"": ""40303"", ""c_pages"": ""1291"", ""c_sequence"": """", ""c_text_title"": ""[n/a]"", ""orig_personid"": ""32054"", ""orig_assoc_id"": ""33606"", ""cbdb_assoc_code"": ""438""}, {""source_table"": ""ASSOC_DATA"", ""c_source"": ""40303"", ""c_pages"": ""1291"", ""c_sequence"": """", ""c_text_title"": ""[n/a]"", ""orig_personid"": ""33606"", ""orig_assoc_id"": ""32054"", ""cbdb_assoc_code"": ""437""}]",1
33606,32227,SOCIAL,SO_GIFT_POETRY,收到Y的贈詩、文,directed,,,0.5,primary,唐五代人交往詩索引,438,P,2,"[{""source_table"": ""ASSOC_DATA"", ""c_source"": ""40303"", ""c_pages"": ""1292"", ""c_sequence"": """", ""c_text_title"": ""[n/a]"", ""orig_personid"": ""32227"", ""orig_assoc_id"": ""33606"", ""cbdb_assoc_code"": ""438""}, {""source_table"": ""ASSOC_DATA"", ""c_source"": ""40303"", ""c_pages"": ""1292"", ""c_sequence"": """", ""c_text_title"": ""[n/a]"", ""orig_personid"": ""33606"", ""orig_assoc_id"": ""32227"", ""cbdb_assoc_code"": ""437""}]",0
33606,32248,SOCIAL,SO_GIFT_POETRY,收到Y的贈詩、文,directed,,,0.5,primary,唐五代人交往詩索引,438,P,2,"[{""source_table"": ""ASSOC_DATA"", ""c_source"": ""40303"", ""c_pages"": ""1286"", ""c_sequence"": """", ""c_text_title"": ""[n/a]"", ""orig_personid"": ""32248"", ""orig_assoc_id"": ""33606"", ""cbdb_assoc_code"": ""438""}, {""source_table"": ""ASSOC_DATA"", ""c_source"": ""40303"", ""c_pages"": ""1286"", ""c_sequence"": """", ""c_text_title"": ""[n/a]"", ""orig_personid"": ""33606"", ""orig_assoc_id"": ""32248"", ""cbdb_assoc_code"": ""437""}]",0
33606,92047,SOCIAL,SO_GIFT_POETRY,贈詩、文,directed,,,0.5,primary,唐五代人交往詩索引,437,A,2,"[{""source_table"": ""ASSOC_DATA"", ""c_source"": ""40303"", ""c_pages"": ""1286"", ""c_sequence"": """", ""c_text_title"": ""[n/a]"", ""orig_personid"": ""33606"", ""orig_assoc_id"": ""92047"", ""cbdb_assoc_code"": ""437""}, {""source_table"": ""ASSOC_DATA"", ""c_source"": ""40303"", ""c_pages"": ""1286"", ""c_sequence"": """", ""c_text_title"": ""[n/a]"", ""orig_personid"": ""92047"", ""orig_assoc_id"": ""33606"", ""cbdb_assoc_code"": ""438""}]",1
33606,92516,SOCIAL,SO_GIFT_POETRY,贈詩、文,directed,,,0.5,primary,唐五代人交往詩索引,437,A,2,"[{""source_table"": ""ASSOC_DATA"", ""c_source"": ""40303"", ""c_pages"": ""1304"", ""c_sequence"": """", ""c_text_title"": ""[n/a]"", ""orig_personid"": ""33606"", ""orig_assoc_id"": ""92516"", ""cbdb_assoc_code"": ""437""}, {""source_table"": ""ASSOC_DATA"", ""c_source"": ""40303"", ""c_pages"": ""1304"", ""c_sequence"": """", ""c_text_title"": ""[n/a]"", ""orig_personid"": ""92516"", ""orig_assoc_id"": ""33606"", ""cbdb_assoc_code"": ""438""}]",1
33606,92982,SOCIAL,SO_GIFT_POETRY,贈詩、文,directed,,,0.5,primary,唐五代人交往詩索引,437,A,2,"[{""source_table"": ""ASSOC_DATA"", ""c_source"": ""40303"", ""c_pages"": ""1298"", ""c_sequence"": """", ""c_text_title"": ""[n/a]"", ""orig_personid"": ""33606"", ""orig_assoc_id"": ""92982"", ""cbdb_assoc_code"": ""437""}, {""source_table"": ""ASSOC_DATA"", ""c_source"": ""40303"", ""c_pages"": ""1298"", ""c_sequence"": """", ""c_text_title"": ""[n/a]"", ""orig_personid"": ""92982"", ""orig_assoc_id"": ""33606"", ""cbdb_assoc_code"": ""438""}]",1
33606,94160,SOCIAL,SO_GIFT_POETRY,贈詩、文,directed,,,0.5,primary,唐五代人交往詩索引,437,A,2,"[{""source_table"": ""ASSOC_DATA"", ""c_source"": ""40303"", ""c_pages"": ""1300"", ""c_sequence"": """", ""c_text_title"": ""[n/a]"", ""orig_personid"": ""33606"", ""orig_assoc_id"": ""94160"", ""cbdb_assoc_code"": ""437""}, {""source_table"": ""ASSOC_DATA"", ""c_source"": ""40303"", ""c_pages"": ""1300"", ""c_sequence"": """", ""c_text_title"": ""[n/a]"", ""orig_personid"": ""94160"", ""orig_assoc_id"": ""33606"", ""cbdb_assoc_code"": ""438""}]",1
33606,95068,SOCIAL,SO_GIFT_POETRY,贈詩、文,directed,,,0.5,primary,唐五代人交往詩索引,437,A,2,"[{""source_table"": ""ASSOC_DATA"", ""c_source"": ""40303"", ""c_pages"": ""1301"", ""c_sequence"": """", ""c_text_title"": ""[n/a]"", ""orig_personid"": ""33606"", ""orig_assoc_id"": ""95068"", ""cbdb_assoc_code"": ""437""}, {""source_table"": ""ASSOC_DATA"", ""c_source"": ""40303"", ""c_pages"": ""1301"", ""c_sequence"": """", ""c_text_title"": ""[n/a]"", ""orig_personid"": ""95068"", ""orig_assoc_id"": ""33606"", ""cbdb_assoc_code"": ""438""}]",1
33649,3915,SOCIAL,SO_GIFT_POETRY,收到Y的贈詩、文,directed,,,0.5,primary,唐五代人交往詩索引,438,P,2,"[{""source_table"": ""ASSOC_DATA"", ""c_source"": ""40303"", ""c_pages"": ""1251"", ""c_sequence"": """", ""c_text_title"": ""[n/a]"", ""orig_personid"": ""3915"", ""orig_assoc_id"": ""33649"", ""cbdb_assoc_code"": ""438""}, {""source_table"": ""ASSOC_DATA"", ""c_source"": ""40303"", ""c_pages"": ""1251"", ""c_sequence"": """", ""c_text_title"": ""[n/a]"", ""orig_personid"": ""33649"", ""orig_assoc_id"": ""3915"", ""cbdb_assoc_code"": ""437""}]",1
33649,15161,SOCIAL,SO_GIFT_POETRY,收到Y的贈詩、文,directed,,,0.5,primary,唐五代人交往詩索引,438,P,2,"[{""source_table"": ""ASSOC_DATA"", ""c_source"": ""40303"", ""c_pages"": ""1249"", ""c_sequence"": """", ""c_text_title"": ""[n/a]"", ""orig_personid"": ""15161"", ""orig_assoc_id"": ""33649"", ""cbdb_assoc_code"": ""438""}, {""source_table"": ""ASSOC_DATA"", ""c_source"": ""40303"", ""c_pages"": ""1249"", ""c_sequence"": """", ""c_text_title"": ""[n/a]"", ""orig_personid"": ""33649"", ""orig_assoc_id"": ""15161"", ""cbdb_assoc_code"": ""437""}]",1
33649,17029,SOCIAL,SO_GIFT_POETRY,收到Y的贈詩、文,directed,,,0.5,primary,唐五代人交往詩索引,438,P,2,"[{""source_table"": ""ASSOC_DATA"", ""c_source"": ""40303"", ""c_pages"": ""1245"", ""c_sequence"": """", ""c_text_title"": ""[n/a]"", ""orig_personid"": ""17029"", ""orig_assoc_id"": ""33649"", ""cbdb_assoc_code"": ""438""}, {""source_table"": ""ASSOC_DATA"", ""c_source"": ""40303"", ""c_pages"": ""1245"", ""c_sequence"": """", ""c_text_title"": ""[n/a]"", ""orig_personid"": ""33649"", ""orig_assoc_id"": ""17029"", ""cbdb_assoc_code"": ""437""}]",1
33649,32227,SOCIAL,SO_GIFT_POETRY,收到Y的贈詩、文,directed,,,0.5,primary,唐五代人交往詩索引,438,P,2,"[{""source_table"": ""ASSOC_DATA"", ""c_source"": ""40303"", ""c_pages"": ""1248"", ""c_sequence"": """", ""c_text_title"": ""[n/a]"", ""orig_personid"": ""32227"", ""orig_assoc_id"": ""33649"", ""cbdb_assoc_code"": ""438""}, {""source_table"": ""ASSOC_DATA"", ""c_source"": ""40303"", ""c_pages"": ""1248"", ""c_sequence"": """", ""c_text_title"": ""[n/a]"", ""orig_personid"": ""33649"", ""orig_assoc_id"": ""32227"", ""cbdb_assoc_code"": ""437""}]",1
33649,32248,SOCIAL,SO_GIFT_POETRY,收到Y的贈詩、文,directed,,,0.5,primary,唐五代人交往詩索引,438,P,2,"[{""source_table"": ""ASSOC_DATA"", ""c_source"": ""40303"", ""c_pages"": ""1246"", ""c_sequence"": """", ""c_text_title"": ""[n/a]"", ""orig_personid"": ""32248"", ""orig_assoc_id"": ""33649"", ""cbdb_assoc_code"": ""438""}, {""source_table"": ""ASSOC_DATA"", ""c_source"": ""40303"", ""c_pages"": ""1246"", ""c_sequence"": """", ""c_text_title"": ""[n/a]"", ""orig_personid"": ""33649"", ""orig_assoc_id"": ""32248"", ""cbdb_assoc_code"": ""437""}]",1
33649,33606,SOCIAL,SO_GIFT_POETRY,收到Y的贈詩、文,directed,,,0.5,primary,唐五代人交往詩索引,438,P,2,"[{""source_table"": ""ASSOC_DATA"", ""c_source"": ""40303"", ""c_pages"": ""1252"", ""c_sequence"": """", ""c_text_title"": ""[n/a]"", ""orig_personid"": ""33606"", ""orig_assoc_id"": ""33649"", ""cbdb_assoc_code"": ""438""}, {""source_table"": ""ASSOC_DATA"", ""c_source"": ""40303"", ""c_pages"": ""1252"", ""c_sequence"": """", ""c_text_title"": ""[n/a]"", ""orig_personid"": ""33649"", ""orig_assoc_id"": ""33606"", ""cbdb_assoc_code"": ""437""}]",1
33649,33753,SOCIAL,SO_GIFT_POETRY,贈詩、文,directed,,,0.5,primary,唐五代人交往詩索引,437,A,2,"[{""source_table"": ""ASSOC_DATA"", ""c_source"": ""40303"", ""c_pages"": ""1252"", ""c_sequence"": """", ""c_text_title"": ""[n/a]"", ""orig_personid"": ""33649"", ""orig_assoc_id"": ""33753"", ""cbdb_assoc_code"": ""437""}, {""source_table"": ""ASSOC_DATA"", ""c_source"": ""40303"", ""c_pages"": ""1252"", ""c_sequence"": """", ""c_text_title"": ""[n/a]"", ""orig_personid"": ""33753"", ""orig_assoc_id"": ""33649"", ""cbdb_assoc_code"": ""438""}]",1
33649,92035,SOCIAL,SO_GIFT_POETRY,贈詩、文,directed,,,0.5,primary,唐五代人交往詩索引,437,A,2,"[{""source_table"": ""ASSOC_DATA"", ""c_source"": ""40303"", ""c_pages"": ""1246"", ""c_sequence"": """", ""c_text_title"": ""[n/a]"", ""orig_personid"": ""33649"", ""orig_assoc_id"": ""92035"", ""cbdb_assoc_code"": ""437""}, {""source_table"": ""ASSOC_DATA"", ""c_source"": ""40303"", ""c_pages"": ""1246"", ""c_sequence"": """", ""c_text_title"": ""[n/a]"", ""orig_personid"": ""92035"", ""orig_assoc_id"": ""33649"", ""cbdb_assoc_code"": ""438""}]",1
33649,93080,SOCIAL,SO_GIFT_POETRY,贈詩、文,directed,,,0.5,primary,唐五代人交往詩索引,437,A,2,"[{""source_table"": ""ASSOC_DATA"", ""c_source"": ""40303"", ""c_pages"": ""1249"", ""c_sequence"": """", ""c_text_title"": ""[n/a]"", ""orig_personid"": ""33649"", ""orig_assoc_id"": ""93080"", ""cbdb_assoc_code"": ""437""}, {""source_table"": ""ASSOC_DATA"", ""c_source"": ""40303"", ""c_pages"": ""1249"", ""c_sequence"": """", ""c_text_title"": ""[n/a]"", ""orig_personid"": ""93080"", ""orig_assoc_id"": ""33649"", ""cbdb_assoc_code"": ""438""}]",1
33649,93956,SOCIAL,SO_GIFT_POETRY,贈詩、文,directed,,,0.5,primary,唐五代人交往詩索引,437,A,2,"[{""source_table"": ""ASSOC_DATA"", ""c_source"": ""40303"", ""c_pages"": ""1247"", ""c_sequence"": """", ""c_text_title"": ""[n/a]"", ""orig_personid"": ""33649"", ""orig_assoc_id"": ""93956"", ""cbdb_assoc_code"": ""437""}, {""source_table"": ""ASSOC_DATA"", ""c_source"": ""40303"", ""c_pages"": ""1247"", ""c_sequence"": """", ""c_text_title"": ""[n/a]"", ""orig_personid"": ""93956"", ""orig_assoc_id"": ""33649"", ""cbdb_assoc_code"": ""438""}]",1
33651,19241,SOCIAL,SO_GIFT_POETRY,收到Y的贈詩、文,directed,,,0.5,primary,唐五代人交往詩索引,438,P,2,"[{""source_table"": ""ASSOC_DATA"", ""c_source"": ""40303"", ""c_pages"": ""431"", ""c_sequence"": """", ""c_text_title"": ""[n/a]"", ""orig_personid"": ""19241"", ""orig_assoc_id"": ""33651"", ""cbdb_assoc_code"": ""438""}, {""source_table"": ""ASSOC_DATA"", ""c_source"": ""40303"", ""c_pages"": ""431"", ""c_sequence"": """", ""c_text_title"": ""[n/a]"", ""orig_personid"": ""33651"", ""orig_assoc_id"": ""19241"", ""cbdb_assoc_code"": ""437""}]",1
33651,30982,SOCIAL,SO_GIFT_POETRY,收到Y的贈詩、文,directed,,,0.5,primary,唐五代人交往詩索引,438,P,2,"[{""source_table"": ""ASSOC_DATA"", ""c_source"": ""40303"", ""c_pages"": ""431"", ""c_sequence"": """", ""c_text_title"": ""[n/a]"", ""orig_personid"": ""30982"", ""orig_assoc_id"": ""33651"", ""cbdb_assoc_code"": ""438""}, {""source_table"": ""ASSOC_DATA"", ""c_source"": ""40303"", ""c_pages"": ""431"", ""c_sequence"": """", ""c_text_title"": ""[n/a]"", ""orig_personid"": ""33651"", ""orig_assoc_id"": ""30982"", ""cbdb_assoc_code"": ""437""}]",1
33753,3702,SOCIAL,SO_GIFT_POETRY,收到Y的贈詩、文,directed,,,0.5,primary,唐五代人交往詩索引,438,P,2,"[{""source_table"": ""ASSOC_DATA"", ""c_source"": ""40303"", ""c_pages"": ""1360"", ""c_sequence"": """", ""c_text_title"": ""[n/a]"", ""orig_personid"": ""3702"", ""orig_assoc_id"": ""33753"", ""cbdb_assoc_code"": ""438""}, {""source_table"": ""ASSOC_DATA"", ""c_source"": ""40303"", ""c_pages"": ""1360"", ""c_sequence"": """", ""c_text_title"": ""[n/a]"", ""orig_personid"": ""33753"", ""orig_assoc_id"": ""3702"", ""cbdb_assoc_code"": ""437""}]",0
33753,31322,SOCIAL,SO_GIFT_POETRY,收到Y的贈詩、文,directed,,,0.5,primary,唐五代人交往詩索引,438,P,2,"[{""source_table"": ""ASSOC_DATA"", ""c_source"": ""40303"", ""c_pages"": ""1365"", ""c_sequence"": """", ""c_text_title"": ""[n/a]"", ""orig_personid"": ""31322"", ""orig_assoc_id"": ""33753"", ""cbdb_assoc_code"": ""438""}, {""source_table"": ""ASSOC_DATA"", ""c_source"": ""40303"", ""c_pages"": ""1365"", ""c_sequence"": """", ""c_text_title"": ""[n/a]"", ""orig_personid"": ""33753"", ""orig_assoc_id"": ""31322"", ""cbdb_assoc_code"": ""437""}]",1
33753,93246,SOCIAL,SO_GIFT_POETRY,贈詩、文,directed,,,0.5,primary,唐五代人交往詩索引,437,A,2,"[{""source_table"": ""ASSOC_DATA"", ""c_source"": ""40303"", ""c_pages"": ""1359"", ""c_sequence"": """", ""c_text_title"": ""[n/a]"", ""orig_personid"": ""33753"", ""orig_assoc_id"": ""93246"", ""cbdb_assoc_code"": ""437""}, {""source_table"": ""ASSOC_DATA"", ""c_source"": ""40303"", ""c_pages"": ""1359"", ""c_sequence"": """", ""c_text_title"": ""[n/a]"", ""orig_personid"": ""93246"", ""orig_assoc_id"": ""33753"", ""cbdb_assoc_code"": ""438""}]",1
33859,94595,SOCIAL,SO_GIFT_POETRY,贈詩、文,directed,,,0.5,primary,唐五代人交往詩索引,437,A,2,"[{""source_table"": ""ASSOC_DATA"", ""c_source"": ""40303"", ""c_pages"": ""1355"", ""c_sequence"": """", ""c_text_title"": ""[n/a]"", ""orig_personid"": ""33859"", ""orig_assoc_id"": ""94595"", ""cbdb_assoc_code"": ""437""}, {""source_table"": ""ASSOC_DATA"", ""c_source"": ""40303"", ""c_pages"": ""1355"", ""c_sequence"": """", ""c_text_title"": ""[n/a]"", ""orig_personid"": ""94595"", ""orig_assoc_id"": ""33859"", ""cbdb_assoc_code"": ""438""}]",1
33859,95025,SOCIAL,SO_GIFT_POETRY,贈詩、文,directed,,,0.5,primary,唐五代人交往詩索引,437,A,2,"[{""source_table"": ""ASSOC_DATA"", ""c_source"": ""40303"", ""c_pages"": ""1355"", ""c_sequence"": """", ""c_text_title"": ""[n/a]"", ""orig_personid"": ""33859"", ""orig_assoc_id"": ""95025"", ""cbdb_assoc_code"": ""437""}, {""source_table"": ""ASSOC_DATA"", ""c_source"": ""40303"", ""c_pages"": ""1355"", ""c_sequence"": """", ""c_text_title"": ""[n/a]"", ""orig_personid"": ""95025"", ""orig_assoc_id"": ""33859"", ""cbdb_assoc_code"": ""438""}]",1
34916,3915,SOCIAL,SO_GIFT_POETRY,收到Y的贈詩、文,directed,,,0.5,primary,唐五代人交往詩索引,438,P,2,"[{""source_table"": ""ASSOC_DATA"", ""c_source"": ""40303"", ""c_pages"": ""1098"", ""c_sequence"": """", ""c_text_title"": ""[n/a]"", ""orig_personid"": ""3915"", ""orig_assoc_id"": ""34916"", ""cbdb_assoc_code"": ""438""}, {""source_table"": ""ASSOC_DATA"", ""c_source"": ""40303"", ""c_pages"": ""1098"", ""c_sequence"": """", ""c_text_title"": ""[n/a]"", ""orig_personid"": ""34916"", ""orig_assoc_id"": ""3915"", ""cbdb_assoc_code"": ""437""}]",1
34916,17029,SOCIAL,SO_GIFT_POETRY,收到Y的贈詩、文,directed,,,0.5,primary,唐五代人交往詩索引,438,P,2,"[{""source_table"": ""ASSOC_DATA"", ""c_source"": ""40303"", ""c_pages"": ""1094"", ""c_sequence"": """", ""c_text_title"": ""[n/a]"", ""orig_personid"": ""17029"", ""orig_assoc_id"": ""34916"", ""cbdb_assoc_code"": ""438""}, {""source_table"": ""ASSOC_DATA"", ""c_source"": ""40303"", ""c_pages"": ""1094"", ""c_sequence"": """", ""c_text_title"": ""[n/a]"", ""orig_personid"": ""34916"", ""orig_assoc_id"": ""17029"", ""cbdb_assoc_code"": ""437""}]",0
34916,21194,SOCIAL,SO_GIFT_POETRY,收到Y的贈詩、文,directed,,,0.5,primary,唐五代人交往詩索引,438,P,2,"[{""source_table"": ""ASSOC_DATA"", ""c_source"": ""40303"", ""c_pages"": ""1097"", ""c_sequence"": """", ""c_text_title"": ""[n/a]"", ""orig_personid"": ""21194"", ""orig_assoc_id"": ""34916"", ""cbdb_assoc_code"": ""438""}, {""source_table"": ""ASSOC_DATA"", ""c_source"": ""40303"", ""c_pages"": ""1097"", ""c_sequence"": """", ""c_text_title"": ""[n/a]"", ""orig_personid"": ""34916"", ""orig_assoc_id"": ""21194"", ""cbdb_assoc_code"": ""437""}]",0
34916,21194,KIN,K_PARENT,父,directed,,,1.0,unsourced,,75,KIN,1,"[{""source_table"": ""KIN_DATA"", ""c_source"": """", ""c_pages"": """", ""c_sequence"": """", ""c_text_title"": """", ""orig_personid"": ""34916"", ""orig_assoc_id"": ""21194"", ""cbdb_assoc_code"": ""75""}]",0
34916,32540,SOCIAL,SO_GIFT_POETRY,收到Y的贈詩、文,directed,,,0.5,primary,唐五代人交往詩索引,438,P,2,"[{""source_table"": ""ASSOC_DATA"", ""c_source"": ""40303"", ""c_pages"": ""1097"", ""c_sequence"": """", ""c_text_title"": ""[n/a]"", ""orig_personid"": ""32540"", ""orig_assoc_id"": ""34916"", ""cbdb_assoc_code"": ""438""}, {""source_table"": ""ASSOC_DATA"", ""c_source"": ""40303"", ""c_pages"": ""1097"", ""c_sequence"": """", ""c_text_title"": ""[n/a]"", ""orig_personid"": ""34916"", ""orig_assoc_id"": ""32540"", ""cbdb_assoc_code"": ""437""}]",1
34916,33649,SOCIAL,SO_GIFT_POETRY,收到Y的贈詩、文,directed,,,0.5,primary,唐五代人交往詩索引,438,P,2,"[{""source_table"": ""ASSOC_DATA"", ""c_source"": ""40303"", ""c_pages"": ""1098"", ""c_sequence"": """", ""c_text_title"": ""[n/a]"", ""orig_personid"": ""33649"", ""orig_assoc_id"": ""34916"", ""cbdb_assoc_code"": ""438""}, {""source_table"": ""ASSOC_DATA"", ""c_source"": ""40303"", ""c_pages"": ""1098"", ""c_sequence"": """", ""c_text_title"": ""[n/a]"", ""orig_personid"": ""34916"", ""orig_assoc_id"": ""33649"", ""cbdb_assoc_code"": ""437""}]",1
34916,92673,SOCIAL,SO_GIFT_POETRY,贈詩、文,directed,,,0.5,primary,唐五代人交往詩索引,437,A,2,"[{""source_table"": ""ASSOC_DATA"", ""c_source"": ""40303"", ""c_pages"": ""1098"", ""c_sequence"": """", ""c_text_title"": ""[n/a]"", ""orig_personid"": ""34916"", ""orig_assoc_id"": ""92673"", ""cbdb_assoc_code"": ""437""}, {""source_table"": ""ASSOC_DATA"", ""c_source"": ""40303"", ""c_pages"": ""1098"", ""c_sequence"": """", ""c_text_title"": ""[n/a]"", ""orig_personid"": ""92673"", ""orig_assoc_id"": ""34916"", ""cbdb_assoc_code"": ""438""}]",1
34916,94227,SOCIAL,SO_GIFT_POETRY,贈詩、文,directed,,,0.5,primary,唐五代人交往詩索引,437,A,2,"[{""source_table"": ""ASSOC_DATA"", ""c_source"": ""40303"", ""c_pages"": ""1095"", ""c_sequence"": """", ""c_text_title"": ""[n/a]"", ""orig_personid"": ""34916"", ""orig_assoc_id"": ""94227"", ""cbdb_assoc_code"": ""437""}, {""source_table"": ""ASSOC_DATA"", ""c_source"": ""40303"", ""c_pages"": ""1095"", ""c_sequence"": """", ""c_text_title"": ""[n/a]"", ""orig_personid"": ""94227"", ""orig_assoc_id"": ""34916"", ""cbdb_assoc_code"": ""438""}]",1
36130,32540,SOCIAL,SO_GIFT_POETRY,收到Y的贈詩、文,directed,,,0.5,primary,唐五代人交往詩索引,438,P,2,"[{""source_table"": ""ASSOC_DATA"", ""c_source"": ""40303"", ""c_pages"": ""215"", ""c_sequence"": """", ""c_text_title"": ""[n/a]"", ""orig_personid"": ""32540"", ""orig_assoc_id"": ""36130"", ""cbdb_assoc_code"": ""438""}, {""source_table"": ""ASSOC_DATA"", ""c_source"": ""40303"", ""c_pages"": ""215"", ""c_sequence"": """", ""c_text_title"": ""[n/a]"", ""orig_personid"": ""36130"", ""orig_assoc_id"": ""32540"", ""cbdb_assoc_code"": ""437""}]",1
36130,32985,SOCIAL,SO_GIFT_POETRY,收到Y的贈詩、文,directed,,,0.5,primary,唐五代人交往詩索引,438,P,2,"[{""source_table"": ""ASSOC_DATA"", ""c_source"": ""40303"", ""c_pages"": ""216"", ""c_sequence"": """", ""c_text_title"": ""[n/a]"", ""orig_personid"": ""32985"", ""orig_assoc_id"": ""36130"", ""cbdb_assoc_code"": ""438""}, {""source_table"": ""ASSOC_DATA"", ""c_source"": ""40303"", ""c_pages"": ""216"", ""c_sequence"": """", ""c_text_title"": ""[n/a]"", ""orig_personid"": ""36130"", ""orig_assoc_id"": ""32985"", ""cbdb_assoc_code"": ""437""}]",1
36130,94160,SOCIAL,SO_GIFT_POETRY,贈詩、文,directed,,,0.5,primary,唐五代人交往詩索引,437,A,2,"[{""source_table"": ""ASSOC_DATA"", ""c_source"": ""40303"", ""c_pages"": ""216"", ""c_sequence"": """", ""c_text_title"": ""[n/a]"", ""orig_personid"": ""36130"", ""orig_assoc_id"": ""94160"", ""cbdb_assoc_code"": ""437""}, {""source_table"": ""ASSOC_DATA"", ""c_source"": ""40303"", ""c_pages"": ""216"", ""c_sequence"": """", ""c_text_title"": ""[n/a]"", ""orig_personid"": ""94160"", ""orig_assoc_id"": ""36130"", ""cbdb_assoc_code"": ""438""}]",1
91931,19241,SOCIAL,SO_GIFT_POETRY,收到Y的贈詩、文,directed,,,0.5,primary,唐五代人交往詩索引,438,P,2,"[{""source_table"": ""ASSOC_DATA"", ""c_source"": ""40303"", ""c_pages"": ""399"", ""c_sequence"": """", ""c_text_title"": ""[n/a]"", ""orig_personid"": ""19241"", ""orig_assoc_id"": ""91931"", ""cbdb_assoc_code"": ""438""}, {""source_table"": ""ASSOC_DATA"", ""c_source"": ""40303"", ""c_pages"": ""399"", ""c_sequence"": """", ""c_text_title"": ""[n/a]"", ""orig_personid"": ""91931"", ""orig_assoc_id"": ""19241"", ""cbdb_assoc_code"": ""437""}]",1
91975,30851,SOCIAL,SO_GIFT_POETRY,收到Y的贈詩、文,directed,,,0.5,primary,唐五代人交往詩索引,438,P,2,"[{""source_table"": ""ASSOC_DATA"", ""c_source"": ""40303"", ""c_pages"": ""127"", ""c_sequence"": """", ""c_text_title"": ""[n/a]"", ""orig_personid"": ""30851"", ""orig_assoc_id"": ""91975"", ""cbdb_assoc_code"": ""438""}, {""source_table"": ""ASSOC_DATA"", ""c_source"": ""40303"", ""c_pages"": ""127"", ""c_sequence"": """", ""c_text_title"": ""[n/a]"", ""orig_personid"": ""91975"", ""orig_assoc_id"": ""30851"", ""cbdb_assoc_code"": ""437""}]",1
91975,92035,SOCIAL,SO_GIFT_POETRY,贈詩、文,directed,,,0.5,primary,唐五代人交往詩索引,437,A,2,"[{""source_table"": ""ASSOC_DATA"", ""c_source"": ""40303"", ""c_pages"": ""127"", ""c_sequence"": """", ""c_text_title"": ""[n/a]"", ""orig_personid"": ""91975"", ""orig_assoc_id"": ""92035"", ""cbdb_assoc_code"": ""437""}, {""source_table"": ""ASSOC_DATA"", ""c_source"": ""40303"", ""c_pages"": ""127"", ""c_sequence"": """", ""c_text_title"": ""[n/a]"", ""orig_personid"": ""92035"", ""orig_assoc_id"": ""91975"", ""cbdb_assoc_code"": ""438""}]",1
92035,3130,SOCIAL,SO_GIFT_POETRY,收到Y的贈詩、文,directed,,,0.5,primary,唐五代人交往詩索引,438,P,2,"[{""source_table"": ""ASSOC_DATA"", ""c_source"": ""40303"", ""c_pages"": ""141"", ""c_sequence"": """", ""c_text_title"": ""[n/a]"", ""orig_personid"": ""3130"", ""orig_assoc_id"": ""92035"", ""cbdb_assoc_code"": ""438""}, {""source_table"": ""ASSOC_DATA"", ""c_source"": ""40303"", ""c_pages"": ""141"", ""c_sequence"": """", ""c_text_title"": ""[n/a]"", ""orig_personid"": ""92035"", ""orig_assoc_id"": ""3130"", ""cbdb_assoc_code"": ""437""}]",1
92035,11524,SOCIAL,SO_GIFT_POETRY,收到Y的贈詩、文,directed,,,0.5,primary,唐五代人交往詩索引,438,P,2,"[{""source_table"": ""ASSOC_DATA"", ""c_source"": ""40303"", ""c_pages"": ""144"", ""c_sequence"": """", ""c_text_title"": ""[n/a]"", ""orig_personid"": ""11524"", ""orig_assoc_id"": ""92035"", ""cbdb_assoc_code"": ""438""}, {""source_table"": ""ASSOC_DATA"", ""c_source"": ""40303"", ""c_pages"": ""144"", ""c_sequence"": """", ""c_text_title"": ""[n/a]"", ""orig_personid"": ""92035"", ""orig_assoc_id"": ""11524"", ""cbdb_assoc_code"": ""437""}]",1
92035,19244,SOCIAL,SO_GIFT_POETRY,收到Y的贈詩、文,directed,,,0.5,primary,唐五代人交往詩索引,438,P,2,"[{""source_table"": ""ASSOC_DATA"", ""c_source"": ""40303"", ""c_pages"": ""143"", ""c_sequence"": """", ""c_text_title"": ""[n/a]"", ""orig_personid"": ""19244"", ""orig_assoc_id"": ""92035"", ""cbdb_assoc_code"": ""438""}, {""source_table"": ""ASSOC_DATA"", ""c_source"": ""40303"", ""c_pages"": ""143"", ""c_sequence"": """", ""c_text_title"": ""[n/a]"", ""orig_personid"": ""92035"", ""orig_assoc_id"": ""19244"", ""cbdb_assoc_code"": ""437""}]",1
92035,32174,SOCIAL,SO_GIFT_POETRY,收到Y的贈詩、文,directed,,,0.5,primary,唐五代人交往詩索引,438,P,2,"[{""source_table"": ""ASSOC_DATA"", ""c_source"": ""40303"", ""c_pages"": ""141"", ""c_sequence"": """", ""c_text_title"": ""[n/a]"", ""orig_personid"": ""32174"", ""orig_assoc_id"": ""92035"", ""cbdb_assoc_code"": ""438""}, {""source_table"": ""ASSOC_DATA"", ""c_source"": ""40303"", ""c_pages"": ""141"", ""c_sequence"": """", ""c_text_title"": ""[n/a]"", ""orig_personid"": ""92035"", ""orig_assoc_id"": ""32174"", ""cbdb_assoc_code"": ""437""}]",1
92047,24654,SOCIAL,SO_GIFT_POETRY,收到Y的贈詩、文,directed,,,0.5,primary,唐五代人交往詩索引,438,P,2,"[{""source_table"": ""ASSOC_DATA"", ""c_source"": ""40303"", ""c_pages"": ""101"", ""c_sequence"": """", ""c_text_title"": ""[n/a]"", ""orig_personid"": ""24654"", ""orig_assoc_id"": ""92047"", ""cbdb_assoc_code"": ""438""}, {""source_table"": ""ASSOC_DATA"", ""c_source"": ""40303"", ""c_pages"": ""101"", ""c_sequence"": """", ""c_text_title"": ""[n/a]"", ""orig_personid"": ""92047"", ""orig_assoc_id"": ""24654"", ""cbdb_assoc_code"": ""437""}]",1
92047,32534,SOCIAL,SO_GIFT_POETRY,收到Y的贈詩、文,directed,,,0.5,primary,唐五代人交往詩索引,438,P,2,"[{""source_table"": ""ASSOC_DATA"", ""c_source"": ""40303"", ""c_pages"": ""103"", ""c_sequence"": """", ""c_text_title"": ""[n/a]"", ""orig_personid"": ""32534"", ""orig_assoc_id"": ""92047"", ""cbdb_assoc_code"": ""438""}, {""source_table"": ""ASSOC_DATA"", ""c_source"": ""40303"", ""c_pages"": ""103"", ""c_sequence"": """", ""c_text_title"": ""[n/a]"", ""orig_personid"": ""92047"", ""orig_assoc_id"": ""32534"", ""cbdb_assoc_code"": ""437""}]",1
92047,32980,SOCIAL,SO_GIFT_POETRY,收到Y的贈詩、文,directed,,,0.5,primary,唐五代人交往詩索引,438,P,2,"[{""source_table"": ""ASSOC_DATA"", ""c_source"": ""40303"", ""c_pages"": ""105"", ""c_sequence"": """", ""c_text_title"": ""[n/a]"", ""orig_personid"": ""32980"", ""orig_assoc_id"": ""92047"", ""cbdb_assoc_code"": ""438""}, {""source_table"": ""ASSOC_DATA"", ""c_source"": ""40303"", ""c_pages"": ""105"", ""c_sequence"": """", ""c_text_title"": ""[n/a]"", ""orig_personid"": ""92047"", ""orig_assoc_id"": ""32980"", ""cbdb_assoc_code"": ""437""}]",1
92047,93347,SOCIAL,SO_GIFT_POETRY,贈詩、文,directed,,,0.5,primary,唐五代人交往詩索引,437,A,2,"[{""source_table"": ""ASSOC_DATA"", ""c_source"": ""40303"", ""c_pages"": ""102"", ""c_sequence"": """", ""c_text_title"": ""[n/a]"", ""orig_personid"": ""92047"", ""orig_assoc_id"": ""93347"", ""cbdb_assoc_code"": ""437""}, {""source_table"": ""ASSOC_DATA"", ""c_source"": ""40303"", ""c_pages"": ""102"", ""c_sequence"": """", ""c_text_title"": ""[n/a]"", ""orig_personid"": ""93347"", ""orig_assoc_id"": ""92047"", ""cbdb_assoc_code"": ""438""}]",1
92047,93348,SOCIAL,SO_GIFT_POETRY,贈詩、文,directed,,,0.5,primary,唐五代人交往詩索引,437,A,2,"[{""source_table"": ""ASSOC_DATA"", ""c_source"": ""40303"", ""c_pages"": ""102"", ""c_sequence"": """", ""c_text_title"": ""[n/a]"", ""orig_personid"": ""92047"", ""orig_assoc_id"": ""93348"", ""cbdb_assoc_code"": ""437""}, {""source_table"": ""ASSOC_DATA"", ""c_source"": ""40303"", ""c_pages"": ""102"", ""c_sequence"": """", ""c_text_title"": ""[n/a]"", ""orig_personid"": ""93348"", ""orig_assoc_id"": ""92047"", ""cbdb_assoc_code"": ""438""}]",1
92047,93952,SOCIAL,SO_GIFT_POETRY,贈詩、文,directed,,,0.5,primary,唐五代人交往詩索引,437,A,2,"[{""source_table"": ""ASSOC_DATA"", ""c_source"": ""40303"", ""c_pages"": ""101"", ""c_sequence"": """", ""c_text_title"": ""[n/a]"", ""orig_personid"": ""92047"", ""orig_assoc_id"": ""93952"", ""cbdb_assoc_code"": ""437""}, {""source_table"": ""ASSOC_DATA"", ""c_source"": ""40303"", ""c_pages"": ""101"", ""c_sequence"": """", ""c_text_title"": ""[n/a]"", ""orig_personid"": ""93952"", ""orig_assoc_id"": ""92047"", ""cbdb_assoc_code"": ""438""}]",1
92047,94227,SOCIAL,SO_FRIEND,友,undirected,,,0.6,primary,人名權威資料（中央研究院歷史語言研究所）,9,M,2,"[{""source_table"": ""ASSOC_DATA"", ""c_source"": ""9602"", ""c_pages"": ""18538"", ""c_sequence"": """", ""c_text_title"": ""[n/a]"", ""orig_personid"": ""92047"", ""orig_assoc_id"": ""94227"", ""cbdb_assoc_code"": ""9""}, {""source_table"": ""ASSOC_DATA"", ""c_source"": ""9602"", ""c_pages"": ""18538"", ""c_sequence"": """", ""c_text_title"": ""[n/a]"", ""orig_personid"": ""94227"", ""orig_assoc_id"": ""92047"", ""cbdb_assoc_code"": ""9""}]",1
92047,95068,SOCIAL,SO_GIFT_POETRY,贈詩、文,directed,,,0.5,primary,唐五代人交往詩索引,437,A,2,"[{""source_table"": ""ASSOC_DATA"", ""c_source"": ""40303"", ""c_pages"": ""103"", ""c_sequence"": """", ""c_text_title"": ""[n/a]"", ""orig_personid"": ""92047"", ""orig_assoc_id"": ""95068"", ""cbdb_assoc_code"": ""437""}, {""source_table"": ""ASSOC_DATA"", ""c_source"": ""40303"", ""c_pages"": ""103"", ""c_sequence"": """", ""c_text_title"": ""[n/a]"", ""orig_personid"": ""95068"", ""orig_assoc_id"": ""92047"", ""cbdb_assoc_code"": ""438""}]",1
92047,447419,SOCIAL,SO_GIFT_POETRY,贈詩、文,directed,,,0.5,primary,唐五代人交往詩索引,437,A,2,"[{""source_table"": ""ASSOC_DATA"", ""c_source"": ""40303"", ""c_pages"": ""102"", ""c_sequence"": """", ""c_text_title"": ""[n/a]"", ""orig_personid"": ""92047"", ""orig_assoc_id"": ""447419"", ""cbdb_assoc_code"": ""437""}, {""source_table"": ""ASSOC_DATA"", ""c_source"": ""40303"", ""c_pages"": ""102"", ""c_sequence"": """", ""c_text_title"": ""[n/a]"", ""orig_personid"": ""447419"", ""orig_assoc_id"": ""92047"", ""cbdb_assoc_code"": ""438""}]",1
92147,13575,SOCIAL,SO_GIFT_POETRY,收到Y的贈詩、文,directed,,,0.5,primary,唐五代人交往詩索引,438,P,2,"[{""source_table"": ""ASSOC_DATA"", ""c_source"": ""40303"", ""c_pages"": ""1437"", ""c_sequence"": """", ""c_text_title"": ""[n/a]"", ""orig_personid"": ""13575"", ""orig_assoc_id"": ""92147"", ""cbdb_assoc_code"": ""438""}, {""source_table"": ""ASSOC_DATA"", ""c_source"": ""40303"", ""c_pages"": ""1437"", ""c_sequence"": """", ""c_text_title"": ""[n/a]"", ""orig_personid"": ""92147"", ""orig_assoc_id"": ""13575"", ""cbdb_assoc_code"": ""437""}]",1
92147,33485,SOCIAL,SO_GIFT_POETRY,收到Y的贈詩、文,directed,,,0.5,primary,唐五代人交往詩索引,438,P,2,"[{""source_table"": ""ASSOC_DATA"", ""c_source"": ""40303"", ""c_pages"": ""1438"", ""c_sequence"": """", ""c_text_title"": ""[n/a]"", ""orig_personid"": ""33485"", ""orig_assoc_id"": ""92147"", ""cbdb_assoc_code"": ""438""}, {""source_table"": ""ASSOC_DATA"", ""c_source"": ""40303"", ""c_pages"": ""1438"", ""c_sequence"": """", ""c_text_title"": ""[n/a]"", ""orig_personid"": ""92147"", ""orig_assoc_id"": ""33485"", ""cbdb_assoc_code"": ""437""}]",1
92147,94160,SOCIAL,SO_GIFT_POETRY,贈詩、文,directed,,,0.5,primary,唐五代人交往詩索引,437,A,2,"[{""source_table"": ""ASSOC_DATA"", ""c_source"": ""40303"", ""c_pages"": ""1439"", ""c_sequence"": """", ""c_text_title"": ""[n/a]"", ""orig_personid"": ""92147"", ""orig_assoc_id"": ""94160"", ""cbdb_assoc_code"": ""437""}, {""source_table"": ""ASSOC_DATA"", ""c_source"": ""40303"", ""c_pages"": ""1439"", ""c_sequence"": """", ""c_text_title"": ""[n/a]"", ""orig_personid"": ""94160"", ""orig_assoc_id"": ""92147"", ""cbdb_assoc_code"": ""438""}]",1
92147,94227,SOCIAL,SO_GIFT_POETRY,贈詩、文,directed,,,0.5,primary,唐五代人交往詩索引,437,A,2,"[{""source_table"": ""ASSOC_DATA"", ""c_source"": ""40303"", ""c_pages"": ""1437"", ""c_sequence"": """", ""c_text_title"": ""[n/a]"", ""orig_personid"": ""92147"", ""orig_assoc_id"": ""94227"", ""cbdb_assoc_code"": ""437""}, {""source_table"": ""ASSOC_DATA"", ""c_source"": ""40303"", ""c_pages"": ""1437"", ""c_sequence"": """", ""c_text_title"": ""[n/a]"", ""orig_personid"": ""94227"", ""orig_assoc_id"": ""92147"", ""cbdb_assoc_code"": ""438""}]",0
92147,94227,KIN,K_OTHER,從兄,directed,,,0.7,primary,Pers DB / 唐代人物知識ベース,131,KIN,1,"[{""source_table"": ""KIN_DATA"", ""c_source"": ""24309"", ""c_pages"": ""pers00296"", ""c_sequence"": """", ""c_text_title"": """", ""orig_personid"": ""92147"", ""orig_assoc_id"": ""94227"", ""cbdb_assoc_code"": ""131""}]",1
92161,32540,SOCIAL,SO_GIFT_POETRY,收到Y的贈詩、文,directed,,,0.5,primary,唐五代人交往詩索引,438,P,2,"[{""source_table"": ""ASSOC_DATA"", ""c_source"": ""40303"", ""c_pages"": ""962"", ""c_sequence"": """", ""c_text_title"": ""[n/a]"", ""orig_personid"": ""32540"", ""orig_assoc_id"": ""92161"", ""cbdb_assoc_code"": ""438""}, {""source_table"": ""ASSOC_DATA"", ""c_source"": ""40303"", ""c_pages"": ""962"", ""c_sequence"": """", ""c_text_title"": ""[n/a]"", ""orig_personid"": ""92161"", ""orig_assoc_id"": ""32540"", ""cbdb_assoc_code"": ""437""}]",1
92161,32822,KIN,K_OTHER,祖父,directed,,,0.7,primary,Pers DB / 唐代人物知識ベース,62,KIN,1,"[{""source_table"": ""KIN_DATA"", ""c_source"": ""24309"", ""c_pages"": ""pers00313"", ""c_sequence"": """", ""c_text_title"": """", ""orig_personid"": ""92161"", ""orig_assoc_id"": ""32822"", ""cbdb_assoc_code"": ""62""}]",0
92161,34916,SOCIAL,SO_GIFT_POETRY,收到Y的贈詩、文,directed,,,0.5,primary,唐五代人交往詩索引,438,P,2,"[{""source_table"": ""ASSOC_DATA"", ""c_source"": ""40303"", ""c_pages"": ""963"", ""c_sequence"": """", ""c_text_title"": ""[n/a]"", ""orig_personid"": ""34916"", ""orig_assoc_id"": ""92161"", ""cbdb_assoc_code"": ""438""}, {""source_table"": ""ASSOC_DATA"", ""c_source"": ""40303"", ""c_pages"": ""963"", ""c_sequence"": """", ""c_text_title"": ""[n/a]"", ""orig_personid"": ""92161"", ""orig_assoc_id"": ""34916"", ""cbdb_assoc_code"": ""437""}]",1
92161,92673,SOCIAL,SO_GIFT_POETRY,贈詩、文,directed,,,0.5,primary,唐五代人交往詩索引,437,A,2,"[{""source_table"": ""ASSOC_DATA"", ""c_source"": ""40303"", ""c_pages"": ""964"", ""c_sequence"": """", ""c_text_title"": ""[n/a]"", ""orig_personid"": ""92161"", ""orig_assoc_id"": ""92673"", ""cbdb_assoc_code"": ""437""}, {""source_table"": ""ASSOC_DATA"", ""c_source"": ""40303"", ""c_pages"": ""964"", ""c_sequence"": """", ""c_text_title"": ""[n/a]"", ""orig_personid"": ""92673"", ""orig_assoc_id"": ""92161"", ""cbdb_assoc_code"": ""438""}]",1
92161,92743,SOCIAL,SO_GIFT_POETRY,贈詩、文,directed,,,0.5,primary,唐五代人交往詩索引,437,A,2,"[{""source_table"": ""ASSOC_DATA"", ""c_source"": ""40303"", ""c_pages"": ""960"", ""c_sequence"": """", ""c_text_title"": ""[n/a]"", ""orig_personid"": ""92161"", ""orig_assoc_id"": ""92743"", ""cbdb_assoc_code"": ""437""}, {""source_table"": ""ASSOC_DATA"", ""c_source"": ""40303"", ""c_pages"": ""960"", ""c_sequence"": """", ""c_text_title"": ""[n/a]"", ""orig_personid"": ""92743"", ""orig_assoc_id"": ""92161"", ""cbdb_assoc_code"": ""438""}]",1
92161,93832,SOCIAL,SO_GIFT_POETRY,贈詩、文,directed,,,0.5,primary,唐五代人交往詩索引,437,A,2,"[{""source_table"": ""ASSOC_DATA"", ""c_source"": ""40303"", ""c_pages"": ""964"", ""c_sequence"": """", ""c_text_title"": ""[n/a]"", ""orig_personid"": ""92161"", ""orig_assoc_id"": ""93832"", ""cbdb_assoc_code"": ""437""}, {""source_table"": ""ASSOC_DATA"", ""c_source"": ""40303"", ""c_pages"": ""964"", ""c_sequence"": """", ""c_text_title"": ""[n/a]"", ""orig_personid"": ""93832"", ""orig_assoc_id"": ""92161"", ""cbdb_assoc_code"": ""438""}]",1
92161,95071,SOCIAL,SO_GIFT_POETRY,贈詩、文,directed,,,0.5,primary,唐五代人交往詩索引,437,A,2,"[{""source_table"": ""ASSOC_DATA"", ""c_source"": ""40303"", ""c_pages"": ""963"", ""c_sequence"": """", ""c_text_title"": ""[n/a]"", ""orig_personid"": ""92161"", ""orig_assoc_id"": ""95071"", ""cbdb_assoc_code"": ""437""}, {""source_table"": ""ASSOC_DATA"", ""c_source"": ""40303"", ""c_pages"": ""963"", ""c_sequence"": """", ""c_text_title"": ""[n/a]"", ""orig_personid"": ""95071"", ""orig_assoc_id"": ""92161"", ""cbdb_assoc_code"": ""438""}]",1
92452,32540,POLITICAL,PO_ADMIRE,被Y欣賞/器重,directed,,,0.5,primary,李太白全集,17,P,2,"[{""source_table"": ""ASSOC_DATA"", ""c_source"": ""25640"", ""c_pages"": """", ""c_sequence"": ""1"", ""c_text_title"": ""[n/a]"", ""orig_personid"": ""32540"", ""orig_assoc_id"": ""92452"", ""cbdb_assoc_code"": ""17""}, {""source_table"": ""ASSOC_DATA"", ""c_source"": ""25640"", ""c_pages"": """", ""c_sequence"": ""1"", ""c_text_title"": ""[n/a]"", ""orig_personid"": ""92452"", ""orig_assoc_id"": ""32540"", ""cbdb_assoc_code"": ""18""}]",1
92516,3605,SOCIAL,SO_GIFT_POETRY,收到Y的贈詩、文,directed,,,0.5,primary,唐五代人交往詩索引,438,P,2,"[{""source_table"": ""ASSOC_DATA"", ""c_source"": ""40303"", ""c_pages"": ""1239"", ""c_sequence"": """", ""c_text_title"": ""[n/a]"", ""orig_personid"": ""3605"", ""orig_assoc_id"": ""92516"", ""cbdb_assoc_code"": ""438""}, {""source_table"": ""ASSOC_DATA"", ""c_source"": ""40303"", ""c_pages"": ""1239"", ""c_sequence"": """", ""c_text_title"": ""[n/a]"", ""orig_personid"": ""92516"", ""orig_assoc_id"": ""3605"", ""cbdb_assoc_code"": ""437""}]",1
92516,24654,SOCIAL,SO_GIFT_POETRY,收到Y的贈詩、文,directed,,,0.5,primary,唐五代人交往詩索引,438,P,2,"[{""source_table"": ""ASSOC_DATA"", ""c_source"": ""40303"", ""c_pages"": ""1237"", ""c_sequence"": """", ""c_text_title"": ""[n/a]"", ""orig_personid"": ""24654"", ""orig_assoc_id"": ""92516"", ""cbdb_assoc_code"": ""438""}, {""source_table"": ""ASSOC_DATA"", ""c_source"": ""40303"", ""c_pages"": ""1237"", ""c_sequence"": """", ""c_text_title"": ""[n/a]"", ""orig_personid"": ""92516"", ""orig_assoc_id"": ""24654"", ""cbdb_assoc_code"": ""437""}]",1
92516,91931,SOCIAL,SO_GIFT_POETRY,收到Y的贈詩、文,directed,,,0.5,primary,唐五代人交往詩索引,438,P,2,"[{""source_table"": ""ASSOC_DATA"", ""c_source"": ""40303"", ""c_pages"": ""1237"", ""c_sequence"": """", ""c_text_title"": ""[n/a]"", ""orig_personid"": ""91931"", ""orig_assoc_id"": ""92516"", ""cbdb_assoc_code"": ""438""}, {""source_table"": ""ASSOC_DATA"", ""c_source"": ""40303"", ""c_pages"": ""1237"", ""c_sequence"": """", ""c_text_title"": ""[n/a]"", ""orig_personid"": ""92516"", ""orig_assoc_id"": ""91931"", ""cbdb_assoc_code"": ""437""}]",1
92673,13575,SOCIAL,SO_GIFT_POETRY,收到Y的贈詩、文,directed,,,0.5,primary,唐五代人交往詩索引,438,P,2,"[{""source_table"": ""ASSOC_DATA"", ""c_source"": ""40303"", ""c_pages"": ""1317"", ""c_sequence"": """", ""c_text_title"": ""[n/a]"", ""orig_personid"": ""13575"", ""orig_assoc_id"": ""92673"", ""cbdb_assoc_code"": ""438""}, {""source_table"": ""ASSOC_DATA"", ""c_source"": ""40303"", ""c_pages"": ""1317"", ""c_sequence"": """", ""c_text_title"": ""[n/a]"", ""orig_personid"": ""92673"", ""orig_assoc_id"": ""13575"", ""cbdb_assoc_code"": ""437""}]",1
92673,92147,SOCIAL,SO_GIFT_POETRY,收到Y的贈詩、文,directed,,,0.5,primary,唐五代人交往詩索引,438,P,2,"[{""source_table"": ""ASSOC_DATA"", ""c_source"": ""40303"", ""c_pages"": ""1319"", ""c_sequence"": """", ""c_text_title"": ""[n/a]"", ""orig_personid"": ""92147"", ""orig_assoc_id"": ""92673"", ""cbdb_assoc_code"": ""438""}, {""source_table"": ""ASSOC_DATA"", ""c_source"": ""40303"", ""c_pages"": ""1319"", ""c_sequence"": """", ""c_text_title"": ""[n/a]"", ""orig_personid"": ""92673"", ""orig_assoc_id"": ""92147"", ""cbdb_assoc_code"": ""437""}]",1
92673,94160,SOCIAL,SO_GIFT_POETRY,贈詩、文,directed,,,0.5,primary,唐五代人交往詩索引,437,A,2,"[{""source_table"": ""ASSOC_DATA"", ""c_source"": ""40303"", ""c_pages"": ""1318"", ""c_sequence"": """", ""c_text_title"": ""[n/a]"", ""orig_personid"": ""92673"", ""orig_assoc_id"": ""94160"", ""cbdb_assoc_code"": ""437""}, {""source_table"": ""ASSOC_DATA"", ""c_source"": ""40303"", ""c_pages"": ""1318"", ""c_sequence"": """", ""c_text_title"": ""[n/a]"", ""orig_personid"": ""94160"", ""orig_assoc_id"": ""92673"", ""cbdb_assoc_code"": ""438""}]",1
92673,94227,SOCIAL,SO_GIFT_POETRY,贈詩、文,directed,,,0.5,primary,唐五代人交往詩索引,437,A,2,"[{""source_table"": ""ASSOC_DATA"", ""c_source"": ""40303"", ""c_pages"": ""1317"", ""c_sequence"": """", ""c_text_title"": ""[n/a]"", ""orig_personid"": ""92673"", ""orig_assoc_id"": ""94227"", ""cbdb_assoc_code"": ""437""}, {""source_table"": ""ASSOC_DATA"", ""c_source"": ""40303"", ""c_pages"": ""1317"", ""c_sequence"": """", ""c_text_title"": ""[n/a]"", ""orig_personid"": ""94227"", ""orig_assoc_id"": ""92673"", ""cbdb_assoc_code"": ""438""}]",1
92673,94864,SOCIAL,SO_GIFT_POETRY,贈詩、文,directed,,,0.5,primary,唐五代人交往詩索引,437,A,2,"[{""source_table"": ""ASSOC_DATA"", ""c_source"": ""40303"", ""c_pages"": ""1316"", ""c_sequence"": """", ""c_text_title"": ""[n/a]"", ""orig_personid"": ""92673"", ""orig_assoc_id"": ""94864"", ""cbdb_assoc_code"": ""437""}, {""source_table"": ""ASSOC_DATA"", ""c_source"": ""40303"", ""c_pages"": ""1316"", ""c_sequence"": """", ""c_text_title"": ""[n/a]"", ""orig_personid"": ""94864"", ""orig_assoc_id"": ""92673"", ""cbdb_assoc_code"": ""438""}]",1
92673,447419,SOCIAL,SO_GIFT_POETRY,贈詩、文,directed,,,0.5,primary,唐五代人交往詩索引,437,A,2,"[{""source_table"": ""ASSOC_DATA"", ""c_source"": ""40303"", ""c_pages"": ""1317"", ""c_sequence"": """", ""c_text_title"": ""[n/a]"", ""orig_personid"": ""92673"", ""orig_assoc_id"": ""447419"", ""cbdb_assoc_code"": ""437""}, {""source_table"": ""ASSOC_DATA"", ""c_source"": ""40303"", ""c_pages"": ""1317"", ""c_sequence"": """", ""c_text_title"": ""[n/a]"", ""orig_personid"": ""447419"", ""orig_assoc_id"": ""92673"", ""cbdb_assoc_code"": ""438""}]",1
92743,32227,SOCIAL,SO_GIFT_POETRY,收到Y的贈詩、文,directed,,,0.5,primary,唐五代人交往詩索引,438,P,2,"[{""source_table"": ""ASSOC_DATA"", ""c_source"": ""40303"", ""c_pages"": ""81"", ""c_sequence"": """", ""c_text_title"": ""[n/a]"", ""orig_personid"": ""32227"", ""orig_assoc_id"": ""92743"", ""cbdb_assoc_code"": ""438""}, {""source_table"": ""ASSOC_DATA"", ""c_source"": ""40303"", ""c_pages"": ""81"", ""c_sequence"": """", ""c_text_title"": ""[n/a]"", ""orig_personid"": ""92743"", ""orig_assoc_id"": ""32227"", ""cbdb_assoc_code"": ""437""}]",1
92743,32540,SOCIAL,SO_GIFT_POETRY,收到Y的贈詩、文,directed,,,0.5,primary,唐五代人交往詩索引,438,P,2,"[{""source_table"": ""ASSOC_DATA"", ""c_source"": ""40303"", ""c_pages"": ""83"", ""c_sequence"": """", ""c_text_title"": ""[n/a]"", ""orig_personid"": ""32540"", ""orig_assoc_id"": ""92743"", ""cbdb_assoc_code"": ""438""}, {""source_table"": ""ASSOC_DATA"", ""c_source"": ""40303"", ""c_pages"": ""83"", ""c_sequence"": """", ""c_text_title"": ""[n/a]"", ""orig_personid"": ""92743"", ""orig_assoc_id"": ""32540"", ""cbdb_assoc_code"": ""437""}]",1
92899,13060,SOCIAL,SO_GIFT_POETRY,收到Y的贈詩、文,directed,,,0.5,primary,唐五代人交往詩索引,438,P,2,"[{""source_table"": ""ASSOC_DATA"", ""c_source"": ""40303"", ""c_pages"": ""766"", ""c_sequence"": """", ""c_text_title"": ""[n/a]"", ""orig_personid"": ""13060"", ""orig_assoc_id"": ""92899"", ""cbdb_assoc_code"": ""438""}, {""source_table"": ""ASSOC_DATA"", ""c_source"": ""40303"", ""c_pages"": ""766"", ""c_sequence"": """", ""c_text_title"": ""[n/a]"", ""orig_personid"": ""92899"", ""orig_assoc_id"": ""13060"", ""cbdb_assoc_code"": ""437""}]",0
92899,31066,SOCIAL,SO_GIFT_POETRY,收到Y的贈詩、文,directed,,,0.5,primary,唐五代人交往詩索引,438,P,2,"[{""source_table"": ""ASSOC_DATA"", ""c_source"": ""40303"", ""c_pages"": ""767"", ""c_sequence"": """", ""c_text_title"": ""[n/a]"", ""orig_personid"": ""31066"", ""orig_assoc_id"": ""92899"", ""cbdb_assoc_code"": ""438""}, {""source_table"": ""ASSOC_DATA"", ""c_source"": ""40303"", ""c_pages"": ""767"", ""c_sequence"": """", ""c_text_title"": ""[n/a]"", ""orig_personid"": ""92899"", ""orig_assoc_id"": ""31066"", ""cbdb_assoc_code"": ""437""}]",1
92982,15161,SOCIAL,SO_GIFT_POETRY,收到Y的贈詩、文,directed,,,0.5,primary,唐五代人交往詩索引,438,P,2,"[{""source_table"": ""ASSOC_DATA"", ""c_source"": ""40303"", ""c_pages"": ""801"", ""c_sequence"": """", ""c_text_title"": ""[n/a]"", ""orig_personid"": ""15161"", ""orig_assoc_id"": ""92982"", ""cbdb_assoc_code"": ""438""}, {""source_table"": ""ASSOC_DATA"", ""c_source"": ""40303"", ""c_pages"": ""801"", ""c_sequence"": """", ""c_text_title"": ""[n/a]"", ""orig_personid"": ""92982"", ""orig_assoc_id"": ""15161"", ""cbdb_assoc_code"": ""437""}]",1
92982,21194,SOCIAL,SO_GIFT_POETRY,收到Y的贈詩、文,directed,,,0.5,primary,唐五代人交往詩索引,438,P,2,"[{""source_table"": ""ASSOC_DATA"", ""c_source"": ""40303"", ""c_pages"": ""801"", ""c_sequence"": """", ""c_text_title"": ""[n/a]"", ""orig_personid"": ""21194"", ""orig_assoc_id"": ""92982"", ""cbdb_assoc_code"": ""438""}, {""source_table"": ""ASSOC_DATA"", ""c_source"": ""40303"", ""c_pages"": ""801"", ""c_sequence"": """", ""c_text_title"": ""[n/a]"", ""orig_personid"": ""92982"", ""orig_assoc_id"": ""21194"", ""cbdb_assoc_code"": ""437""}]",1
92982,32054,SOCIAL,SO_GIFT_POETRY,收到Y的贈詩、文,directed,,,0.5,primary,唐五代人交往詩索引,438,P,2,"[{""source_table"": ""ASSOC_DATA"", ""c_source"": ""40303"", ""c_pages"": ""800"", ""c_sequence"": """", ""c_text_title"": ""[n/a]"", ""orig_personid"": ""32054"", ""orig_assoc_id"": ""92982"", ""cbdb_assoc_code"": ""438""}, {""source_table"": ""ASSOC_DATA"", ""c_source"": ""40303"", ""c_pages"": ""800"", ""c_sequence"": """", ""c_text_title"": ""[n/a]"", ""orig_personid"": ""92982"", ""orig_assoc_id"": ""32054"", ""cbdb_assoc_code"": ""437""}]",1
92982,32227,SOCIAL,SO_GIFT_POETRY,收到Y的贈詩、文,directed,,,0.5,primary,唐五代人交往詩索引,438,P,2,"[{""source_table"": ""ASSOC_DATA"", ""c_source"": ""40303"", ""c_pages"": ""800"", ""c_sequence"": """", ""c_text_title"": ""[n/a]"", ""orig_personid"": ""32227"", ""orig_assoc_id"": ""92982"", ""cbdb_assoc_code"": ""438""}, {""source_table"": ""ASSOC_DATA"", ""c_source"": ""40303"", ""c_pages"": ""800"", ""c_sequence"": """", ""c_text_title"": ""[n/a]"", ""orig_personid"": ""92982"", ""orig_assoc_id"": ""32227"", ""cbdb_assoc_code"": ""437""}]",0
92982,32822,SOCIAL,SO_GIFT_POETRY,收到Y的贈詩、文,directed,,,0.5,primary,唐五代人交往詩索引,438,P,2,"[{""source_table"": ""ASSOC_DATA"", ""c_source"": ""40303"", ""c_pages"": ""801"", ""c_sequence"": """", ""c_text_title"": ""[n/a]"", ""orig_personid"": ""32822"", ""orig_assoc_id"": ""92982"", ""cbdb_assoc_code"": ""438""}, {""source_table"": ""ASSOC_DATA"", ""c_source"": ""40303"", ""c_pages"": ""801"", ""c_sequence"": """", ""c_text_title"": ""[n/a]"", ""orig_personid"": ""92982"", ""orig_assoc_id"": ""32822"", ""cbdb_assoc_code"": ""437""}]",1
92982,32917,SOCIAL,SO_GIFT_POETRY,收到Y的贈詩、文,directed,,,0.5,primary,唐五代人交往詩索引,438,P,2,"[{""source_table"": ""ASSOC_DATA"", ""c_source"": ""40303"", ""c_pages"": ""801"", ""c_sequence"": """", ""c_text_title"": ""[n/a]"", ""orig_personid"": ""32917"", ""orig_assoc_id"": ""92982"", ""cbdb_assoc_code"": ""438""}, {""source_table"": ""ASSOC_DATA"", ""c_source"": ""40303"", ""c_pages"": ""801"", ""c_sequence"": """", ""c_text_title"": ""[n/a]"", ""orig_personid"": ""92982"", ""orig_assoc_id"": ""32917"", ""cbdb_assoc_code"": ""437""}]",1
92982,33606,SOCIAL,SO_GIFT_POETRY,收到Y的贈詩、文,directed,,,0.5,primary,唐五代人交往詩索引,438,P,2,"[{""source_table"": ""ASSOC_DATA"", ""c_source"": ""40303"", ""c_pages"": ""802"", ""c_sequence"": """", ""c_text_title"": ""[n/a]"", ""orig_personid"": ""33606"", ""orig_assoc_id"": ""92982"", ""cbdb_assoc_code"": ""438""}, {""source_table"": ""ASSOC_DATA"", ""c_source"": ""40303"", ""c_pages"": ""802"", ""c_sequence"": """", ""c_text_title"": ""[n/a]"", ""orig_personid"": ""92982"", ""orig_assoc_id"": ""33606"", ""cbdb_assoc_code"": ""437""}]",0
92982,95210,SOCIAL,SO_GIFT_POETRY,贈詩、文,directed,,,0.5,primary,唐五代人交往詩索引,437,A,2,"[{""source_table"": ""ASSOC_DATA"", ""c_source"": ""40303"", ""c_pages"": ""802"", ""c_sequence"": """", ""c_text_title"": ""[n/a]"", ""orig_personid"": ""92982"", ""orig_assoc_id"": ""95210"", ""cbdb_assoc_code"": ""437""}, {""source_table"": ""ASSOC_DATA"", ""c_source"": ""40303"", ""c_pages"": ""802"", ""c_sequence"": """", ""c_text_title"": ""[n/a]"", ""orig_personid"": ""95210"", ""orig_assoc_id"": ""92982"", ""cbdb_assoc_code"": ""438""}]",1
93080,92743,SOCIAL,SO_GIFT_POETRY,收到Y的贈詩、文,directed,,,0.5,primary,唐五代人交往詩索引,438,P,2,"[{""source_table"": ""ASSOC_DATA"", ""c_source"": ""40303"", ""c_pages"": ""780"", ""c_sequence"": """", ""c_text_title"": ""[n/a]"", ""orig_personid"": ""92743"", ""orig_assoc_id"": ""93080"", ""cbdb_assoc_code"": ""438""}, {""source_table"": ""ASSOC_DATA"", ""c_source"": ""40303"", ""c_pages"": ""780"", ""c_sequence"": """", ""c_text_title"": ""[n/a]"", ""orig_personid"": ""93080"", ""orig_assoc_id"": ""92743"", ""cbdb_assoc_code"": ""437""}]",1
93080,94160,KIN,K_AFFINAL,岳父,directed,,,0.7,primary,Pers DB / 唐代人物知識ベース,76,KIN,1,"[{""source_table"": ""KIN_DATA"", ""c_source"": ""24309"", ""c_pages"": ""pers01404"", ""c_sequence"": """", ""c_text_title"": """", ""orig_personid"": ""93080"", ""orig_assoc_id"": ""94160"", ""cbdb_assoc_code"": ""76""}]",1
93080,94227,SOCIAL,SO_GIFT_POETRY,贈詩、文,directed,,,0.5,primary,唐五代人交往詩索引,437,A,2,"[{""source_table"": ""ASSOC_DATA"", ""c_source"": ""40303"", ""c_pages"": ""780"", ""c_sequence"": """", ""c_text_title"": ""[n/a]"", ""orig_personid"": ""93080"", ""orig_assoc_id"": ""94227"", ""cbdb_assoc_code"": ""437""}, {""source_table"": ""ASSOC_DATA"", ""c_source"": ""40303"", ""c_pages"": ""780"", ""c_sequence"": """", ""c_text_title"": ""[n/a]"", ""orig_personid"": ""94227"", ""orig_assoc_id"": ""93080"", ""cbdb_assoc_code"": ""438""}]",1
93246,3702,SOCIAL,SO_GIFT_POETRY,收到Y的贈詩、文,directed,,,0.5,primary,唐五代人交往詩索引,438,P,2,"[{""source_table"": ""ASSOC_DATA"", ""c_source"": ""40303"", ""c_pages"": ""599"", ""c_sequence"": """", ""c_text_title"": ""[n/a]"", ""orig_personid"": ""3702"", ""orig_assoc_id"": ""93246"", ""cbdb_assoc_code"": ""438""}, {""source_table"": ""ASSOC_DATA"", ""c_source"": ""40303"", ""c_pages"": ""599"", ""c_sequence"": """", ""c_text_title"": ""[n/a]"", ""orig_personid"": ""93246"", ""orig_assoc_id"": ""3702"", ""cbdb_assoc_code"": ""437""}]",1
93246,17029,SOCIAL,SO_GIFT_POETRY,收到Y的贈詩、文,directed,,,0.5,primary,唐五代人交往詩索引,438,P,2,"[{""source_table"": ""ASSOC_DATA"", ""c_source"": ""40303"", ""c_pages"": ""598"", ""c_sequence"": """", ""c_text_title"": ""[n/a]"", ""orig_personid"": ""17029"", ""orig_assoc_id"": ""93246"", ""cbdb_assoc_code"": ""438""}, {""source_table"": ""ASSOC_DATA"", ""c_source"": ""40303"", ""c_pages"": ""598"", ""c_sequence"": """", ""c_text_title"": ""[n/a]"", ""orig_personid"": ""93246"", ""orig_assoc_id"": ""17029"", ""cbdb_assoc_code"": ""437""}]",1
93246,32540,LITERARY,LI_STYLE,文風為Y所稱道,directed,,,0.4,primary,禪月集,173,P,2,"[{""source_table"": ""ASSOC_DATA"", ""c_source"": ""26199"", ""c_pages"": """", ""c_sequence"": """", ""c_text_title"": ""禪月集序"", ""orig_personid"": ""32540"", ""orig_assoc_id"": ""93246"", ""cbdb_assoc_code"": ""173""}, {""source_table"": ""ASSOC_DATA"", ""c_source"": ""26199"", ""c_pages"": """", ""c_sequence"": """", ""c_text_title"": ""禪月集序"", ""orig_personid"": ""93246"", ""orig_assoc_id"": ""32540"", ""cbdb_assoc_code"": ""172""}]",1
93246,33649,SOCIAL,SO_GIFT_POETRY,收到Y的贈詩、文,directed,,,0.5,primary,唐五代人交往詩索引,438,P,2,"[{""source_table"": ""ASSOC_DATA"", ""c_source"": ""40303"", ""c_pages"": ""599"", ""c_sequence"": """", ""c_text_title"": ""[n/a]"", ""orig_personid"": ""33649"", ""orig_assoc_id"": ""93246"", ""cbdb_assoc_code"": ""438""}, {""source_table"": ""ASSOC_DATA"", ""c_source"": ""40303"", ""c_pages"": ""599"", ""c_sequence"": """", ""c_text_title"": ""[n/a]"", ""orig_personid"": ""93246"", ""orig_assoc_id"": ""33649"", ""cbdb_assoc_code"": ""437""}]",1
93246,94717,SOCIAL,SO_GIFT_POETRY,贈詩、文,directed,,,0.5,primary,唐五代人交往詩索引,437,A,2,"[{""source_table"": ""ASSOC_DATA"", ""c_source"": ""40303"", ""c_pages"": ""599"", ""c_sequence"": """", ""c_text_title"": ""[n/a]"", ""orig_personid"": ""93246"", ""orig_assoc_id"": ""94717"", ""cbdb_assoc_code"": ""437""}, {""source_table"": ""ASSOC_DATA"", ""c_source"": ""40303"", ""c_pages"": ""599"", ""c_sequence"": """", ""c_text_title"": ""[n/a]"", ""orig_personid"": ""94717"", ""orig_assoc_id"": ""93246"", ""cbdb_assoc_code"": ""438""}]",1
93347,93348,KIN,K_SIBLING,妹,undirected,,,0.9,primary,Pers DB / 唐代人物知識ベース,169,KIN,2,"[{""source_table"": ""KIN_DATA"", ""c_source"": ""24309"", ""c_pages"": ""pers01724"", ""c_sequence"": """", ""c_text_title"": """", ""orig_personid"": ""93347"", ""orig_assoc_id"": ""93348"", ""cbdb_assoc_code"": ""169""}, {""source_table"": ""KIN_DATA"", ""c_source"": ""24309"", ""c_pages"": ""pers01723"", ""c_sequence"": """", ""c_text_title"": """", ""orig_personid"": ""93348"", ""orig_assoc_id"": ""93347"", ""cbdb_assoc_code"": ""164""}]",1
93663,3840,POLITICAL,PO_ADMIRE,被Y欣賞/器重,directed,,,0.5,primary,資治通鑑,17,P,2,"[{""source_table"": ""ASSOC_DATA"", ""c_source"": ""3886"", ""c_pages"": """", ""c_sequence"": """", ""c_text_title"": ""[n/a]"", ""orig_personid"": ""3840"", ""orig_assoc_id"": ""93663"", ""cbdb_assoc_code"": ""17""}, {""source_table"": ""ASSOC_DATA"", ""c_source"": ""3886"", ""c_pages"": """", ""c_sequence"": """", ""c_text_title"": ""[n/a]"", ""orig_personid"": ""93663"", ""orig_assoc_id"": ""3840"", ""cbdb_assoc_code"": ""18""}]",1
93663,13060,KIN,K_AFFINAL,翁;公公;丈夫之父,directed,,,0.7,unsourced,,395,KIN,1,"[{""source_table"": ""KIN_DATA"", ""c_source"": """", ""c_pages"": """", ""c_sequence"": """", ""c_text_title"": """", ""orig_personid"": ""93663"", ""orig_assoc_id"": ""13060"", ""cbdb_assoc_code"": ""395""}]",0
93663,19244,KIN,K_OTHER,孫,directed,,,0.7,unsourced,,243,KIN,1,"[{""source_table"": ""KIN_DATA"", ""c_source"": """", ""c_pages"": """", ""c_sequence"": """", ""c_text_title"": """", ""orig_personid"": ""93663"", ""orig_assoc_id"": ""19244"", ""cbdb_assoc_code"": ""243""}]",0
93663,31322,POLITICAL,PO_ADMIRE,被Y欣賞/器重,directed,,,0.5,primary,舊唐書,17,P,2,"[{""source_table"": ""ASSOC_DATA"", ""c_source"": ""4801"", ""c_pages"": """", ""c_sequence"": """", ""c_text_title"": ""[n/a]"", ""orig_personid"": ""31322"", ""orig_assoc_id"": ""93663"", ""cbdb_assoc_code"": ""17""}, {""source_table"": ""ASSOC_DATA"", ""c_source"": ""4801"", ""c_pages"": """", ""c_sequence"": """", ""c_text_title"": ""[n/a]"", ""orig_personid"": ""93663"", ""orig_assoc_id"": ""31322"", ""cbdb_assoc_code"": ""18""}]",1
93663,31560,LITERARY,LI_PRAISE_POETRY,詩作為Y所稱道,directed,,,0.4,primary,舊唐書,70,P,2,"[{""source_table"": ""ASSOC_DATA"", ""c_source"": ""4801"", ""c_pages"": ""5025"", ""c_sequence"": """", ""c_text_title"": ""[n/a]"", ""orig_personid"": ""31560"", ""orig_assoc_id"": ""93663"", ""cbdb_assoc_code"": ""70""}, {""source_table"": ""ASSOC_DATA"", ""c_source"": ""4801"", ""c_pages"": ""5025"", ""c_sequence"": """", ""c_text_title"": ""[n/a]"", ""orig_personid"": ""93663"", ""orig_assoc_id"": ""31560"", ""cbdb_assoc_code"": ""71""}]",1
93663,91931,POLITICAL,PO_ADMIRE,被Y欣賞/器重,directed,,,0.5,primary,資治通鑑,17,P,2,"[{""source_table"": ""ASSOC_DATA"", ""c_source"": ""3886"", ""c_pages"": """", ""c_sequence"": """", ""c_text_title"": ""[n/a]"", ""orig_personid"": ""91931"", ""orig_assoc_id"": ""93663"", ""cbdb_assoc_code"": ""17""}, {""source_table"": ""ASSOC_DATA"", ""c_source"": ""3886"", ""c_pages"": """", ""c_sequence"": """", ""c_text_title"": ""[n/a]"", ""orig_personid"": ""93663"", ""orig_assoc_id"": ""91931"", ""cbdb_assoc_code"": ""18""}]",1
93785,17029,SOCIAL,SO_GIFT_POETRY,收到Y的贈詩、文,directed,,,0.5,primary,唐五代人交往詩索引,438,P,2,"[{""source_table"": ""ASSOC_DATA"", ""c_source"": ""40303"", ""c_pages"": ""1394"", ""c_sequence"": """", ""c_text_title"": ""[n/a]"", ""orig_personid"": ""17029"", ""orig_assoc_id"": ""93785"", ""cbdb_assoc_code"": ""438""}, {""source_table"": ""ASSOC_DATA"", ""c_source"": ""40303"", ""c_pages"": ""1394"", ""c_sequence"": """", ""c_text_title"": ""[n/a]"", ""orig_personid"": ""93785"", ""orig_assoc_id"": ""17029"", ""cbdb_assoc_code"": ""437""}]",0
93785,94160,SOCIAL,SO_GIFT_POETRY,贈詩、文,directed,,,0.5,primary,唐五代人交往詩索引,437,A,2,"[{""source_table"": ""ASSOC_DATA"", ""c_source"": ""40303"", ""c_pages"": ""1396"", ""c_sequence"": """", ""c_text_title"": ""[n/a]"", ""orig_personid"": ""93785"", ""orig_assoc_id"": ""94160"", ""cbdb_assoc_code"": ""437""}, {""source_table"": ""ASSOC_DATA"", ""c_source"": ""40303"", ""c_pages"": ""1396"", ""c_sequence"": """", ""c_text_title"": ""[n/a]"", ""orig_personid"": ""94160"", ""orig_assoc_id"": ""93785"", ""cbdb_assoc_code"": ""438""}]",1
93785,94227,SOCIAL,SO_GIFT_POETRY,贈詩、文,directed,,,0.5,primary,唐五代人交往詩索引,437,A,2,"[{""source_table"": ""ASSOC_DATA"", ""c_source"": ""40303"", ""c_pages"": ""1394"", ""c_sequence"": """", ""c_text_title"": ""[n/a]"", ""orig_personid"": ""93785"", ""orig_assoc_id"": ""94227"", ""cbdb_assoc_code"": ""437""}, {""source_table"": ""ASSOC_DATA"", ""c_source"": ""40303"", ""c_pages"": ""1394"", ""c_sequence"": """", ""c_text_title"": ""[n/a]"", ""orig_personid"": ""94227"", ""orig_assoc_id"": ""93785"", ""cbdb_assoc_code"": ""438""}]",1
93785,94595,SOCIAL,SO_GIFT_POETRY,贈詩、文,directed,,,0.5,primary,唐五代人交往詩索引,437,A,2,"[{""source_table"": ""ASSOC_DATA"", ""c_source"": ""40303"", ""c_pages"": ""1395"", ""c_sequence"": """", ""c_text_title"": ""[n/a]"", ""orig_personid"": ""93785"", ""orig_assoc_id"": ""94595"", ""cbdb_assoc_code"": ""437""}, {""source_table"": ""ASSOC_DATA"", ""c_source"": ""40303"", ""c_pages"": ""1395"", ""c_sequence"": """", ""c_text_title"": ""[n/a]"", ""orig_personid"": ""94595"", ""orig_assoc_id"": ""93785"", ""cbdb_assoc_code"": ""438""}]",1
93803,447567,SOCIAL,SO_GIFT_POETRY,贈詩、文,directed,,,0.5,primary,唐五代人交往詩索引,437,A,2,"[{""source_table"": ""ASSOC_DATA"", ""c_source"": ""40303"", ""c_pages"": ""620"", ""c_sequence"": """", ""c_text_title"": ""[n/a]"", ""orig_personid"": ""93803"", ""orig_assoc_id"": ""447567"", ""cbdb_assoc_code"": ""437""}, {""source_table"": ""ASSOC_DATA"", ""c_source"": ""40303"", ""c_pages"": ""620"", ""c_sequence"": """", ""c_text_title"": ""[n/a]"", ""orig_personid"": ""447567"", ""orig_assoc_id"": ""93803"", ""cbdb_assoc_code"": ""438""}]",1
93832,3915,SOCIAL,SO_GIFT_POETRY,收到Y的贈詩、文,directed,,,0.5,primary,唐五代人交往詩索引,438,P,2,"[{""source_table"": ""ASSOC_DATA"", ""c_source"": ""40303"", ""c_pages"": ""1484"", ""c_sequence"": """", ""c_text_title"": ""[n/a]"", ""orig_personid"": ""3915"", ""orig_assoc_id"": ""93832"", ""cbdb_assoc_code"": ""438""}, {""source_table"": ""ASSOC_DATA"", ""c_source"": ""40303"", ""c_pages"": ""1484"", ""c_sequence"": """", ""c_text_title"": ""[n/a]"", ""orig_personid"": ""93832"", ""orig_assoc_id"": ""3915"", ""cbdb_assoc_code"": ""437""}]",1
93832,17029,SOCIAL,SO_GIFT_POETRY,收到Y的贈詩、文,directed,,,0.5,primary,唐五代人交往詩索引,438,P,2,"[{""source_table"": ""ASSOC_DATA"", ""c_source"": ""40303"", ""c_pages"": ""1480"", ""c_sequence"": """", ""c_text_title"": ""[n/a]"", ""orig_personid"": ""17029"", ""orig_assoc_id"": ""93832"", ""cbdb_assoc_code"": ""438""}, {""source_table"": ""ASSOC_DATA"", ""c_source"": ""40303"", ""c_pages"": ""1480"", ""c_sequence"": """", ""c_text_title"": ""[n/a]"", ""orig_personid"": ""93832"", ""orig_assoc_id"": ""17029"", ""cbdb_assoc_code"": ""437""}]",1
93832,32540,SOCIAL,SO_GIFT_POETRY,收到Y的贈詩、文,directed,,,0.5,primary,唐五代人交往詩索引,438,P,2,"[{""source_table"": ""ASSOC_DATA"", ""c_source"": ""40303"", ""c_pages"": ""1483"", ""c_sequence"": """", ""c_text_title"": ""[n/a]"", ""orig_personid"": ""32540"", ""orig_assoc_id"": ""93832"", ""cbdb_assoc_code"": ""438""}, {""source_table"": ""ASSOC_DATA"", ""c_source"": ""40303"", ""c_pages"": ""1483"", ""c_sequence"": """", ""c_text_title"": ""[n/a]"", ""orig_personid"": ""93832"", ""orig_assoc_id"": ""32540"", ""cbdb_assoc_code"": ""437""}]",1
93832,93080,SOCIAL,SO_GIFT_POETRY,收到Y的贈詩、文,directed,,,0.5,primary,唐五代人交往詩索引,438,P,2,"[{""source_table"": ""ASSOC_DATA"", ""c_source"": ""40303"", ""c_pages"": ""1483"", ""c_sequence"": """", ""c_text_title"": ""[n/a]"", ""orig_personid"": ""93080"", ""orig_assoc_id"": ""93832"", ""cbdb_assoc_code"": ""438""}, {""source_table"": ""ASSOC_DATA"", ""c_source"": ""40303"", ""c_pages"": ""1483"", ""c_sequence"": """", ""c_text_title"": ""[n/a]"", ""orig_personid"": ""93832"", ""orig_assoc_id"": ""93080"", ""cbdb_assoc_code"": ""437""}]",1
93832,94227,SOCIAL,SO_GIFT_POETRY,贈詩、文,directed,,,0.5,primary,唐五代人交往詩索引,437,A,2,"[{""source_table"": ""ASSOC_DATA"", ""c_source"": ""40303"", ""c_pages"": ""1481"", ""c_sequence"": """", ""c_text_title"": ""[n/a]"", ""orig_personid"": ""93832"", ""orig_assoc_id"": ""94227"", ""cbdb_assoc_code"": ""437""}, {""source_table"": ""ASSOC_DATA"", ""c_source"": ""40303"", ""c_pages"": ""1481"", ""c_sequence"": """", ""c_text_title"": ""[n/a]"", ""orig_personid"": ""94227"", ""orig_assoc_id"": ""93832"", ""cbdb_assoc_code"": ""438""}]",1
93832,95071,SOCIAL,SO_GIFT_POETRY,贈詩、文,directed,,,0.5,primary,唐五代人交往詩索引,437,A,2,"[{""source_table"": ""ASSOC_DATA"", ""c_source"": ""40303"", ""c_pages"": ""1484"", ""c_sequence"": """", ""c_text_title"": ""[n/a]"", ""orig_personid"": ""93832"", ""orig_assoc_id"": ""95071"", ""cbdb_assoc_code"": ""437""}, {""source_table"": ""ASSOC_DATA"", ""c_source"": ""40303"", ""c_pages"": ""1484"", ""c_sequence"": """", ""c_text_title"": ""[n/a]"", ""orig_personid"": ""95071"", ""orig_assoc_id"": ""93832"", ""cbdb_assoc_code"": ""438""}]",1
93952,3332,SOCIAL,SO_GIFT_POETRY,收到Y的贈詩、文,directed,,,0.5,primary,唐五代人交往詩索引,438,P,2,"[{""source_table"": ""ASSOC_DATA"", ""c_source"": ""40303"", ""c_pages"": ""338"", ""c_sequence"": """", ""c_text_title"": ""[n/a]"", ""orig_personid"": ""3332"", ""orig_assoc_id"": ""93952"", ""cbdb_assoc_code"": ""438""}, {""source_table"": ""ASSOC_DATA"", ""c_source"": ""40303"", ""c_pages"": ""338"", ""c_sequence"": """", ""c_text_title"": ""[n/a]"", ""orig_personid"": ""93952"", ""orig_assoc_id"": ""3332"", ""cbdb_assoc_code"": ""437""}]",0
93952,13575,SOCIAL,SO_GIFT_POETRY,收到Y的贈詩、文,directed,,,0.5,primary,唐五代人交往詩索引,438,P,2,"[{""source_table"": ""ASSOC_DATA"", ""c_source"": ""40303"", ""c_pages"": ""331"", ""c_sequence"": """", ""c_text_title"": ""[n/a]"", ""orig_personid"": ""13575"", ""orig_assoc_id"": ""93952"", ""cbdb_assoc_code"": ""438""}, {""source_table"": ""ASSOC_DATA"", ""c_source"": ""40303"", ""c_pages"": ""331"", ""c_sequence"": """", ""c_text_title"": ""[n/a]"", ""orig_personid"": ""93952"", ""orig_assoc_id"": ""13575"", ""cbdb_assoc_code"": ""437""}]",0
93952,22469,SOCIAL,SO_GIFT_POETRY,收到Y的贈詩、文,directed,,,0.5,primary,唐五代人交往詩索引,438,P,2,"[{""source_table"": ""ASSOC_DATA"", ""c_source"": ""40303"", ""c_pages"": ""334"", ""c_sequence"": """", ""c_text_title"": ""[n/a]"", ""orig_personid"": ""22469"", ""orig_assoc_id"": ""93952"", ""cbdb_assoc_code"": ""438""}, {""source_table"": ""ASSOC_DATA"", ""c_source"": ""40303"", ""c_pages"": ""334"", ""c_sequence"": """", ""c_text_title"": ""[n/a]"", ""orig_personid"": ""93952"", ""orig_assoc_id"": ""22469"", ""cbdb_assoc_code"": ""437""}]",0
93952,32822,SOCIAL,SO_GIFT_POETRY,收到Y的贈詩、文,directed,,,0.5,primary,唐五代人交往詩索引,438,P,2,"[{""source_table"": ""ASSOC_DATA"", ""c_source"": ""40303"", ""c_pages"": ""335"", ""c_sequence"": """", ""c_text_title"": ""[n/a]"", ""orig_personid"": ""32822"", ""orig_assoc_id"": ""93952"", ""cbdb_assoc_code"": ""438""}, {""source_table"": ""ASSOC_DATA"", ""c_source"": ""40303"", ""c_pages"": ""335"", ""c_sequence"": """", ""c_text_title"": ""[n/a]"", ""orig_personid"": ""93952"", ""orig_assoc_id"": ""32822"", ""cbdb_assoc_code"": ""437""}]",1
93952,33859,SOCIAL,SO_GIFT_POETRY,收到Y的贈詩、文,directed,,,0.5,primary,唐五代人交往詩索引,438,P,2,"[{""source_table"": ""ASSOC_DATA"", ""c_source"": ""40303"", ""c_pages"": ""337"", ""c_sequence"": """", ""c_text_title"": ""[n/a]"", ""orig_personid"": ""33859"", ""orig_assoc_id"": ""93952"", ""cbdb_assoc_code"": ""438""}, {""source_table"": ""ASSOC_DATA"", ""c_source"": ""40303"", ""c_pages"": ""337"", ""c_sequence"": """", ""c_text_title"": ""[n/a]"", ""orig_personid"": ""93952"", ""orig_assoc_id"": ""33859"", ""cbdb_assoc_code"": ""437""}]",1
93952,94227,SOCIAL,SO_FRIEND,友,undirected,,,0.6,primary,人名權威資料（中央研究院歷史語言研究所）,9,M,2,"[{""source_table"": ""ASSOC_DATA"", ""c_source"": ""9602"", ""c_pages"": ""18538"", ""c_sequence"": """", ""c_text_title"": ""[n/a]"", ""orig_personid"": ""93952"", ""orig_assoc_id"": ""94227"", ""cbdb_assoc_code"": ""9""}, {""source_table"": ""ASSOC_DATA"", ""c_source"": ""9602"", ""c_pages"": ""18538"", ""c_sequence"": """", ""c_text_title"": ""[n/a]"", ""orig_personid"": ""94227"", ""orig_assoc_id"": ""93952"", ""cbdb_assoc_code"": ""9""}]",1
93952,94227,SOCIAL,SO_GIFT_POETRY,贈詩、文,directed,,,0.5,primary,唐五代人交往詩索引,437,A,2,"[{""source_table"": ""ASSOC_DATA"", ""c_source"": ""40303"", ""c_pages"": ""331"", ""c_sequence"": """", ""c_text_title"": ""[n/a]"", ""orig_personid"": ""93952"", ""orig_assoc_id"": ""94227"", ""cbdb_assoc_code"": ""437""}, {""source_table"": ""ASSOC_DATA"", ""c_source"": ""40303"", ""c_pages"": ""331"", ""c_sequence"": """", ""c_text_title"": ""[n/a]"", ""orig_personid"": ""94227"", ""orig_assoc_id"": ""93952"", ""cbdb_assoc_code"": ""438""}]",0
93952,94595,SOCIAL,SO_GIFT_POETRY,贈詩、文,directed,,,0.5,primary,唐五代人交往詩索引,437,A,2,"[{""source_table"": ""ASSOC_DATA"", ""c_source"": ""40303"", ""c_pages"": ""333"", ""c_sequence"": """", ""c_text_title"": ""[n/a]"", ""orig_personid"": ""93952"", ""orig_assoc_id"": ""94595"", ""cbdb_assoc_code"": ""437""}, {""source_table"": ""ASSOC_DATA"", ""c_source"": ""40303"", ""c_pages"": ""333"", ""c_sequence"": """", ""c_text_title"": ""[n/a]"", ""orig_personid"": ""94595"", ""orig_assoc_id"": ""93952"", ""cbdb_assoc_code"": ""438""}]",1
93952,445983,SOCIAL,SO_GIFT_POETRY,贈詩、文,directed,,,0.5,primary,唐五代人交往詩索引,437,A,2,"[{""source_table"": ""ASSOC_DATA"", ""c_source"": ""40303"", ""c_pages"": ""338"", ""c_sequence"": """", ""c_text_title"": ""[n/a]"", ""orig_personid"": ""93952"", ""orig_assoc_id"": ""445983"", ""cbdb_assoc_code"": ""437""}, {""source_table"": ""ASSOC_DATA"", ""c_source"": ""40303"", ""c_pages"": ""338"", ""c_sequence"": """", ""c_text_title"": ""[n/a]"", ""orig_personid"": ""445983"", ""orig_assoc_id"": ""93952"", ""cbdb_assoc_code"": ""438""}]",1
93956,3130,SOCIAL,SO_GIFT_POETRY,收到Y的贈詩、文,directed,,,0.5,primary,唐五代人交往詩索引,438,P,2,"[{""source_table"": ""ASSOC_DATA"", ""c_source"": ""40303"", ""c_pages"": ""344"", ""c_sequence"": """", ""c_text_title"": ""[n/a]"", ""orig_personid"": ""3130"", ""orig_assoc_id"": ""93956"", ""cbdb_assoc_code"": ""438""}, {""source_table"": ""ASSOC_DATA"", ""c_source"": ""40303"", ""c_pages"": ""344"", ""c_sequence"": """", ""c_text_title"": ""[n/a]"", ""orig_personid"": ""93956"", ""orig_assoc_id"": ""3130"", ""cbdb_assoc_code"": ""437""}]",1
93956,26935,SOCIAL,SO_GIFT_POETRY,收到Y的贈詩、文,directed,,,0.5,primary,唐五代人交往詩索引,438,P,2,"[{""source_table"": ""ASSOC_DATA"", ""c_source"": ""40303"", ""c_pages"": ""348"", ""c_sequence"": """", ""c_text_title"": ""[n/a]"", ""orig_personid"": ""26935"", ""orig_assoc_id"": ""93956"", ""cbdb_assoc_code"": ""438""}, {""source_table"": ""ASSOC_DATA"", ""c_source"": ""40303"", ""c_pages"": ""348"", ""c_sequence"": """", ""c_text_title"": ""[n/a]"", ""orig_personid"": ""93956"", ""orig_assoc_id"": ""26935"", ""cbdb_assoc_code"": ""437""}]",1
93956,31407,SOCIAL,SO_GIFT_POETRY,收到Y的贈詩、文,directed,,,0.5,primary,唐五代人交往詩索引,438,P,2,"[{""source_table"": ""ASSOC_DATA"", ""c_source"": ""40303"", ""c_pages"": ""343"", ""c_sequence"": """", ""c_text_title"": ""[n/a]"", ""orig_personid"": ""31407"", ""orig_assoc_id"": ""93956"", ""cbdb_assoc_code"": ""438""}, {""source_table"": ""ASSOC_DATA"", ""c_source"": ""40303"", ""c_pages"": ""343"", ""c_sequence"": """", ""c_text_title"": ""[n/a]"", ""orig_personid"": ""93956"", ""orig_assoc_id"": ""31407"", ""cbdb_assoc_code"": ""437""}]",1
93956,32174,SOCIAL,SO_GIFT_POETRY,收到Y的贈詩、文,directed,,,0.5,primary,唐五代人交往詩索引,438,P,2,"[{""source_table"": ""ASSOC_DATA"", ""c_source"": ""40303"", ""c_pages"": ""342"", ""c_sequence"": """", ""c_text_title"": ""[n/a]"", ""orig_personid"": ""32174"", ""orig_assoc_id"": ""93956"", ""cbdb_assoc_code"": ""438""}, {""source_table"": ""ASSOC_DATA"", ""c_source"": ""40303"", ""c_pages"": ""342"", ""c_sequence"": """", ""c_text_title"": ""[n/a]"", ""orig_personid"": ""93956"", ""orig_assoc_id"": ""32174"", ""cbdb_assoc_code"": ""437""}]",0
93956,92035,SOCIAL,SO_GIFT_POETRY,收到Y的贈詩、文,directed,,,0.5,primary,唐五代人交往詩索引,438,P,2,"[{""source_table"": ""ASSOC_DATA"", ""c_source"": ""40303"", ""c_pages"": ""342"", ""c_sequence"": """", ""c_text_title"": ""[n/a]"", ""orig_personid"": ""92035"", ""orig_assoc_id"": ""93956"", ""cbdb_assoc_code"": ""438""}, {""source_table"": ""ASSOC_DATA"", ""c_source"": ""40303"", ""c_pages"": ""342"", ""c_sequence"": """", ""c_text_title"": ""[n/a]"", ""orig_personid"": ""93956"", ""orig_assoc_id"": ""92035"", ""cbdb_assoc_code"": ""437""}]",1
93956,93952,SOCIAL,SO_GIFT_POETRY,收到Y的贈詩、文,directed,,,0.5,primary,唐五代人交往詩索引,438,P,2,"[{""source_table"": ""ASSOC_DATA"", ""c_source"": ""40303"", ""c_pages"": ""346"", ""c_sequence"": """", ""c_text_title"": ""[n/a]"", ""orig_personid"": ""93952"", ""orig_assoc_id"": ""93956"", ""cbdb_assoc_code"": ""438""}, {""source_table"": ""ASSOC_DATA"", ""c_source"": ""40303"", ""c_pages"": ""346"", ""c_sequence"": """", ""c_text_title"": ""[n/a]"", ""orig_personid"": ""93956"", ""orig_assoc_id"": ""93952"", ""cbdb_assoc_code"": ""437""}]",1
94116,3332,TEACHER_STUDENT,TS_STUDENT,學生為Y,directed,,,0.8,primary,人名權威資料（中央研究院歷史語言研究所）,23,P,2,"[{""source_table"": ""ASSOC_DATA"", ""c_source"": ""9602"", ""c_pages"": ""18182"", ""c_sequence"": """", ""c_text_title"": ""[n/a]"", ""orig_personid"": ""3332"", ""orig_assoc_id"": ""94116"", ""cbdb_assoc_code"": ""23""}, {""source_table"": ""ASSOC_DATA"", ""c_source"": ""9602"", ""c_pages"": ""18182"", ""c_sequence"": """", ""c_text_title"": ""[n/a]"", ""orig_personid"": ""94116"", ""orig_assoc_id"": ""3332"", ""cbdb_assoc_code"": ""22""}]",1
94116,3605,LITERARY,LI_EULOGY,祭文由Y所作,directed,,,0.4,unsourced,,146,P,2,"[{""source_table"": ""ASSOC_DATA"", ""c_source"": """", ""c_pages"": """", ""c_sequence"": """", ""c_text_title"": ""[n/a]"", ""orig_personid"": ""3605"", ""orig_assoc_id"": ""94116"", ""cbdb_assoc_code"": ""146""}, {""source_table"": ""ASSOC_DATA"", ""c_source"": """", ""c_pages"": """", ""c_sequence"": """", ""c_text_title"": ""[n/a]"", ""orig_personid"": ""94116"", ""orig_assoc_id"": ""3605"", ""cbdb_assoc_code"": ""145""}]",1
94116,32889,SOCIAL,SO_GIFT_POETRY,收到Y的贈詩、文,directed,,,0.5,primary,唐五代人交往詩索引,438,P,2,"[{""source_table"": ""ASSOC_DATA"", ""c_source"": ""40303"", ""c_pages"": ""579"", ""c_sequence"": """", ""c_text_title"": ""[n/a]"", ""orig_personid"": ""32889"", ""orig_assoc_id"": ""94116"", ""cbdb_assoc_code"": ""438""}, {""source_table"": ""ASSOC_DATA"", ""c_source"": ""40303"", ""c_pages"": ""579"", ""c_sequence"": """", ""c_text_title"": ""[n/a]"", ""orig_personid"": ""94116"", ""orig_assoc_id"": ""32889"", ""cbdb_assoc_code"": ""437""}]",1
94160,3332,SOCIAL,SO_GIFT_POETRY,收到Y的贈詩、文,directed,,,0.5,primary,唐五代人交往詩索引,438,P,2,"[{""source_table"": ""ASSOC_DATA"", ""c_source"": ""40303"", ""c_pages"": ""988"", ""c_sequence"": """", ""c_text_title"": ""[n/a]"", ""orig_personid"": ""3332"", ""orig_assoc_id"": ""94160"", ""cbdb_assoc_code"": ""438""}, {""source_table"": ""ASSOC_DATA"", ""c_source"": ""40303"", ""c_pages"": ""988"", ""c_sequence"": """", ""c_text_title"": ""[n/a]"", ""orig_personid"": ""94160"", ""orig_assoc_id"": ""3332"", ""cbdb_assoc_code"": ""437""}]",1
94160,13575,SOCIAL,SO_GIFT_POETRY,收到Y的贈詩、文,directed,,,0.5,primary,唐五代人交往詩索引,438,P,2,"[{""source_table"": ""ASSOC_DATA"", ""c_source"": ""40303"", ""c_pages"": ""983"", ""c_sequence"": """", ""c_text_title"": ""[n/a]"", ""orig_personid"": ""13575"", ""orig_assoc_id"": ""94160"", ""cbdb_assoc_code"": ""438""}, {""source_table"": ""ASSOC_DATA"", ""c_source"": ""40303"", ""c_pages"": ""983"", ""c_sequence"": """", ""c_text_title"": ""[n/a]"", ""orig_personid"": ""94160"", ""orig_assoc_id"": ""13575"", ""cbdb_assoc_code"": ""437""}]",1
94160,15161,SOCIAL,SO_GIFT_POETRY,收到Y的贈詩、文,directed,,,0.5,primary,唐五代人交往詩索引,438,P,2,"[{""source_table"": ""ASSOC_DATA"", ""c_source"": ""40303"", ""c_pages"": ""986"", ""c_sequence"": """", ""c_text_title"": ""[n/a]"", ""orig_personid"": ""15161"", ""orig_assoc_id"": ""94160"", ""cbdb_assoc_code"": ""438""}, {""source_table"": ""ASSOC_DATA"", ""c_source"": ""40303"", ""c_pages"": ""986"", ""c_sequence"": """", ""c_text_title"": ""[n/a]"", ""orig_personid"": ""94160"", ""orig_assoc_id"": ""15161"", ""cbdb_assoc_code"": ""437""}]",1
94160,26935,KIN,K_OTHER,祖父,directed,,,0.7,primary,Pers DB / 唐代人物知識ベース,62,KIN,1,"[{""source_table"": ""KIN_DATA"", ""c_source"": ""24309"", ""c_pages"": ""pers02660"", ""c_sequence"": """", ""c_text_title"": """", ""orig_personid"": ""94160"", ""orig_assoc_id"": ""26935"", ""cbdb_assoc_code"": ""62""}]",0
94160,32227,SOCIAL,SO_GIFT_POETRY,收到Y的贈詩、文,directed,,,0.5,primary,唐五代人交往詩索引,438,P,2,"[{""source_table"": ""ASSOC_DATA"", ""c_source"": ""40303"", ""c_pages"": ""985"", ""c_sequence"": """", ""c_text_title"": ""[n/a]"", ""orig_personid"": ""32227"", ""orig_assoc_id"": ""94160"", ""cbdb_assoc_code"": ""438""}, {""source_table"": ""ASSOC_DATA"", ""c_source"": ""40303"", ""c_pages"": ""985"", ""c_sequence"": """", ""c_text_title"": ""[n/a]"", ""orig_personid"": ""94160"", ""orig_assoc_id"": ""32227"", ""cbdb_assoc_code"": ""437""}]",1
94160,32980,SOCIAL,SO_GIFT_POETRY,收到Y的贈詩、文,directed,,,0.5,primary,唐五代人交往詩索引,438,P,2,"[{""source_table"": ""ASSOC_DATA"", ""c_source"": ""40303"", ""c_pages"": ""991"", ""c_sequence"": """", ""c_text_title"": ""[n/a]"", ""orig_personid"": ""32980"", ""orig_assoc_id"": ""94160"", ""cbdb_assoc_code"": ""438""}, {""source_table"": ""ASSOC_DATA"", ""c_source"": ""40303"", ""c_pages"": ""991"", ""c_sequence"": """", ""c_text_title"": ""[n/a]"", ""orig_personid"": ""94160"", ""orig_assoc_id"": ""32980"", ""cbdb_assoc_code"": ""437""}]",1
94160,33649,SOCIAL,SO_GIFT_POETRY,收到Y的贈詩、文,directed,,,0.5,primary,唐五代人交往詩索引,438,P,2,"[{""source_table"": ""ASSOC_DATA"", ""c_source"": ""40303"", ""c_pages"": ""990"", ""c_sequence"": """", ""c_text_title"": ""[n/a]"", ""orig_personid"": ""33649"", ""orig_assoc_id"": ""94160"", ""cbdb_assoc_code"": ""438""}, {""source_table"": ""ASSOC_DATA"", ""c_source"": ""40303"", ""c_pages"": ""990"", ""c_sequence"": """", ""c_text_title"": ""[n/a]"", ""orig_personid"": ""94160"", ""orig_assoc_id"": ""33649"", ""cbdb_assoc_code"": ""437""}]",1
94160,92047,SOCIAL,SO_GIFT_POETRY,收到Y的贈詩、文,directed,,,0.5,primary,唐五代人交往詩索引,438,P,2,"[{""source_table"": ""ASSOC_DATA"", ""c_source"": ""40303"", ""c_pages"": ""981"", ""c_sequence"": """", ""c_text_title"": ""[n/a]"", ""orig_personid"": ""92047"", ""orig_assoc_id"": ""94160"", ""cbdb_assoc_code"": ""438""}, {""source_table"": ""ASSOC_DATA"", ""c_source"": ""40303"", ""c_pages"": ""981"", ""c_sequence"": """", ""c_text_title"": ""[n/a]"", ""orig_personid"": ""94160"", ""orig_assoc_id"": ""92047"", ""cbdb_assoc_code"": ""437""}]",1
94160,92982,SOCIAL,SO_GIFT_POETRY,收到Y的贈詩、文,directed,,,0.5,primary,唐五代人交往詩索引,438,P,2,"[{""source_table"": ""ASSOC_DATA"", ""c_source"": ""40303"", ""c_pages"": ""987"", ""c_sequence"": """", ""c_text_title"": ""[n/a]"", ""orig_personid"": ""92982"", ""orig_assoc_id"": ""94160"", ""cbdb_assoc_code"": ""438""}, {""source_table"": ""ASSOC_DATA"", ""c_source"": ""40303"", ""c_pages"": ""987"", ""c_sequence"": """", ""c_text_title"": ""[n/a]"", ""orig_personid"": ""94160"", ""orig_assoc_id"": ""92982"", ""cbdb_assoc_code"": ""437""}]",1
94160,93080,SOCIAL,SO_GIFT_POETRY,收到Y的贈詩、文,directed,,,0.5,primary,唐五代人交往詩索引,438,P,2,"[{""source_table"": ""ASSOC_DATA"", ""c_source"": ""40303"", ""c_pages"": ""986"", ""c_sequence"": """", ""c_text_title"": ""[n/a]"", ""orig_personid"": ""93080"", ""orig_assoc_id"": ""94160"", ""cbdb_assoc_code"": ""438""}, {""source_table"": ""ASSOC_DATA"", ""c_source"": ""40303"", ""c_pages"": ""986"", ""c_sequence"": """", ""c_text_title"": ""[n/a]"", ""orig_personid"": ""94160"", ""orig_assoc_id"": ""93080"", ""cbdb_assoc_code"": ""437""}]",0
94160,93080,KIN,K_AFFINAL,女婿,directed,,,0.7,primary,Pers DB / 唐代人物知識ベース,181,KIN,1,"[{""source_table"": ""KIN_DATA"", ""c_source"": ""24309"", ""c_pages"": ""pers01404"", ""c_sequence"": """", ""c_text_title"": """", ""orig_personid"": ""94160"", ""orig_assoc_id"": ""93080"", ""cbdb_assoc_code"": ""181""}]",0
94160,94227,SOCIAL,SO_FRIEND,友,undirected,,,0.6,primary,人名權威資料（中央研究院歷史語言研究所）,9,M,2,"[{""source_table"": ""ASSOC_DATA"", ""c_source"": ""9602"", ""c_pages"": ""18538"", ""c_sequence"": """", ""c_text_title"": ""[n/a]"", ""orig_personid"": ""94160"", ""orig_assoc_id"": ""94227"", ""cbdb_assoc_code"": ""9""}, {""source_table"": ""ASSOC_DATA"", ""c_source"": ""9602"", ""c_pages"": ""18538"", ""c_sequence"": """", ""c_text_title"": ""[n/a]"", ""orig_personid"": ""94227"", ""orig_assoc_id"": ""94160"", ""cbdb_assoc_code"": ""9""}]",1
94160,94227,SOCIAL,SO_GIFT_POETRY,贈詩、文,directed,,,0.5,primary,唐五代人交往詩索引,437,A,2,"[{""source_table"": ""ASSOC_DATA"", ""c_source"": ""40303"", ""c_pages"": ""982"", ""c_sequence"": """", ""c_text_title"": ""[n/a]"", ""orig_personid"": ""94160"", ""orig_assoc_id"": ""94227"", ""cbdb_assoc_code"": ""437""}, {""source_table"": ""ASSOC_DATA"", ""c_source"": ""40303"", ""c_pages"": ""982"", ""c_sequence"": """", ""c_text_title"": ""[n/a]"", ""orig_personid"": ""94227"", ""orig_assoc_id"": ""94160"", ""cbdb_assoc_code"": ""438""}]",0
94160,94864,SOCIAL,SO_GIFT_POETRY,贈詩、文,directed,,,0.5,primary,唐五代人交往詩索引,437,A,2,"[{""source_table"": ""ASSOC_DATA"", ""c_source"": ""40303"", ""c_pages"": ""981"", ""c_sequence"": """", ""c_text_title"": ""[n/a]"", ""orig_personid"": ""94160"", ""orig_assoc_id"": ""94864"", ""cbdb_assoc_code"": ""437""}, {""source_table"": ""ASSOC_DATA"", ""c_source"": ""40303"", ""c_pages"": ""981"", ""c_sequence"": """", ""c_text_title"": ""[n/a]"", ""orig_personid"": ""94864"", ""orig_assoc_id"": ""94160"", ""cbdb_assoc_code"": ""438""}]",1
94160,447419,SOCIAL,SO_GIFT_POETRY,贈詩、文,directed,,,0.5,primary,唐五代人交往詩索引,437,A,2,"[{""source_table"": ""ASSOC_DATA"", ""c_source"": ""40303"", ""c_pages"": ""985"", ""c_sequence"": """", ""c_text_title"": ""[n/a]"", ""orig_personid"": ""94160"", ""orig_assoc_id"": ""447419"", ""cbdb_assoc_code"": ""437""}, {""source_table"": ""ASSOC_DATA"", ""c_source"": ""40303"", ""c_pages"": ""985"", ""c_sequence"": """", ""c_text_title"": ""[n/a]"", ""orig_personid"": ""447419"", ""orig_assoc_id"": ""94160"", ""cbdb_assoc_code"": ""438""}]",1
94183,3915,SOCIAL,SO_GIFT_POETRY,收到Y的贈詩、文,directed,,,0.5,primary,唐五代人交往詩索引,438,P,2,"[{""source_table"": ""ASSOC_DATA"", ""c_source"": ""40303"", ""c_pages"": ""1420"", ""c_sequence"": """", ""c_text_title"": ""[n/a]"", ""orig_personid"": ""3915"", ""orig_assoc_id"": ""94183"", ""cbdb_assoc_code"": ""438""}, {""source_table"": ""ASSOC_DATA"", ""c_source"": ""40303"", ""c_pages"": ""1420"", ""c_sequence"": """", ""c_text_title"": ""[n/a]"", ""orig_personid"": ""94183"", ""orig_assoc_id"": ""3915"", ""cbdb_assoc_code"": ""437""}]",1
94183,17029,SOCIAL,SO_GIFT_POETRY,收到Y的贈詩、文,directed,,,0.5,primary,唐五代人交往詩索引,438,P,2,"[{""source_table"": ""ASSOC_DATA"", ""c_source"": ""40303"", ""c_pages"": ""1413"", ""c_sequence"": """", ""c_text_title"": ""[n/a]"", ""orig_personid"": ""17029"", ""orig_assoc_id"": ""94183"", ""cbdb_assoc_code"": ""438""}, {""source_table"": ""ASSOC_DATA"", ""c_source"": ""40303"", ""c_pages"": ""1413"", ""c_sequence"": """", ""c_text_title"": ""[n/a]"", ""orig_personid"": ""94183"", ""orig_assoc_id"": ""17029"", ""cbdb_assoc_code"": ""437""}]",1
94183,19244,SOCIAL,SO_GIFT_POETRY,收到Y的贈詩、文,directed,,,0.5,primary,唐五代人交往詩索引,438,P,2,"[{""source_table"": ""ASSOC_DATA"", ""c_source"": ""40303"", ""c_pages"": ""1418"", ""c_sequence"": """", ""c_text_title"": ""[n/a]"", ""orig_personid"": ""19244"", ""orig_assoc_id"": ""94183"", ""cbdb_assoc_code"": ""438""}, {""source_table"": ""ASSOC_DATA"", ""c_source"": ""40303"", ""c_pages"": ""1418"", ""c_sequence"": """", ""c_text_title"": ""[n/a]"", ""orig_personid"": ""94183"", ""orig_assoc_id"": ""19244"", ""cbdb_assoc_code"": ""437""}]",1
94183,21751,SOCIAL,SO_GIFT_POETRY,收到Y的贈詩、文,directed,,,0.5,primary,唐五代人交往詩索引,438,P,2,"[{""source_table"": ""ASSOC_DATA"", ""c_source"": ""40303"", ""c_pages"": ""1422"", ""c_sequence"": """", ""c_text_title"": ""[n/a]"", ""orig_personid"": ""21751"", ""orig_assoc_id"": ""94183"", ""cbdb_assoc_code"": ""438""}, {""source_table"": ""ASSOC_DATA"", ""c_source"": ""40303"", ""c_pages"": ""1422"", ""c_sequence"": """", ""c_text_title"": ""[n/a]"", ""orig_personid"": ""94183"", ""orig_assoc_id"": ""21751"", ""cbdb_assoc_code"": ""437""}]",1
94183,26935,SOCIAL,SO_GIFT_POETRY,收到Y的贈詩、文,directed,,,0.5,primary,唐五代人交往詩索引,438,P,2,"[{""source_table"": ""ASSOC_DATA"", ""c_source"": ""40303"", ""c_pages"": ""1419"", ""c_sequence"": """", ""c_text_title"": ""[n/a]"", ""orig_personid"": ""26935"", ""orig_assoc_id"": ""94183"", ""cbdb_assoc_code"": ""438""}, {""source_table"": ""ASSOC_DATA"", ""c_source"": ""40303"", ""c_pages"": ""1419"", ""c_sequence"": """", ""c_text_title"": ""[n/a]"", ""orig_personid"": ""94183"", ""orig_assoc_id"": ""26935"", ""cbdb_assoc_code"": ""437""}]",1
94183,33649,SOCIAL,SO_GIFT_POETRY,收到Y的贈詩、文,directed,,,0.5,primary,唐五代人交往詩索引,438,P,2,"[{""source_table"": ""ASSOC_DATA"", ""c_source"": ""40303"", ""c_pages"": ""1421"", ""c_sequence"": """", ""c_text_title"": ""[n/a]"", ""orig_personid"": ""33649"", ""orig_assoc_id"": ""94183"", ""cbdb_assoc_code"": ""438""}, {""source_table"": ""ASSOC_DATA"", ""c_source"": ""40303"", ""c_pages"": ""1421"", ""c_sequence"": """", ""c_text_title"": ""[n/a]"", ""orig_personid"": ""94183"", ""orig_assoc_id"": ""33649"", ""cbdb_assoc_code"": ""437""}]",1
94183,92047,SOCIAL,SO_GIFT_POETRY,收到Y的贈詩、文,directed,,,0.5,primary,唐五代人交往詩索引,438,P,2,"[{""source_table"": ""ASSOC_DATA"", ""c_source"": ""40303"", ""c_pages"": ""1414"", ""c_sequence"": """", ""c_text_title"": ""[n/a]"", ""orig_personid"": ""92047"", ""orig_assoc_id"": ""94183"", ""cbdb_assoc_code"": ""438""}, {""source_table"": ""ASSOC_DATA"", ""c_source"": ""40303"", ""c_pages"": ""1414"", ""c_sequence"": """", ""c_text_title"": ""[n/a]"", ""orig_personid"": ""94183"", ""orig_assoc_id"": ""92047"", ""cbdb_assoc_code"": ""437""}]",1
94183,92161,SOCIAL,SO_GIFT_POETRY,收到Y的贈詩、文,directed,,,0.5,primary,唐五代人交往詩索引,438,P,2,"[{""source_table"": ""ASSOC_DATA"", ""c_source"": ""40303"", ""c_pages"": ""1419"", ""c_sequence"": """", ""c_text_title"": ""[n/a]"", ""orig_personid"": ""92161"", ""orig_assoc_id"": ""94183"", ""cbdb_assoc_code"": ""438""}, {""source_table"": ""ASSOC_DATA"", ""c_source"": ""40303"", ""c_pages"": ""1419"", ""c_sequence"": """", ""c_text_title"": ""[n/a]"", ""orig_personid"": ""94183"", ""orig_assoc_id"": ""92161"", ""cbdb_assoc_code"": ""437""}]",1
94183,92673,SOCIAL,SO_GIFT_POETRY,收到Y的贈詩、文,directed,,,0.5,primary,唐五代人交往詩索引,438,P,2,"[{""source_table"": ""ASSOC_DATA"", ""c_source"": ""40303"", ""c_pages"": ""1421"", ""c_sequence"": """", ""c_text_title"": ""[n/a]"", ""orig_personid"": ""92673"", ""orig_assoc_id"": ""94183"", ""cbdb_assoc_code"": ""438""}, {""source_table"": ""ASSOC_DATA"", ""c_source"": ""40303"", ""c_pages"": ""1421"", ""c_sequence"": """", ""c_text_title"": ""[n/a]"", ""orig_personid"": ""94183"", ""orig_assoc_id"": ""92673"", ""cbdb_assoc_code"": ""437""}]",1
94183,93080,SOCIAL,SO_GIFT_POETRY,收到Y的贈詩、文,directed,,,0.5,primary,唐五代人交往詩索引,438,P,2,"[{""source_table"": ""ASSOC_DATA"", ""c_source"": ""40303"", ""c_pages"": ""1418"", ""c_sequence"": """", ""c_text_title"": ""[n/a]"", ""orig_personid"": ""93080"", ""orig_assoc_id"": ""94183"", ""cbdb_assoc_code"": ""438""}, {""source_table"": ""ASSOC_DATA"", ""c_source"": ""40303"", ""c_pages"": ""1418"", ""c_sequence"": """", ""c_text_title"": ""[n/a]"", ""orig_personid"": ""94183"", ""orig_assoc_id"": ""93080"", ""cbdb_assoc_code"": ""437""}]",1
94183,93246,SOCIAL,SO_GIFT_POETRY,收到Y的贈詩、文,directed,,,0.5,primary,唐五代人交往詩索引,438,P,2,"[{""source_table"": ""ASSOC_DATA"", ""c_source"": ""40303"", ""c_pages"": ""1417"", ""c_sequence"": """", ""c_text_title"": ""[n/a]"", ""orig_personid"": ""93246"", ""orig_assoc_id"": ""94183"", ""cbdb_assoc_code"": ""438""}, {""source_table"": ""ASSOC_DATA"", ""c_source"": ""40303"", ""c_pages"": ""1417"", ""c_sequence"": """", ""c_text_title"": ""[n/a]"", ""orig_personid"": ""94183"", ""orig_assoc_id"": ""93246"", ""cbdb_assoc_code"": ""437""}]",1
94183,93952,SOCIAL,SO_GIFT_POETRY,收到Y的贈詩、文,directed,,,0.5,primary,唐五代人交往詩索引,438,P,2,"[{""source_table"": ""ASSOC_DATA"", ""c_source"": ""40303"", ""c_pages"": ""1416"", ""c_sequence"": """", ""c_text_title"": ""[n/a]"", ""orig_personid"": ""93952"", ""orig_assoc_id"": ""94183"", ""cbdb_assoc_code"": ""438""}, {""source_table"": ""ASSOC_DATA"", ""c_source"": ""40303"", ""c_pages"": ""1416"", ""c_sequence"": """", ""c_text_title"": ""[n/a]"", ""orig_personid"": ""94183"", ""orig_assoc_id"": ""93952"", ""cbdb_assoc_code"": ""437""}]",1
94183,93956,SOCIAL,SO_GIFT_POETRY,收到Y的贈詩、文,directed,,,0.5,primary,唐五代人交往詩索引,438,P,2,"[{""source_table"": ""ASSOC_DATA"", ""c_source"": ""40303"", ""c_pages"": ""1416"", ""c_sequence"": """", ""c_text_title"": ""[n/a]"", ""orig_personid"": ""93956"", ""orig_assoc_id"": ""94183"", ""cbdb_assoc_code"": ""438""}, {""source_table"": ""ASSOC_DATA"", ""c_source"": ""40303"", ""c_pages"": ""1416"", ""c_sequence"": """", ""c_text_title"": ""[n/a]"", ""orig_personid"": ""94183"", ""orig_assoc_id"": ""93956"", ""cbdb_assoc_code"": ""437""}]",1
94183,94160,SOCIAL,SO_GIFT_POETRY,收到Y的贈詩、文,directed,,,0.5,primary,唐五代人交往詩索引,438,P,2,"[{""source_table"": ""ASSOC_DATA"", ""c_source"": ""40303"", ""c_pages"": ""1419"", ""c_sequence"": """", ""c_text_title"": ""[n/a]"", ""orig_personid"": ""94160"", ""orig_assoc_id"": ""94183"", ""cbdb_assoc_code"": ""438""}, {""source_table"": ""ASSOC_DATA"", ""c_source"": ""40303"", ""c_pages"": ""1419"", ""c_sequence"": """", ""c_text_title"": ""[n/a]"", ""orig_personid"": ""94183"", ""orig_assoc_id"": ""94160"", ""cbdb_assoc_code"": ""437""}]",1
94183,94227,SOCIAL,SO_GIFT_POETRY,贈詩、文,directed,,,0.5,primary,唐五代人交往詩索引,437,A,2,"[{""source_table"": ""ASSOC_DATA"", ""c_source"": ""40303"", ""c_pages"": ""1415"", ""c_sequence"": """", ""c_text_title"": ""[n/a]"", ""orig_personid"": ""94183"", ""orig_assoc_id"": ""94227"", ""cbdb_assoc_code"": ""437""}, {""source_table"": ""ASSOC_DATA"", ""c_source"": ""40303"", ""c_pages"": ""1415"", ""c_sequence"": """", ""c_text_title"": ""[n/a]"", ""orig_personid"": ""94227"", ""orig_assoc_id"": ""94183"", ""cbdb_assoc_code"": ""438""}]",1
94183,94595,SOCIAL,SO_GIFT_POETRY,贈詩、文,directed,,,0.5,primary,唐五代人交往詩索引,437,A,2,"[{""source_table"": ""ASSOC_DATA"", ""c_source"": ""40303"", ""c_pages"": ""1416"", ""c_sequence"": """", ""c_text_title"": ""[n/a]"", ""orig_personid"": ""94183"", ""orig_assoc_id"": ""94595"", ""cbdb_assoc_code"": ""437""}, {""source_table"": ""ASSOC_DATA"", ""c_source"": ""40303"", ""c_pages"": ""1416"", ""c_sequence"": """", ""c_text_title"": ""[n/a]"", ""orig_personid"": ""94595"", ""orig_assoc_id"": ""94183"", ""cbdb_assoc_code"": ""438""}]",1
94183,94717,SOCIAL,SO_GIFT_POETRY,贈詩、文,directed,,,0.5,primary,唐五代人交往詩索引,437,A,2,"[{""source_table"": ""ASSOC_DATA"", ""c_source"": ""40303"", ""c_pages"": ""1419"", ""c_sequence"": """", ""c_text_title"": ""[n/a]"", ""orig_personid"": ""94183"", ""orig_assoc_id"": ""94717"", ""cbdb_assoc_code"": ""437""}, {""source_table"": ""ASSOC_DATA"", ""c_source"": ""40303"", ""c_pages"": ""1419"", ""c_sequence"": """", ""c_text_title"": ""[n/a]"", ""orig_personid"": ""94717"", ""orig_assoc_id"": ""94183"", ""cbdb_assoc_code"": ""438""}]",1
94227,3332,TEACHER_STUDENT,TS_STUDENT,學生為Y,directed,,,0.8,primary,人名權威資料（中央研究院歷史語言研究所）,23,P,2,"[{""source_table"": ""ASSOC_DATA"", ""c_source"": ""9602"", ""c_pages"": ""18538"", ""c_sequence"": """", ""c_text_title"": ""[n/a]"", ""orig_personid"": ""3332"", ""orig_assoc_id"": ""94227"", ""cbdb_assoc_code"": ""23""}, {""source_table"": ""ASSOC_DATA"", ""c_source"": ""9602"", ""c_pages"": ""18538"", ""c_sequence"": """", ""c_text_title"": ""[n/a]"", ""orig_personid"": ""94227"", ""orig_assoc_id"": ""3332"", ""cbdb_assoc_code"": ""22""}]",1
94227,32980,SOCIAL,SO_GIFT_POETRY,收到Y的贈詩、文,directed,,,0.5,primary,唐五代人交往詩索引,438,P,2,"[{""source_table"": ""ASSOC_DATA"", ""c_source"": ""40303"", ""c_pages"": ""209"", ""c_sequence"": """", ""c_text_title"": ""[n/a]"", ""orig_personid"": ""32980"", ""orig_assoc_id"": ""94227"", ""cbdb_assoc_code"": ""438""}, {""source_table"": ""ASSOC_DATA"", ""c_source"": ""40303"", ""c_pages"": ""209"", ""c_sequence"": """", ""c_text_title"": ""[n/a]"", ""orig_personid"": ""94227"", ""orig_assoc_id"": ""32980"", ""cbdb_assoc_code"": ""437""}]",1
94227,33589,SOCIAL,SO_GIFT_POETRY,收到Y的贈詩、文,directed,,,0.5,primary,唐五代人交往詩索引,438,P,2,"[{""source_table"": ""ASSOC_DATA"", ""c_source"": ""40303"", ""c_pages"": ""208"", ""c_sequence"": """", ""c_text_title"": ""[n/a]"", ""orig_personid"": ""33589"", ""orig_assoc_id"": ""94227"", ""cbdb_assoc_code"": ""438""}, {""source_table"": ""ASSOC_DATA"", ""c_source"": ""40303"", ""c_pages"": ""208"", ""c_sequence"": """", ""c_text_title"": ""[n/a]"", ""orig_personid"": ""94227"", ""orig_assoc_id"": ""33589"", ""cbdb_assoc_code"": ""437""}]",0
94227,92047,SOCIAL,SO_GIFT_POETRY,收到Y的贈詩、文,directed,,,0.5,primary,唐五代人交往詩索引,438,P,2,"[{""source_table"": ""ASSOC_DATA"", ""c_source"": ""40303"", ""c_pages"": ""202"", ""c_sequence"": """", ""c_text_title"": ""[n/a]"", ""orig_personid"": ""92047"", ""orig_assoc_id"": ""94227"", ""cbdb_assoc_code"": ""438""}, {""source_table"": ""ASSOC_DATA"", ""c_source"": ""40303"", ""c_pages"": ""202"", ""c_sequence"": """", ""c_text_title"": ""[n/a]"", ""orig_personid"": ""94227"", ""orig_assoc_id"": ""92047"", ""cbdb_assoc_code"": ""437""}]",0
94227,92147,KIN,K_OTHER,從弟,directed,,,0.7,primary,Pers DB / 唐代人物知識ベース,130,KIN,1,"[{""source_table"": ""KIN_DATA"", ""c_source"": ""24309"", ""c_pages"": ""pers00296"", ""c_sequence"": """", ""c_text_title"": """", ""orig_personid"": ""94227"", ""orig_assoc_id"": ""92147"", ""cbdb_assoc_code"": ""130""}]",0
94227,94116,SOCIAL,SO_GIFT_POETRY,收到Y的贈詩、文,directed,,,0.5,primary,唐五代人交往詩索引,438,P,2,"[{""source_table"": ""ASSOC_DATA"", ""c_source"": ""40303"", ""c_pages"": ""204"", ""c_sequence"": """", ""c_text_title"": ""[n/a]"", ""orig_personid"": ""94116"", ""orig_assoc_id"": ""94227"", ""cbdb_assoc_code"": ""438""}, {""source_table"": ""ASSOC_DATA"", ""c_source"": ""40303"", ""c_pages"": ""204"", ""c_sequence"": """", ""c_text_title"": ""[n/a]"", ""orig_personid"": ""94227"", ""orig_assoc_id"": ""94116"", ""cbdb_assoc_code"": ""437""}]",1
94227,94864,SOCIAL,SO_FRIEND,友,undirected,,,0.6,primary,人名權威資料（中央研究院歷史語言研究所）,9,M,2,"[{""source_table"": ""ASSOC_DATA"", ""c_source"": ""9602"", ""c_pages"": ""18538"", ""c_sequence"": """", ""c_text_title"": ""[n/a]"", ""orig_personid"": ""94227"", ""orig_assoc_id"": ""94864"", ""cbdb_assoc_code"": ""9""}, {""source_table"": ""ASSOC_DATA"", ""c_source"": ""9602"", ""c_pages"": ""18538"", ""c_sequence"": """", ""c_text_title"": ""[n/a]"", ""orig_personid"": ""94864"", ""orig_assoc_id"": ""94227"", ""cbdb_assoc_code"": ""9""}]",1
94227,94864,SOCIAL,SO_GIFT_POETRY,贈詩、文,directed,,,0.5,primary,唐五代人交往詩索引,437,A,2,"[{""source_table"": ""ASSOC_DATA"", ""c_source"": ""40303"", ""c_pages"": ""201"", ""c_sequence"": """", ""c_text_title"": ""[n/a]"", ""orig_personid"": ""94227"", ""orig_assoc_id"": ""94864"", ""cbdb_assoc_code"": ""437""}, {""source_table"": ""ASSOC_DATA"", ""c_source"": ""40303"", ""c_pages"": ""201"", ""c_sequence"": """", ""c_text_title"": ""[n/a]"", ""orig_personid"": ""94864"", ""orig_assoc_id"": ""94227"", ""cbdb_assoc_code"": ""438""}]",0
94271,3130,SOCIAL,SO_GIFT_POETRY,收到Y的贈詩、文,directed,,,0.5,primary,唐五代人交往詩索引,438,P,2,"[{""source_table"": ""ASSOC_DATA"", ""c_source"": ""40303"", ""c_pages"": ""1454"", ""c_sequence"": """", ""c_text_title"": ""[n/a]"", ""orig_personid"": ""3130"", ""orig_assoc_id"": ""94271"", ""cbdb_assoc_code"": ""438""}, {""source_table"": ""ASSOC_DATA"", ""c_source"": ""40303"", ""c_pages"": ""1454"", ""c_sequence"": """", ""c_text_title"": ""[n/a]"", ""orig_personid"": ""94271"", ""orig_assoc_id"": ""3130"", ""cbdb_assoc_code"": ""437""}]",1
94271,11524,SOCIAL,SO_GIFT_POETRY,收到Y的贈詩、文,directed,,,0.5,primary,唐五代人交往詩索引,438,P,2,"[{""source_table"": ""ASSOC_DATA"", ""c_source"": ""40303"", ""c_pages"": ""1462"", ""c_sequence"": """", ""c_text_title"": ""[n/a]"", ""orig_personid"": ""11524"", ""orig_assoc_id"": ""94271"", ""cbdb_assoc_code"": ""438""}, {""source_table"": ""ASSOC_DATA"", ""c_source"": ""40303"", ""c_pages"": ""1462"", ""c_sequence"": """", ""c_text_title"": ""[n/a]"", ""orig_personid"": ""94271"", ""orig_assoc_id"": ""11524"", ""cbdb_assoc_code"": ""437""}]",1
94271,20876,SOCIAL,SO_GIFT_POETRY,收到Y的贈詩、文,directed,,,0.5,primary,唐五代人交往詩索引,438,P,2,"[{""source_table"": ""ASSOC_DATA"", ""c_source"": ""40303"", ""c_pages"": ""1461"", ""c_sequence"": """", ""c_text_title"": ""[n/a]"", ""orig_personid"": ""20876"", ""orig_assoc_id"": ""94271"", ""cbdb_assoc_code"": ""438""}, {""source_table"": ""ASSOC_DATA"", ""c_source"": ""40303"", ""c_pages"": ""1461"", ""c_sequence"": """", ""c_text_title"": ""[n/a]"", ""orig_personid"": ""94271"", ""orig_assoc_id"": ""20876"", ""cbdb_assoc_code"": ""437""}]",1
94271,32174,SOCIAL,SO_GIFT_POETRY,收到Y的贈詩、文,directed,,,0.5,primary,唐五代人交往詩索引,438,P,2,"[{""source_table"": ""ASSOC_DATA"", ""c_source"": ""40303"", ""c_pages"": ""1452"", ""c_sequence"": """", ""c_text_title"": ""[n/a]"", ""orig_personid"": ""32174"", ""orig_assoc_id"": ""94271"", ""cbdb_assoc_code"": ""438""}, {""source_table"": ""ASSOC_DATA"", ""c_source"": ""40303"", ""c_pages"": ""1452"", ""c_sequence"": """", ""c_text_title"": ""[n/a]"", ""orig_personid"": ""94271"", ""orig_assoc_id"": ""32174"", ""cbdb_assoc_code"": ""437""}]",1
94271,33566,SOCIAL,SO_GIFT_POETRY,收到Y的贈詩、文,directed,,,0.5,primary,唐五代人交往詩索引,438,P,2,"[{""source_table"": ""ASSOC_DATA"", ""c_source"": ""40303"", ""c_pages"": ""1462"", ""c_sequence"": """", ""c_text_title"": ""[n/a]"", ""orig_personid"": ""33566"", ""orig_assoc_id"": ""94271"", ""cbdb_assoc_code"": ""438""}, {""source_table"": ""ASSOC_DATA"", ""c_source"": ""40303"", ""c_pages"": ""1462"", ""c_sequence"": """", ""c_text_title"": ""[n/a]"", ""orig_personid"": ""94271"", ""orig_assoc_id"": ""33566"", ""cbdb_assoc_code"": ""437""}]",1
94412,17029,SOCIAL,SO_GIFT_POETRY,收到Y的贈詩、文,directed,,,0.5,primary,唐五代人交往詩索引,438,P,2,"[{""source_table"": ""ASSOC_DATA"", ""c_source"": ""40303"", ""c_pages"": ""46"", ""c_sequence"": """", ""c_text_title"": ""[n/a]"", ""orig_personid"": ""17029"", ""orig_assoc_id"": ""94412"", ""cbdb_assoc_code"": ""438""}, {""source_table"": ""ASSOC_DATA"", ""c_source"": ""40303"", ""c_pages"": ""46"", ""c_sequence"": """", ""c_text_title"": ""[n/a]"", ""orig_personid"": ""94412"", ""orig_assoc_id"": ""17029"", ""cbdb_assoc_code"": ""437""}]",1
94575,17029,SOCIAL,SO_GIFT_POETRY,收到Y的贈詩、文,directed,,,0.5,primary,唐五代人交往詩索引,438,P,2,"[{""source_table"": ""ASSOC_DATA"", ""c_source"": ""40303"", ""c_pages"": ""477"", ""c_sequence"": """", ""c_text_title"": ""[n/a]"", ""orig_personid"": ""17029"", ""orig_assoc_id"": ""94575"", ""cbdb_assoc_code"": ""438""}, {""source_table"": ""ASSOC_DATA"", ""c_source"": ""40303"", ""c_pages"": ""477"", ""c_sequence"": """", ""c_text_title"": ""[n/a]"", ""orig_personid"": ""94575"", ""orig_assoc_id"": ""17029"", ""cbdb_assoc_code"": ""437""}]",1
94575,94227,SOCIAL,SO_GIFT_POETRY,收到Y的贈詩、文,directed,,,0.5,primary,唐五代人交往詩索引,438,P,2,"[{""source_table"": ""ASSOC_DATA"", ""c_source"": ""40303"", ""c_pages"": ""477"", ""c_sequence"": """", ""c_text_title"": ""[n/a]"", ""orig_personid"": ""94227"", ""orig_assoc_id"": ""94575"", ""cbdb_assoc_code"": ""438""}, {""source_table"": ""ASSOC_DATA"", ""c_source"": ""40303"", ""c_pages"": ""477"", ""c_sequence"": """", ""c_text_title"": ""[n/a]"", ""orig_personid"": ""94575"", ""orig_assoc_id"": ""94227"", ""cbdb_assoc_code"": ""437""}]",1
94595,3130,SOCIAL,SO_GIFT_POETRY,收到Y的贈詩、文,directed,,,0.5,primary,唐五代人交往詩索引,438,P,2,"[{""source_table"": ""ASSOC_DATA"", ""c_source"": ""40303"", ""c_pages"": ""380"", ""c_sequence"": """", ""c_text_title"": ""[n/a]"", ""orig_personid"": ""3130"", ""orig_assoc_id"": ""94595"", ""cbdb_assoc_code"": ""438""}, {""source_table"": ""ASSOC_DATA"", ""c_source"": ""40303"", ""c_pages"": ""380"", ""c_sequence"": """", ""c_text_title"": ""[n/a]"", ""orig_personid"": ""94595"", ""orig_assoc_id"": ""3130"", ""cbdb_assoc_code"": ""437""}]",1
94595,19241,SOCIAL,SO_GIFT_POETRY,收到Y的贈詩、文,directed,,,0.5,primary,唐五代人交往詩索引,438,P,2,"[{""source_table"": ""ASSOC_DATA"", ""c_source"": ""40303"", ""c_pages"": ""388"", ""c_sequence"": """", ""c_text_title"": ""[n/a]"", ""orig_personid"": ""19241"", ""orig_assoc_id"": ""94595"", ""cbdb_assoc_code"": ""438""}, {""source_table"": ""ASSOC_DATA"", ""c_source"": ""40303"", ""c_pages"": ""388"", ""c_sequence"": """", ""c_text_title"": ""[n/a]"", ""orig_personid"": ""94595"", ""orig_assoc_id"": ""19241"", ""cbdb_assoc_code"": ""437""}]",1
94595,32174,SOCIAL,SO_GIFT_POETRY,收到Y的贈詩、文,directed,,,0.5,primary,唐五代人交往詩索引,438,P,2,"[{""source_table"": ""ASSOC_DATA"", ""c_source"": ""40303"", ""c_pages"": ""379"", ""c_sequence"": """", ""c_text_title"": ""[n/a]"", ""orig_personid"": ""32174"", ""orig_assoc_id"": ""94595"", ""cbdb_assoc_code"": ""438""}, {""source_table"": ""ASSOC_DATA"", ""c_source"": ""40303"", ""c_pages"": ""379"", ""c_sequence"": """", ""c_text_title"": ""[n/a]"", ""orig_personid"": ""94595"", ""orig_assoc_id"": ""32174"", ""cbdb_assoc_code"": ""437""}]",1
94595,33859,SOCIAL,SO_GIFT_POETRY,收到Y的贈詩、文,directed,,,0.5,primary,唐五代人交往詩索引,438,P,2,"[{""source_table"": ""ASSOC_DATA"", ""c_source"": ""40303"", ""c_pages"": ""392"", ""c_sequence"": """", ""c_text_title"": ""[n/a]"", ""orig_personid"": ""33859"", ""orig_assoc_id"": ""94595"", ""cbdb_assoc_code"": ""438""}, {""source_table"": ""ASSOC_DATA"", ""c_source"": ""40303"", ""c_pages"": ""392"", ""c_sequence"": """", ""c_text_title"": ""[n/a]"", ""orig_personid"": ""94595"", ""orig_assoc_id"": ""33859"", ""cbdb_assoc_code"": ""437""}]",0
94595,93409,SOCIAL,SO_GIFT_POETRY,收到Y的贈詩、文,directed,,,0.5,primary,唐五代人交往詩索引,438,P,2,"[{""source_table"": ""ASSOC_DATA"", ""c_source"": ""40303"", ""c_pages"": ""380"", ""c_sequence"": """", ""c_text_title"": ""[n/a]"", ""orig_personid"": ""93409"", ""orig_assoc_id"": ""94595"", ""cbdb_assoc_code"": ""438""}, {""source_table"": ""ASSOC_DATA"", ""c_source"": ""40303"", ""c_pages"": ""380"", ""c_sequence"": """", ""c_text_title"": ""[n/a]"", ""orig_personid"": ""94595"", ""orig_assoc_id"": ""93409"", ""cbdb_assoc_code"": ""437""}]",1
94595,93832,SOCIAL,SO_GIFT_POETRY,收到Y的贈詩、文,directed,,,0.5,primary,唐五代人交往詩索引,438,P,2,"[{""source_table"": ""ASSOC_DATA"", ""c_source"": ""40303"", ""c_pages"": ""394"", ""c_sequence"": """", ""c_text_title"": ""[n/a]"", ""orig_personid"": ""93832"", ""orig_assoc_id"": ""94595"", ""cbdb_assoc_code"": ""438""}, {""source_table"": ""ASSOC_DATA"", ""c_source"": ""40303"", ""c_pages"": ""394"", ""c_sequence"": """", ""c_text_title"": ""[n/a]"", ""orig_personid"": ""94595"", ""orig_assoc_id"": ""93832"", ""cbdb_assoc_code"": ""437""}]",1
94595,95025,SOCIAL,SO_GIFT_POETRY,贈詩、文,directed,,,0.5,primary,唐五代人交往詩索引,437,A,2,"[{""source_table"": ""ASSOC_DATA"", ""c_source"": ""40303"", ""c_pages"": ""378"", ""c_sequence"": """", ""c_text_title"": ""[n/a]"", ""orig_personid"": ""94595"", ""orig_assoc_id"": ""95025"", ""cbdb_assoc_code"": ""437""}, {""source_table"": ""ASSOC_DATA"", ""c_source"": ""40303"", ""c_pages"": ""378"", ""c_sequence"": """", ""c_text_title"": ""[n/a]"", ""orig_personid"": ""95025"", ""orig_assoc_id"": ""94595"", ""cbdb_assoc_code"": ""438""}]",1
94717,93246,SOCIAL,SO_GIFT_POETRY,收到Y的贈詩、文,directed,,,0.5,primary,唐五代人交往詩索引,438,P,2,"[{""source_table"": ""ASSOC_DATA"", ""c_source"": ""40303"", ""c_pages"": ""1029"", ""c_sequence"": """", ""c_text_title"": ""[n/a]"", ""orig_personid"": ""93246"", ""orig_assoc_id"": ""94717"", ""cbdb_assoc_code"": ""438""}, {""source_table"": ""ASSOC_DATA"", ""c_source"": ""40303"", ""c_pages"": ""1029"", ""c_sequence"": """", ""c_text_title"": ""[n/a]"", ""orig_personid"": ""94717"", ""orig_assoc_id"": ""93246"", ""cbdb_assoc_code"": ""437""}]",0
94864,3915,SOCIAL,SO_GIFT_POETRY,收到Y的贈詩、文,directed,,,0.5,primary,唐五代人交往詩索引,438,P,2,"[{""source_table"": ""ASSOC_DATA"", ""c_source"": ""40303"", ""c_pages"": ""3"", ""c_sequence"": """", ""c_text_title"": ""[n/a]"", ""orig_personid"": ""3915"", ""orig_assoc_id"": ""94864"", ""cbdb_assoc_code"": ""438""}, {""source_table"": ""ASSOC_DATA"", ""c_source"": ""40303"", ""c_pages"": ""3"", ""c_sequence"": """", ""c_text_title"": ""[n/a]"", ""orig_personid"": ""94864"", ""orig_assoc_id"": ""3915"", ""cbdb_assoc_code"": ""437""}]",1
94864,32227,SOCIAL,SO_GIFT_POETRY,收到Y的贈詩、文,directed,,,0.5,primary,唐五代人交往詩索引,438,P,2,"[{""source_table"": ""ASSOC_DATA"", ""c_source"": ""40303"", ""c_pages"": ""2"", ""c_sequence"": """", ""c_text_title"": ""[n/a]"", ""orig_personid"": ""32227"", ""orig_assoc_id"": ""94864"", ""cbdb_assoc_code"": ""438""}, {""source_table"": ""ASSOC_DATA"", ""c_source"": ""40303"", ""c_pages"": ""2"", ""c_sequence"": """", ""c_text_title"": ""[n/a]"", ""orig_personid"": ""94864"", ""orig_assoc_id"": ""32227"", ""cbdb_assoc_code"": ""437""}]",1
94864,92047,SOCIAL,SO_GIFT_POETRY,收到Y的贈詩、文,directed,,,0.5,primary,唐五代人交往詩索引,438,P,2,"[{""source_table"": ""ASSOC_DATA"", ""c_source"": ""40303"", ""c_pages"": ""2"", ""c_sequence"": """", ""c_text_title"": ""[n/a]"", ""orig_personid"": ""92047"", ""orig_assoc_id"": ""94864"", ""cbdb_assoc_code"": ""438""}, {""source_table"": ""ASSOC_DATA"", ""c_source"": ""40303"", ""c_pages"": ""2"", ""c_sequence"": """", ""c_text_title"": ""[n/a]"", ""orig_personid"": ""94864"", ""orig_assoc_id"": ""92047"", ""cbdb_assoc_code"": ""437""}]",1
94864,92147,SOCIAL,SO_GIFT_POETRY,收到Y的贈詩、文,directed,,,0.5,primary,唐五代人交往詩索引,438,P,2,"[{""source_table"": ""ASSOC_DATA"", ""c_source"": ""40303"", ""c_pages"": ""3"", ""c_sequence"": """", ""c_text_title"": ""[n/a]"", ""orig_personid"": ""92147"", ""orig_assoc_id"": ""94864"", ""cbdb_assoc_code"": ""438""}, {""source_table"": ""ASSOC_DATA"", ""c_source"": ""40303"", ""c_pages"": ""3"", ""c_sequence"": """", ""c_text_title"": ""[n/a]"", ""orig_personid"": ""94864"", ""orig_assoc_id"": ""92147"", ""cbdb_assoc_code"": ""437""}]",1
95025,31275,LITERARY,LI_EPITAPH,墓誌銘由Y所作,directed,,,0.4,unsourced,,43,P,2,"[{""source_table"": ""ASSOC_DATA"", ""c_source"": """", ""c_pages"": """", ""c_sequence"": ""0"", ""c_text_title"": ""[n/a]"", ""orig_personid"": ""31275"", ""orig_assoc_id"": ""95025"", ""cbdb_assoc_code"": ""43""}, {""source_table"": ""ASSOC_DATA"", ""c_source"": """", ""c_pages"": """", ""c_sequence"": ""0"", ""c_text_title"": ""[n/a]"", ""orig_personid"": ""95025"", ""orig_assoc_id"": ""31275"", ""cbdb_assoc_code"": ""44""}]",1
95025,32889,LITERARY,LI_EPITAPH,墓誌銘由Y所作,directed,,,0.4,unsourced,,43,P,2,"[{""source_table"": ""ASSOC_DATA"", ""c_source"": """", ""c_pages"": """", ""c_sequence"": ""0"", ""c_text_title"": ""[n/a]"", ""orig_personid"": ""32889"", ""orig_assoc_id"": ""95025"", ""cbdb_assoc_code"": ""43""}, {""source_table"": ""ASSOC_DATA"", ""c_source"": """", ""c_pages"": """", ""c_sequence"": ""0"", ""c_text_title"": ""[n/a]"", ""orig_personid"": ""95025"", ""orig_assoc_id"": ""32889"", ""cbdb_assoc_code"": ""44""}]",1
95025,33859,SOCIAL,SO_GIFT_POETRY,收到Y的贈詩、文,directed,,,0.5,primary,唐五代人交往詩索引,438,P,2,"[{""source_table"": ""ASSOC_DATA"", ""c_source"": ""40303"", ""c_pages"": ""63"", ""c_sequence"": """", ""c_text_title"": ""[n/a]"", ""orig_personid"": ""33859"", ""orig_assoc_id"": ""95025"", ""cbdb_assoc_code"": ""438""}, {""source_table"": ""ASSOC_DATA"", ""c_source"": ""40303"", ""c_pages"": ""63"", ""c_sequence"": """", ""c_text_title"": ""[n/a]"", ""orig_personid"": ""95025"", ""orig_assoc_id"": ""33859"", ""cbdb_assoc_code"": ""437""}]",0
95025,94595,SOCIAL,SO_GIFT_POETRY,收到Y的贈詩、文,directed,,,0.5,primary,唐五代人交往詩索引,438,P,2,"[{""source_table"": ""ASSOC_DATA"", ""c_source"": ""40303"", ""c_pages"": ""63"", ""c_sequence"": """", ""c_text_title"": ""[n/a]"", ""orig_personid"": ""94595"", ""orig_assoc_id"": ""95025"", ""cbdb_assoc_code"": ""438""}, {""source_table"": ""ASSOC_DATA"", ""c_source"": ""40303"", ""c_pages"": ""63"", ""c_sequence"": """", ""c_text_title"": ""[n/a]"", ""orig_personid"": ""95025"", ""orig_assoc_id"": ""94595"", ""cbdb_assoc_code"": ""437""}]",0
95068,15161,SOCIAL,SO_GIFT_POETRY,收到Y的贈詩、文,directed,,,0.5,primary,唐五代人交往詩索引,438,P,2,"[{""source_table"": ""ASSOC_DATA"", ""c_source"": ""40303"", ""c_pages"": ""1063"", ""c_sequence"": """", ""c_text_title"": ""[n/a]"", ""orig_personid"": ""15161"", ""orig_assoc_id"": ""95068"", ""cbdb_assoc_code"": ""438""}, {""source_table"": ""ASSOC_DATA"", ""c_source"": ""40303"", ""c_pages"": ""1063"", ""c_sequence"": """", ""c_text_title"": ""[n/a]"", ""orig_personid"": ""95068"", ""orig_assoc_id"": ""15161"", ""cbdb_assoc_code"": ""437""}]",1
95068,21751,SOCIAL,SO_GIFT_POETRY,收到Y的贈詩、文,directed,,,0.5,primary,唐五代人交往詩索引,438,P,2,"[{""source_table"": ""ASSOC_DATA"", ""c_source"": ""40303"", ""c_pages"": ""1063"", ""c_sequence"": """", ""c_text_title"": ""[n/a]"", ""orig_personid"": ""21751"", ""orig_assoc_id"": ""95068"", ""cbdb_assoc_code"": ""438""}, {""source_table"": ""ASSOC_DATA"", ""c_source"": ""40303"", ""c_pages"": ""1063"", ""c_sequence"": """", ""c_text_title"": ""[n/a]"", ""orig_personid"": ""95068"", ""orig_assoc_id"": ""21751"", ""cbdb_assoc_code"": ""437""}]",1
95068,24654,SOCIAL,SO_GIFT_POETRY,收到Y的贈詩、文,directed,,,0.5,primary,唐五代人交往詩索引,438,P,2,"[{""source_table"": ""ASSOC_DATA"", ""c_source"": ""40303"", ""c_pages"": ""1062"", ""c_sequence"": """", ""c_text_title"": ""[n/a]"", ""orig_personid"": ""24654"", ""orig_assoc_id"": ""95068"", ""cbdb_assoc_code"": ""438""}, {""source_table"": ""ASSOC_DATA"", ""c_source"": ""40303"", ""c_pages"": ""1062"", ""c_sequence"": """", ""c_text_title"": ""[n/a]"", ""orig_personid"": ""95068"", ""orig_assoc_id"": ""24654"", ""cbdb_assoc_code"": ""437""}]",1
95068,32248,SOCIAL,SO_GIFT_POETRY,收到Y的贈詩、文,directed,,,0.5,primary,唐五代人交往詩索引,438,P,2,"[{""source_table"": ""ASSOC_DATA"", ""c_source"": ""40303"", ""c_pages"": ""1062"", ""c_sequence"": """", ""c_text_title"": ""[n/a]"", ""orig_personid"": ""32248"", ""orig_assoc_id"": ""95068"", ""cbdb_assoc_code"": ""438""}, {""source_table"": ""ASSOC_DATA"", ""c_source"": ""40303"", ""c_pages"": ""1062"", ""c_sequence"": """", ""c_text_title"": ""[n/a]"", ""orig_personid"": ""95068"", ""orig_assoc_id"": ""32248"", ""cbdb_assoc_code"": ""437""}]",0
95071,3915,SOCIAL,SO_GIFT_POETRY,收到Y的贈詩、文,directed,,,0.5,primary,唐五代人交往詩索引,438,P,2,"[{""source_table"": ""ASSOC_DATA"", ""c_source"": ""40303"", ""c_pages"": ""1058"", ""c_sequence"": """", ""c_text_title"": ""[n/a]"", ""orig_personid"": ""3915"", ""orig_assoc_id"": ""95071"", ""cbdb_assoc_code"": ""438""}, {""source_table"": ""ASSOC_DATA"", ""c_source"": ""40303"", ""c_pages"": ""1058"", ""c_sequence"": """", ""c_text_title"": ""[n/a]"", ""orig_personid"": ""95071"", ""orig_assoc_id"": ""3915"", ""cbdb_assoc_code"": ""437""}]",1
95071,21194,SOCIAL,SO_GIFT_POETRY,收到Y的贈詩、文,directed,,,0.5,primary,唐五代人交往詩索引,438,P,2,"[{""source_table"": ""ASSOC_DATA"", ""c_source"": ""40303"", ""c_pages"": ""1058"", ""c_sequence"": """", ""c_text_title"": ""[n/a]"", ""orig_personid"": ""21194"", ""orig_assoc_id"": ""95071"", ""cbdb_assoc_code"": ""438""}, {""source_table"": ""ASSOC_DATA"", ""c_source"": ""40303"", ""c_pages"": ""1058"", ""c_sequence"": """", ""c_text_title"": ""[n/a]"", ""orig_personid"": ""95071"", ""orig_assoc_id"": ""21194"", ""cbdb_assoc_code"": ""437""}]",1
95071,32227,SOCIAL,SO_GIFT_POETRY,收到Y的贈詩、文,directed,,,0.5,primary,唐五代人交往詩索引,438,P,2,"[{""source_table"": ""ASSOC_DATA"", ""c_source"": ""40303"", ""c_pages"": ""1057"", ""c_sequence"": """", ""c_text_title"": ""[n/a]"", ""orig_personid"": ""32227"", ""orig_assoc_id"": ""95071"", ""cbdb_assoc_code"": ""438""}, {""source_table"": ""ASSOC_DATA"", ""c_source"": ""40303"", ""c_pages"": ""1057"", ""c_sequence"": """", ""c_text_title"": ""[n/a]"", ""orig_personid"": ""95071"", ""orig_assoc_id"": ""32227"", ""cbdb_assoc_code"": ""437""}]",1
95071,32248,SOCIAL,SO_GIFT_POETRY,收到Y的贈詩、文,directed,,,0.5,primary,唐五代人交往詩索引,438,P,2,"[{""source_table"": ""ASSOC_DATA"", ""c_source"": ""40303"", ""c_pages"": ""1057"", ""c_sequence"": """", ""c_text_title"": ""[n/a]"", ""orig_personid"": ""32248"", ""orig_assoc_id"": ""95071"", ""cbdb_assoc_code"": ""438""}, {""source_table"": ""ASSOC_DATA"", ""c_source"": ""40303"", ""c_pages"": ""1057"", ""c_sequence"": """", ""c_text_title"": ""[n/a]"", ""orig_personid"": ""95071"", ""orig_assoc_id"": ""32248"", ""cbdb_assoc_code"": ""437""}]",1
95071,33606,SOCIAL,SO_GIFT_POETRY,收到Y的贈詩、文,directed,,,0.5,primary,唐五代人交往詩索引,438,P,2,"[{""source_table"": ""ASSOC_DATA"", ""c_source"": ""40303"", ""c_pages"": ""1059"", ""c_sequence"": """", ""c_text_title"": ""[n/a]"", ""orig_personid"": ""33606"", ""orig_assoc_id"": ""95071"", ""cbdb_assoc_code"": ""438""}, {""source_table"": ""ASSOC_DATA"", ""c_source"": ""40303"", ""c_pages"": ""1059"", ""c_sequence"": """", ""c_text_title"": ""[n/a]"", ""orig_personid"": ""95071"", ""orig_assoc_id"": ""33606"", ""cbdb_assoc_code"": ""437""}]",1
95071,92147,SOCIAL,SO_GIFT_POETRY,收到Y的贈詩、文,directed,,,0.5,primary,唐五代人交往詩索引,438,P,2,"[{""source_table"": ""ASSOC_DATA"", ""c_source"": ""40303"", ""c_pages"": ""1059"", ""c_sequence"": """", ""c_text_title"": ""[n/a]"", ""orig_personid"": ""92147"", ""orig_assoc_id"": ""95071"", ""cbdb_assoc_code"": ""438""}, {""source_table"": ""ASSOC_DATA"", ""c_source"": ""40303"", ""c_pages"": ""1059"", ""c_sequence"": """", ""c_text_title"": ""[n/a]"", ""orig_personid"": ""95071"", ""orig_assoc_id"": ""92147"", ""cbdb_assoc_code"": ""437""}]",1
95071,92673,SOCIAL,SO_GIFT_POETRY,收到Y的贈詩、文,directed,,,0.5,primary,唐五代人交往詩索引,438,P,2,"[{""source_table"": ""ASSOC_DATA"", ""c_source"": ""40303"", ""c_pages"": ""1059"", ""c_sequence"": """", ""c_text_title"": ""[n/a]"", ""orig_personid"": ""92673"", ""orig_assoc_id"": ""95071"", ""cbdb_assoc_code"": ""438""}, {""source_table"": ""ASSOC_DATA"", ""c_source"": ""40303"", ""c_pages"": ""1059"", ""c_sequence"": """", ""c_text_title"": ""[n/a]"", ""orig_personid"": ""95071"", ""orig_assoc_id"": ""92673"", ""cbdb_assoc_code"": ""437""}]",1
95071,93080,SOCIAL,SO_GIFT_POETRY,收到Y的贈詩、文,directed,,,0.5,primary,唐五代人交往詩索引,438,P,2,"[{""source_table"": ""ASSOC_DATA"", ""c_source"": ""40303"", ""c_pages"": ""1057"", ""c_sequence"": """", ""c_text_title"": ""[n/a]"", ""orig_personid"": ""93080"", ""orig_assoc_id"": ""95071"", ""cbdb_assoc_code"": ""438""}, {""source_table"": ""ASSOC_DATA"", ""c_source"": ""40303"", ""c_pages"": ""1057"", ""c_sequence"": """", ""c_text_title"": ""[n/a]"", ""orig_personid"": ""95071"", ""orig_assoc_id"": ""93080"", ""cbdb_assoc_code"": ""437""}]",1
95071,94227,SOCIAL,SO_GIFT_POETRY,收到Y的贈詩、文,directed,,,0.5,primary,唐五代人交往詩索引,438,P,2,"[{""source_table"": ""ASSOC_DATA"", ""c_source"": ""40303"", ""c_pages"": ""1057"", ""c_sequence"": """", ""c_text_title"": ""[n/a]"", ""orig_personid"": ""94227"", ""orig_assoc_id"": ""95071"", ""cbdb_assoc_code"": ""438""}, {""source_table"": ""ASSOC_DATA"", ""c_source"": ""40303"", ""c_pages"": ""1057"", ""c_sequence"": """", ""c_text_title"": ""[n/a]"", ""orig_personid"": ""95071"", ""orig_assoc_id"": ""94227"", ""cbdb_assoc_code"": ""437""}]",1
95210,32248,SOCIAL,SO_GIFT_POETRY,收到Y的贈詩、文,directed,,,0.5,primary,唐五代人交往詩索引,438,P,2,"[{""source_table"": ""ASSOC_DATA"", ""c_source"": ""40303"", ""c_pages"": ""492"", ""c_sequence"": """", ""c_text_title"": ""[n/a]"", ""orig_personid"": ""32248"", ""orig_assoc_id"": ""95210"", ""cbdb_assoc_code"": ""438""}, {""source_table"": ""ASSOC_DATA"", ""c_source"": ""40303"", ""c_pages"": ""492"", ""c_sequence"": """", ""c_text_title"": ""[n/a]"", ""orig_personid"": ""95210"", ""orig_assoc_id"": ""32248"", ""cbdb_assoc_code"": ""437""}]",0
95210,32248,KIN,K_OTHER,表兄弟,directed,,,0.7,primary,明清婦女著作數據庫,411,KIN,1,"[{""source_table"": ""KIN_DATA"", ""c_source"": ""9601"", ""c_pages"": ""MQWW PoetID #2104"", ""c_sequence"": """", ""c_text_title"": """", ""orig_personid"": ""95210"", ""orig_assoc_id"": ""32248"", ""cbdb_assoc_code"": ""411""}]",0
195105,30851,SOCIAL,SO_GIFT_POETRY,收到Y的贈詩、文,directed,,,0.5,primary,唐五代人交往詩索引,438,P,2,"[{""source_table"": ""ASSOC_DATA"", ""c_source"": ""40303"", ""c_pages"": ""358"", ""c_sequence"": """", ""c_text_title"": ""[n/a]"", ""orig_personid"": ""30851"", ""orig_assoc_id"": ""195105"", ""cbdb_assoc_code"": ""438""}, {""source_table"": ""ASSOC_DATA"", ""c_source"": ""40303"", ""c_pages"": ""358"", ""c_sequence"": """", ""c_text_title"": ""[n/a]"", ""orig_personid"": ""195105"", ""orig_assoc_id"": ""30851"", ""cbdb_assoc_code"": ""437""}]",1
195105,31322,SOCIAL,SO_GIFT_POETRY,收到Y的贈詩、文,directed,,,0.5,primary,唐五代人交往詩索引,438,P,2,"[{""source_table"": ""ASSOC_DATA"", ""c_source"": ""40303"", ""c_pages"": ""359"", ""c_sequence"": """", ""c_text_title"": ""[n/a]"", ""orig_personid"": ""31322"", ""orig_assoc_id"": ""195105"", ""cbdb_assoc_code"": ""438""}, {""source_table"": ""ASSOC_DATA"", ""c_source"": ""40303"", ""c_pages"": ""359"", ""c_sequence"": """", ""c_text_title"": ""[n/a]"", ""orig_personid"": ""195105"", ""orig_assoc_id"": ""31322"", ""cbdb_assoc_code"": ""437""}]",1
195105,32540,SOCIAL,SO_GIFT_POETRY,收到Y的贈詩、文,directed,,,0.5,primary,唐五代人交往詩索引,438,P,2,"[{""source_table"": ""ASSOC_DATA"", ""c_source"": ""40303"", ""c_pages"": ""359"", ""c_sequence"": """", ""c_text_title"": ""[n/a]"", ""orig_personid"": ""32540"", ""orig_assoc_id"": ""195105"", ""cbdb_assoc_code"": ""438""}, {""source_table"": ""ASSOC_DATA"", ""c_source"": ""40303"", ""c_pages"": ""359"", ""c_sequence"": """", ""c_text_title"": ""[n/a]"", ""orig_personid"": ""195105"", ""orig_assoc_id"": ""32540"", ""cbdb_assoc_code"": ""437""}]",1
195105,93785,SOCIAL,SO_GIFT_POETRY,收到Y的贈詩、文,directed,,,0.5,primary,唐五代人交往詩索引,438,P,2,"[{""source_table"": ""ASSOC_DATA"", ""c_source"": ""40303"", ""c_pages"": ""359"", ""c_sequence"": """", ""c_text_title"": ""[n/a]"", ""orig_personid"": ""93785"", ""orig_assoc_id"": ""195105"", ""cbdb_assoc_code"": ""438""}, {""source_table"": ""ASSOC_DATA"", ""c_source"": ""40303"", ""c_pages"": ""359"", ""c_sequence"": """", ""c_text_title"": ""[n/a]"", ""orig_personid"": ""195105"", ""orig_assoc_id"": ""93785"", ""cbdb_assoc_code"": ""437""}]",1
444817,447292,KIN,K_CHILD,女兒,directed,,,1.0,primary,舊唐書,176,KIN,1,"[{""source_table"": ""KIN_DATA"", ""c_source"": ""4801"", ""c_pages"": ""2171"", ""c_sequence"": """", ""c_text_title"": """", ""orig_personid"": ""444817"", ""orig_assoc_id"": ""447292"", ""cbdb_assoc_code"": ""176""}]",1
447292,444817,KIN,K_PARENT,母,directed,,,1.0,primary,舊唐書,111,KIN,1,"[{""source_table"": ""KIN_DATA"", ""c_source"": ""4801"", ""c_pages"": ""2171"", ""c_sequence"": """", ""c_text_title"": """", ""orig_personid"": ""447292"", ""orig_assoc_id"": ""444817"", ""cbdb_assoc_code"": ""111""}]",0
447419,36130,SOCIAL,SO_GIFT_POETRY,收到Y的贈詩、文,directed,,,0.5,primary,唐五代人交往詩索引,438,P,2,"[{""source_table"": ""ASSOC_DATA"", ""c_source"": ""40303"", ""c_pages"": ""679"", ""c_sequence"": """", ""c_text_title"": ""[n/a]"", ""orig_personid"": ""36130"", ""orig_assoc_id"": ""447419"", ""cbdb_assoc_code"": ""438""}, {""source_table"": ""ASSOC_DATA"", ""c_source"": ""40303"", ""c_pages"": ""679"", ""c_sequence"": """", ""c_text_title"": ""[n/a]"", ""orig_personid"": ""447419"", ""orig_assoc_id"": ""36130"", ""cbdb_assoc_code"": ""437""}]",1
447419,92147,SOCIAL,SO_GIFT_POETRY,收到Y的贈詩、文,directed,,,0.5,primary,唐五代人交往詩索引,438,P,2,"[{""source_table"": ""ASSOC_DATA"", ""c_source"": ""40303"", ""c_pages"": ""680"", ""c_sequence"": """", ""c_text_title"": ""[n/a]"", ""orig_personid"": ""92147"", ""orig_assoc_id"": ""447419"", ""cbdb_assoc_code"": ""438""}, {""source_table"": ""ASSOC_DATA"", ""c_source"": ""40303"", ""c_pages"": ""680"", ""c_sequence"": """", ""c_text_title"": ""[n/a]"", ""orig_personid"": ""447419"", ""orig_assoc_id"": ""92147"", ""cbdb_assoc_code"": ""437""}]",1
447419,94227,SOCIAL,SO_GIFT_POETRY,收到Y的贈詩、文,directed,,,0.5,primary,唐五代人交往詩索引,438,P,2,"[{""source_table"": ""ASSOC_DATA"", ""c_source"": ""40303"", ""c_pages"": ""679"", ""c_sequence"": """", ""c_text_title"": ""[n/a]"", ""orig_personid"": ""94227"", ""orig_assoc_id"": ""447419"", ""cbdb_assoc_code"": ""438""}, {""source_table"": ""ASSOC_DATA"", ""c_source"": ""40303"", ""c_pages"": ""679"", ""c_sequence"": """", ""c_text_title"": ""[n/a]"", ""orig_personid"": ""447419"", ""orig_assoc_id"": ""94227"", ""cbdb_assoc_code"": ""437""}]",1
447567,15161,SOCIAL,SO_GIFT_POETRY,收到Y的贈詩、文,directed,,,0.5,primary,唐五代人交往詩索引,438,P,2,"[{""source_table"": ""ASSOC_DATA"", ""c_source"": ""40303"", ""c_pages"": ""708"", ""c_sequence"": """", ""c_text_title"": ""[n/a]"", ""orig_personid"": ""15161"", ""orig_assoc_id"": ""447567"", ""cbdb_assoc_code"": ""438""}, {""source_table"": ""ASSOC_DATA"", ""c_source"": ""40303"", ""c_pages"": ""708"", ""c_sequence"": """", ""c_text_title"": ""[n/a]"", ""orig_personid"": ""447567"", ""orig_assoc_id"": ""15161"", ""cbdb_assoc_code"": ""437""}]",1
447567,21751,SOCIAL,SO_GIFT_POETRY,收到Y的贈詩、文,directed,,,0.5,primary,唐五代人交往詩索引,438,P,2,"[{""source_table"": ""ASSOC_DATA"", ""c_source"": ""40303"", ""c_pages"": ""711"", ""c_sequence"": """", ""c_text_title"": ""[n/a]"", ""orig_personid"": ""21751"", ""orig_assoc_id"": ""447567"", ""cbdb_assoc_code"": ""438""}, {""source_table"": ""ASSOC_DATA"", ""c_source"": ""40303"", ""c_pages"": ""711"", ""c_sequence"": """", ""c_text_title"": ""[n/a]"", ""orig_personid"": ""447567"", ""orig_assoc_id"": ""21751"", ""cbdb_assoc_code"": ""437""}]",0
447567,32985,SOCIAL,SO_GIFT_POETRY,收到Y的贈詩、文,directed,,,0.5,primary,唐五代人交往詩索引,438,P,2,"[{""source_table"": ""ASSOC_DATA"", ""c_source"": ""40303"", ""c_pages"": ""711"", ""c_sequence"": """", ""c_text_title"": ""[n/a]"", ""orig_personid"": ""32985"", ""orig_assoc_id"": ""447567"", ""cbdb_assoc_code"": ""438""}, {""source_table"": ""ASSOC_DATA"", ""c_source"": ""40303"", ""c_pages"": ""711"", ""c_sequence"": """", ""c_text_title"": ""[n/a]"", ""orig_personid"": ""447567"", ""orig_assoc_id"": ""32985"", ""cbdb_assoc_code"": ""437""}]",1
447567,33606,SOCIAL,SO_GIFT_POETRY,收到Y的贈詩、文,directed,,,0.5,primary,唐五代人交往詩索引,438,P,2,"[{""source_table"": ""ASSOC_DATA"", ""c_source"": ""40303"", ""c_pages"": ""711"", ""c_sequence"": """", ""c_text_title"": ""[n/a]"", ""orig_personid"": ""33606"", ""orig_assoc_id"": ""447567"", ""cbdb_assoc_code"": ""438""}, {""source_table"": ""ASSOC_DATA"", ""c_source"": ""40303"", ""c_pages"": ""711"", ""c_sequence"": """", ""c_text_title"": ""[n/a]"", ""orig_personid"": ""447567"", ""orig_assoc_id"": ""33606"", ""cbdb_assoc_code"": ""437""}]",1
448874,33649,SOCIAL,SO_GIFT_POETRY,收到Y的贈詩、文,directed,,,0.5,primary,唐五代人交往詩索引,438,P,2,"[{""source_table"": ""ASSOC_DATA"", ""c_source"": ""40303"", ""c_pages"": ""1074"", ""c_sequence"": """", ""c_text_title"": ""[n/a]"", ""orig_personid"": ""33649"", ""orig_assoc_id"": ""448874"", ""cbdb_assoc_code"": ""438""}, {""source_table"": ""ASSOC_DATA"", ""c_source"": ""40303"", ""c_pages"": ""1074"", ""c_sequence"": """", ""c_text_title"": ""[n/a]"", ""orig_personid"": ""448874"", ""orig_assoc_id"": ""33649"", ""cbdb_assoc_code"": ""437""}]",1
448874,93246,SOCIAL,SO_GIFT_POETRY,收到Y的贈詩、文,directed,,,0.5,primary,唐五代人交往詩索引,438,P,2,"[{""source_table"": ""ASSOC_DATA"", ""c_source"": ""40303"", ""c_pages"": ""1072"", ""c_sequence"": """", ""c_text_title"": ""[n/a]"", ""orig_personid"": ""93246"", ""orig_assoc_id"": ""448874"", ""cbdb_assoc_code"": ""438""}, {""source_table"": ""ASSOC_DATA"", ""c_source"": ""40303"", ""c_pages"": ""1072"", ""c_sequence"": """", ""c_text_title"": ""[n/a]"", ""orig_personid"": ""448874"", ""orig_assoc_id"": ""93246"", ""cbdb_assoc_code"": ""437""}]",1
448874,94183,SOCIAL,SO_GIFT_POETRY,收到Y的贈詩、文,directed,,,0.5,primary,唐五代人交往詩索引,438,P,2,"[{""source_table"": ""ASSOC_DATA"", ""c_source"": ""40303"", ""c_pages"": ""1074"", ""c_sequence"": """", ""c_text_title"": ""[n/a]"", ""orig_personid"": ""94183"", ""orig_assoc_id"": ""448874"", ""cbdb_assoc_code"": ""438""}, {""source_table"": ""ASSOC_DATA"", ""c_source"": ""40303"", ""c_pages"": ""1074"", ""c_sequence"": """", ""c_text_title"": ""[n/a]"", ""orig_personid"": ""448874"", ""orig_assoc_id"": ""94183"", ""cbdb_assoc_code"": ""437""}]",1
450316,94160,SOCIAL,SO_GIFT_POETRY,收到Y的贈詩、文,directed,,,0.5,primary,唐五代人交往詩索引,438,P,2,"[{""source_table"": ""ASSOC_DATA"", ""c_source"": ""40303"", ""c_pages"": ""1471"", ""c_sequence"": """", ""c_text_title"": ""[n/a]"", ""orig_personid"": ""94160"", ""orig_assoc_id"": ""450316"", ""cbdb_assoc_code"": ""438""}, {""source_table"": ""ASSOC_DATA"", ""c_source"": ""40303"", ""c_pages"": ""1471"", ""c_sequence"": """", ""c_text_title"": ""[n/a]"", ""orig_personid"": ""450316"", ""orig_assoc_id"": ""94160"", ""cbdb_assoc_code"": ""437""}]",1
